comment,commission,entry,fee,magic,order,position_id,price,profit,swap,symbol,ticket,time,time_str,type,volume
Deposit for: 1301214537,0.0,0,0.0,0,0,0,0.0,10000.0,0.0,,725666884,1775961677,2026-04-12 02:41:17,2,0.0
SetCustomBalance,0.0,0,0.0,0,0,0,0.0,-9000.0,0.0,,725666903,1775961714,2026-04-12 02:41:54,2,0.0
test,0.0,0,0.0,0,734305847,734305847,4713.8,0.0,0.0,GOLD.i#,725981145,1776055154,2026-04-13 04:39:14,1,0.01
,0.0,1,0.0,0,734306023,734305847,4714.83,-1.03,0.0,GOLD.i#,725981314,1776055173,2026-04-13 04:39:33,0,0.01
AI-63%,0.0,0,0.0,0,734307290,734307290,4715.2,0.0,0.0,GOLD.i#,725982583,1776055259,2026-04-13 04:40:59,1,0.01
AI-78%,0.0,0,0.0,0,734308380,734308380,74.306,0.0,0.0,SILVER.i#,725983707,1776055311,2026-04-13 04:41:51,1,0.01
,0.0,0,0.0,0,734311161,734311161,4711.11,0.0,0.0,GOLD.i#,725986471,1776055532,2026-04-13 04:45:32,0,0.01
,0.0,0,0.0,0,734311444,734311444,4710.52,0.0,0.0,GOLD.i#,725986754,1776055543,2026-04-13 04:45:43,1,0.01
,0.0,1,0.0,0,734313386,734311161,4717.65,6.54,0.0,GOLD.i#,725988699,1776055733,2026-04-13 04:48:53,1,0.01
,0.0,1,0.0,0,734313606,734307290,4716.15,-0.95,0.0,GOLD.i#,725988922,1776055763,2026-04-13 04:49:23,0,0.01
,0.0,1,0.0,0,734313607,734308380,74.323,-0.85,0.0,SILVER.i#,725988923,1776055763,2026-04-13 04:49:23,0,0.01
,0.0,1,0.0,0,734313608,734311444,4717.01,-6.49,0.0,GOLD.i#,725988925,1776055764,2026-04-13 04:49:24,0,0.01
CT-SELL,0.0,0,0.0,0,734318955,734318955,74.366,0.0,0.0,SILVER.i#,725993873,1776056142,2026-04-13 04:55:42,1,0.01
CT-SELL,0.0,0,0.0,0,734327193,734327193,4723.18,0.0,0.0,GOLD.i#,726001459,1776056703,2026-04-13 05:05:03,1,0.01
,0.0,1,0.0,0,734434564,734327193,4713.8,9.38,0.0,GOLD.i#,726093383,1776066084,2026-04-13 07:41:24,0,0.01
,0.0,1,0.0,0,734434582,734318955,74.331,1.75,0.0,SILVER.i#,726093396,1776066088,2026-04-13 07:41:28,0,0.01
CT-SELL,0.0,0,0.0,0,734437452,734437452,4718.29,0.0,0.0,GOLD.i#,726096224,1776066189,2026-04-13 07:43:09,1,0.01
CT-SELL,0.0,0,0.0,0,734438946,734438946,74.406,0.0,0.0,SILVER.i#,726097722,1776066290,2026-04-13 07:44:50,1,0.01
,0.0,1,0.0,0,734484427,734438946,74.656,-12.5,0.0,SILVER.i#,726142089,1776069992,2026-04-13 08:46:32,0,0.01
CT-SELL,0.0,0,0.0,0,734486683,734486683,74.583,0.0,0.0,SILVER.i#,726144284,1776070108,2026-04-13 08:48:28,1,0.01
,0.0,1,0.0,0,734497857,734437452,4729.3,-11.01,0.0,GOLD.i#,726155599,1776070685,2026-04-13 08:58:05,0,0.01
CT-SELL,0.0,0,0.0,0,734502040,734502040,4724.97,0.0,0.0,GOLD.i#,726159807,1776070835,2026-04-13 09:00:35,1,0.01
,0.0,1,0.0,0,734573112,734502040,4736.97,-12.0,0.0,GOLD.i#,726229666,1776074538,2026-04-13 10:02:18,0,0.01
,0.0,1,0.0,0,734576182,734486683,74.783,-10.0,0.0,SILVER.i#,726232726,1776074601,2026-04-13 10:03:21,0,0.01
CT-SELL,0.0,0,0.0,0,734577504,734577504,4735.93,0.0,0.0,GOLD.i#,726233948,1776074657,2026-04-13 10:04:17,1,0.01
CT-SELL,0.0,0,0.0,0,734577972,734577972,74.723,0.0,0.0,SILVER.i#,726234394,1776074668,2026-04-13 10:04:28,1,0.01
,0.0,1,0.0,0,734649159,734577972,74.928,-10.25,0.0,SILVER.i#,726301971,1776078196,2026-04-13 11:03:16,0,0.01
CT-SELL,0.0,0,0.0,0,734652993,734652993,74.793,0.0,0.0,SILVER.i#,726305785,1776078351,2026-04-13 11:05:51,1,0.01
,0.0,1,0.0,0,734695412,734652993,74.405,19.4,0.0,SILVER.i#,726347371,1776080657,2026-04-13 11:44:17,0,0.01
CT-SELL,0.0,0,0.0,0,734713099,734713099,74.435,0.0,0.0,SILVER.i#,726364025,1776081233,2026-04-13 11:53:53,1,0.01
,0.0,1,0.0,0,734734548,734577504,4716.39,19.54,0.0,GOLD.i#,726385080,1776082268,2026-04-13 12:11:08,0,0.01
CT-SELL,0.0,0,0.0,0,734736776,734736776,4720.06,0.0,0.0,GOLD.i#,726387313,1776082355,2026-04-13 12:12:35,1,0.01
CT-SELL-c72%,0.0,0,0.0,0,734863915,734863915,74.307,0.0,0.0,SILVER.i#,726504029,1776088214,2026-04-13 13:50:14,1,0.01
,0.0,1,0.0,0,734882006,734713099,74.384,2.55,0.0,SILVER.i#,726519795,1776089023,2026-04-13 14:03:43,0,0.01
,0.0,1,0.0,0,734895396,734863915,74.246,3.05,0.0,SILVER.i#,726531957,1776089516,2026-04-13 14:11:56,0,0.01
,0.0,1,0.0,0,734895647,734736776,4721.89,-1.83,0.0,GOLD.i#,726532190,1776089527,2026-04-13 14:12:07,0,0.01
CT-SELL-c62%,0.0,0,0.0,0,734975657,734975657,74.003,0.0,0.0,SILVER.i#,726608229,1776092435,2026-04-13 15:00:35,1,0.01
,0.0,1,0.0,0,734991162,734975657,74.217,-10.7,0.0,SILVER.i#,726623120,1776092916,2026-04-13 15:08:36,0,0.01
CT-SELL-c58%,0.0,0,0.0,0,734992825,734992825,74.158,0.0,0.0,SILVER.i#,726624676,1776092985,2026-04-13 15:09:45,1,0.01
CT-SELL-c55%,0.0,0,0.0,0,735006978,735006978,74.238,0.0,0.0,SILVER.i#,726638745,1776093446,2026-04-13 15:17:26,1,0.01
CT-SELL-c78%,0.0,0,0.0,0,735008275,735008275,74.27,0.0,0.0,SILVER.i#,726639996,1776093502,2026-04-13 15:18:22,1,0.01
CT-SELL-c52%,0.0,0,0.0,0,735026276,735026276,4709.7,0.0,0.0,GOLD.i#,726657389,1776094155,2026-04-13 15:29:15,1,0.01
SCALE1-734992825,0.0,0,0.0,0,735028739,735028739,73.779,0.0,0.0,SILVER.i#,726659835,1776094268,2026-04-13 15:31:08,1,0.01
SCALE1-735006978,0.0,0,0.0,0,735029391,735029391,73.788,0.0,0.0,SILVER.i#,726660486,1776094288,2026-04-13 15:31:28,1,0.01
CT-SELL-c58%,0.0,0,0.0,0,735041468,735041468,4711.93,0.0,0.0,GOLD.i#,726671990,1776094837,2026-04-13 15:40:37,1,0.01
,0.0,1,0.0,0,735051116,735026276,4720.74,-11.04,0.0,GOLD.i#,726681320,1776095219,2026-04-13 15:46:59,0,0.01
,0.0,1,0.0,0,735051125,735041468,4720.97,-9.04,0.0,GOLD.i#,726681329,1776095220,2026-04-13 15:47:00,0,0.01
,0.0,1,0.0,0,735051139,734992825,74.026,6.6,0.0,SILVER.i#,726681340,1776095220,2026-04-13 15:47:00,0,0.01
,0.0,1,0.0,0,735051149,735006978,74.026,10.6,0.0,SILVER.i#,726681350,1776095220,2026-04-13 15:47:00,0,0.01
,0.0,1,0.0,0,735051169,735008275,74.026,12.2,0.0,SILVER.i#,726681369,1776095221,2026-04-13 15:47:01,0,0.01
,0.0,1,0.0,0,735051214,735028739,74.026,-12.35,0.0,SILVER.i#,726681413,1776095222,2026-04-13 15:47:02,0,0.01
,0.0,1,0.0,0,735051227,735029391,74.026,-11.9,0.0,SILVER.i#,726681426,1776095223,2026-04-13 15:47:03,0,0.01
CT-SELL-c48%,0.0,0,0.0,0,735052737,735052737,74.023,0.0,0.0,SILVER.i#,726682956,1776095266,2026-04-13 15:47:46,1,0.01
CT-SELL-c62%,0.0,0,0.0,0,735055144,735055144,74.03,0.0,0.0,SILVER.i#,726685370,1776095347,2026-04-13 15:49:07,1,0.01
CT-SELL-c61%,0.0,0,0.0,0,735071240,735071240,73.973,0.0,0.0,SILVER.i#,726700968,1776096000,2026-04-13 16:00:00,1,0.01
,0.0,1,0.0,0,735073567,735052737,74.134,-5.55,0.0,SILVER.i#,726703313,1776096017,2026-04-13 16:00:17,0,0.01
,0.0,1,0.0,0,735073577,735055144,74.133,-5.15,0.0,SILVER.i#,726703324,1776096018,2026-04-13 16:00:18,0,0.01
,0.0,1,0.0,0,735073592,735071240,74.129,-7.8,0.0,SILVER.i#,726703339,1776096018,2026-04-13 16:00:18,0,0.01
CT-SELL-c54%,0.0,0,0.0,0,735078009,735078009,74.011,0.0,0.0,SILVER.i#,726707783,1776096127,2026-04-13 16:02:07,1,0.01
CT-SELL-c52%,0.0,0,0.0,0,735085672,735085672,73.906,0.0,0.0,SILVER.i#,726715291,1776096333,2026-04-13 16:05:33,1,0.01
,0.0,1,0.0,0,735086245,735078009,73.97,2.05,0.0,SILVER.i#,726715871,1776096350,2026-04-13 16:05:50,0,0.01
CT-SELL-c55%,0.0,0,0.0,0,735089901,735089901,73.921,0.0,0.0,SILVER.i#,726719559,1776096525,2026-04-13 16:08:45,1,0.01
CT-SELL-c62%,0.0,0,0.0,0,735091110,735091110,73.916,0.0,0.0,SILVER.i#,726720783,1776096588,2026-04-13 16:09:48,1,0.01
,0.0,1,0.0,0,735099947,735085672,74.089,-9.15,0.0,SILVER.i#,726729790,1776096830,2026-04-13 16:13:50,0,0.01
,0.0,1,0.0,0,735099950,735089901,74.089,-8.4,0.0,SILVER.i#,726729793,1776096831,2026-04-13 16:13:51,0,0.01
,0.0,1,0.0,0,735099953,735091110,74.088,-8.6,0.0,SILVER.i#,726729796,1776096831,2026-04-13 16:13:51,0,0.01
CT-SELL-c58%,0.0,0,0.0,0,735105226,735105226,73.962,0.0,0.0,SILVER.i#,726734873,1776097037,2026-04-13 16:17:17,1,0.01
CT-SELL-c60%,0.0,0,0.0,0,735106194,735106194,4733.46,0.0,0.0,GOLD.i#,726735866,1776097085,2026-04-13 16:18:05,1,0.01
CT-SELL-c55%,0.0,0,0.0,0,735107513,735107513,73.968,0.0,0.0,SILVER.i#,726737178,1776097143,2026-04-13 16:19:03,1,0.01
,0.0,1,0.0,0,735115398,735105226,74.12,-7.9,0.0,SILVER.i#,726744945,1776097395,2026-04-13 16:23:15,0,0.01
,0.0,1,0.0,0,735115402,735107513,74.12,-7.6,0.0,SILVER.i#,726744949,1776097395,2026-04-13 16:23:15,0,0.01
CT-SELL-c58%,0.0,0,0.0,0,735116784,735116784,74.114,0.0,0.0,SILVER.i#,726746343,1776097445,2026-04-13 16:24:05,1,0.01
,0.0,1,0.0,0,735129418,735116784,74.247,-6.65,0.0,SILVER.i#,726758426,1776097943,2026-04-13 16:32:23,0,0.01
,0.0,1,0.0,0,735176452,735106194,4734.67,-1.21,0.0,GOLD.i#,726804945,1776099089,2026-04-13 16:51:29,0,0.01
CT-SELL-c62%,0.0,0,0.0,0,735248586,735248586,74.062,0.0,0.0,SILVER.i#,726875692,1776101281,2026-04-13 17:28:01,1,0.01
,0.0,1,0.0,0,735267554,735248586,74.175,-5.65,0.0,SILVER.i#,726894111,1776101804,2026-04-13 17:36:44,0,0.01
CT-SELL-c75%,0.0,0,0.0,0,735287266,735287266,74.007,0.0,0.0,SILVER.i#,726913755,1776102564,2026-04-13 17:49:24,1,0.01
,0.0,1,0.0,0,735287632,735287266,74.066,-2.95,0.0,SILVER.i#,726914111,1776102582,2026-04-13 17:49:42,0,0.01
CT-SELL-c77%,0.0,0,0.0,0,735296315,735296315,73.935,0.0,0.0,SILVER.i#,726922681,1776102878,2026-04-13 17:54:38,1,0.01
CT-SELL-c78%,0.0,0,0.0,0,735299857,735299857,74.002,0.0,0.0,SILVER.i#,726926199,1776103000,2026-04-13 17:56:40,1,0.01
,0.0,1,0.0,0,735300282,735296315,74.018,-4.15,0.0,SILVER.i#,726926623,1776103018,2026-04-13 17:56:58,0,0.01
CT-SELL-c77%,0.0,0,0.0,0,735300515,735300515,73.978,0.0,0.0,SILVER.i#,726926862,1776103032,2026-04-13 17:57:12,1,0.01
[sl 74.040],0.0,1,0.0,0,735300807,735300515,74.048,-3.5,0.0,SILVER.i#,726927126,1776103047,2026-04-13 17:57:27,0,0.01
,0.0,1,0.0,0,735300896,735299857,74.032,-1.5,0.0,SILVER.i#,726927202,1776103051,2026-04-13 17:57:31,0,0.01
CT-SELL-c72%,0.0,0,0.0,0,735310770,735310770,73.905,0.0,0.0,SILVER.i#,726936880,1776103379,2026-04-13 18:02:59,1,0.01
CT-SELL-c78%,0.0,0,0.0,0,735311020,735311020,73.925,0.0,0.0,SILVER.i#,726937127,1776103383,2026-04-13 18:03:03,1,0.01
,0.0,1,0.0,0,735332565,735310770,73.932,-1.35,0.0,SILVER.i#,726958617,1776103810,2026-04-13 18:10:10,0,0.01
,0.0,1,0.0,0,735332577,735311020,73.934,-0.45,0.0,SILVER.i#,726958629,1776103811,2026-04-13 18:10:11,0,0.01
CT-SELL-c83%,0.0,0,0.0,0,735340557,735340557,73.928,0.0,0.0,SILVER.i#,726966564,1776104021,2026-04-13 18:13:41,1,0.01
,0.0,1,0.0,0,735341174,735340557,73.962,-1.7,0.0,SILVER.i#,726967180,1776104037,2026-04-13 18:13:57,0,0.01
CT-SELL-c64%,0.0,0,0.0,0,735348270,735348270,73.986,0.0,0.0,SILVER.i#,726974229,1776104336,2026-04-13 18:18:56,1,0.01
,0.0,1,0.0,0,735348868,735348270,74.049,-3.15,0.0,SILVER.i#,726974830,1776104352,2026-04-13 18:19:12,0,0.01
CT-SELL-c64%,0.0,0,0.0,0,735352377,735352377,73.97,0.0,0.0,SILVER.i#,726978298,1776104491,2026-04-13 18:21:31,1,0.01
[sl 74.070],0.0,1,0.0,0,735353135,735352377,74.072,-5.1,0.0,SILVER.i#,726979049,1776104551,2026-04-13 18:22:31,0,0.01
CT-SELL-c64%,0.0,0,0.0,0,735357855,735357855,73.953,0.0,0.0,SILVER.i#,726983829,1776104757,2026-04-13 18:25:57,1,0.01
,0.0,1,0.0,0,735358211,735357855,73.998,-2.25,0.0,SILVER.i#,726984190,1776104774,2026-04-13 18:26:14,0,0.01
CT-SELL-c64%,0.0,0,0.0,0,735360854,735360854,73.912,0.0,0.0,SILVER.i#,726986850,1776104919,2026-04-13 18:28:39,1,0.01
,0.0,1,0.0,0,735361068,735360854,73.94,-1.4,0.0,SILVER.i#,726987061,1776104935,2026-04-13 18:28:55,0,0.01
CT-SELL-c64%,0.0,0,0.0,0,735364052,735364052,73.844,0.0,0.0,SILVER.i#,726990020,1776105098,2026-04-13 18:31:38,1,0.01
,0.0,1,0.0,0,735364221,735364052,73.894,-2.5,0.0,SILVER.i#,726990193,1776105115,2026-04-13 18:31:55,0,0.01
CT-BUY-c71%,0.0,0,0.0,0,735365745,735365745,4705.2,0.0,0.0,GOLD.i#,726991720,1776105176,2026-04-13 18:32:56,0,0.01
[tp 4710.11],0.0,1,0.0,0,735369196,735365745,4710.23,5.03,0.0,GOLD.i#,726995179,1776105301,2026-04-13 18:35:01,1,0.01
CT-BUY-c71%,0.0,0,0.0,0,735371131,735371131,4710.54,0.0,0.0,GOLD.i#,726997142,1776105379,2026-04-13 18:36:19,0,0.01
[tp 4715.19],0.0,1,0.0,0,735374686,735371131,4715.19,4.65,0.0,GOLD.i#,727000627,1776105497,2026-04-13 18:38:17,1,0.01
CT-BUY-c69%,0.0,0,0.0,0,735389947,735389947,4713.95,0.0,0.0,GOLD.i#,727015714,1776106220,2026-04-13 18:50:20,0,0.01
[sl 4709.99],0.0,1,0.0,0,735407358,735389947,4709.71,-4.24,0.0,GOLD.i#,727033070,1776107118,2026-04-13 19:05:18,1,0.01
CT-SELL-c87%,0.0,0,0.0,0,735476111,735476111,75.591,0.0,0.0,SILVER.i#,727099830,1776109387,2026-04-13 19:43:07,1,0.01
,0.0,1,0.0,0,735479615,735476111,75.708,-5.85,0.0,SILVER.i#,727103306,1776109495,2026-04-13 19:44:55,0,0.01
CT-SELL-c87%,0.0,0,0.0,0,735482173,735482173,75.556,0.0,0.0,SILVER.i#,727105804,1776109578,2026-04-13 19:46:18,1,0.01
,0.0,1,0.0,0,735482578,735482173,75.601,-2.25,0.0,SILVER.i#,727106210,1776109595,2026-04-13 19:46:35,0,0.01
CT-SELL-c87%,0.0,0,0.0,0,735492504,735492504,75.451,0.0,0.0,SILVER.i#,727115862,1776109827,2026-04-13 19:50:27,1,0.01
,0.0,1,0.0,0,735493202,735492504,75.533,-4.1,0.0,SILVER.i#,727116566,1776109843,2026-04-13 19:50:43,0,0.01
CT-SELL-c87%,0.0,0,0.0,0,735495651,735495651,75.503,0.0,0.0,SILVER.i#,727118979,1776109900,2026-04-13 19:51:40,1,0.01
,0.0,1,0.0,0,735496128,735495651,75.527,-1.2,0.0,SILVER.i#,727119453,1776109917,2026-04-13 19:51:57,0,0.01
CT-SELL-c87%,0.0,0,0.0,0,735499939,735499939,75.331,0.0,0.0,SILVER.i#,727123283,1776110062,2026-04-13 19:54:22,1,0.01
,0.0,1,0.0,0,735500232,735499939,75.392,-3.05,0.0,SILVER.i#,727123504,1776110078,2026-04-13 19:54:38,0,0.01
CT-SELL-c87%,0.0,0,0.0,0,735501213,735501213,75.228,0.0,0.0,SILVER.i#,727124454,1776110148,2026-04-13 19:55:48,1,0.01
,0.0,1,0.0,0,735503958,735501213,75.36,-6.6,0.0,SILVER.i#,727127199,1776110247,2026-04-13 19:57:27,0,0.01
CT-SELL-c87%,0.0,0,0.0,0,735509442,735509442,75.402,0.0,0.0,SILVER.i#,727132661,1776110462,2026-04-13 20:01:02,1,0.01
,0.0,1,0.0,0,735509720,735509442,75.465,-3.15,0.0,SILVER.i#,727132935,1776110479,2026-04-13 20:01:19,0,0.01
CT-SELL-c75%,0.0,0,0.0,0,735510807,735510807,4735.45,0.0,0.0,GOLD.i#,727134019,1776110539,2026-04-13 20:02:19,1,0.01
[sl 4736.54],0.0,1,0.0,0,735510902,735510807,4736.73,-1.28,0.0,GOLD.i#,727134117,1776110546,2026-04-13 20:02:26,0,0.01
CT-SELL-c87%,0.0,0,0.0,0,735511629,735511629,75.409,0.0,0.0,SILVER.i#,727134846,1776110575,2026-04-13 20:02:55,1,0.01
,0.0,1,0.0,0,735512041,735511629,75.469,-3.0,0.0,SILVER.i#,727135254,1776110591,2026-04-13 20:03:11,0,0.01
CT-SELL-c75%,0.0,0,0.0,0,735514142,735514142,4737.93,0.0,0.0,GOLD.i#,727137369,1776110692,2026-04-13 20:04:52,1,0.01
CT-SELL-c87%,0.0,0,0.0,0,735514505,735514505,75.354,0.0,0.0,SILVER.i#,727137726,1776110719,2026-04-13 20:05:19,1,0.01
,0.0,1,0.0,0,735514638,735514505,75.396,-2.1,0.0,SILVER.i#,727137856,1776110735,2026-04-13 20:05:35,0,0.01
[tp 4733.29],0.0,1,0.0,0,735516130,735514142,4733.24,4.6899999999999995,0.0,GOLD.i#,727139366,1776110791,2026-04-13 20:06:31,0,0.01
CT-SELL-c87%,0.0,0,0.0,0,735519241,735519241,75.2,0.0,0.0,SILVER.i#,727142451,1776110863,2026-04-13 20:07:43,1,0.01
,0.0,1,0.0,0,735520272,735519241,75.23,-1.5,0.0,SILVER.i#,727143454,1776110879,2026-04-13 20:07:59,0,0.01
CT-SELL-c87%,0.0,0,0.0,0,735523810,735523810,75.285,0.0,0.0,SILVER.i#,727146830,1776111013,2026-04-13 20:10:13,1,0.01
[sl 75.340],0.0,1,0.0,0,735523814,735523810,75.343,-2.9,0.0,SILVER.i#,727146834,1776111013,2026-04-13 20:10:13,0,0.01
CT-SELL-c75%,0.0,0,0.0,0,735525817,735525817,4731.03,0.0,0.0,GOLD.i#,727148853,1776111142,2026-04-13 20:12:22,1,0.01
CT-SELL-c87%,0.0,0,0.0,0,735526327,735526327,75.338,0.0,0.0,SILVER.i#,727149373,1776111174,2026-04-13 20:12:54,1,0.01
,0.0,1,0.0,0,735526683,735526327,75.392,-2.7,0.0,SILVER.i#,727149728,1776111191,2026-04-13 20:13:11,0,0.01
CT-SELL-c75%,0.0,0,0.0,0,735527432,735527432,4729.88,0.0,0.0,GOLD.i#,727150473,1776111250,2026-04-13 20:14:10,1,0.01
,0.0,1,0.0,0,735529393,735525817,4732.46,-1.43,0.0,GOLD.i#,727152366,1776111406,2026-04-13 20:16:46,0,0.01
,0.0,1,0.0,0,735529441,735527432,4732.49,-2.61,0.0,GOLD.i#,727152414,1776111406,2026-04-13 20:16:46,0,0.01
CT-SELL-c87%,0.0,0,0.0,0,735531132,735531132,75.455,0.0,0.0,SILVER.i#,727154128,1776111470,2026-04-13 20:17:50,1,0.01
,0.0,1,0.0,0,735531885,735531132,75.52,-3.25,0.0,SILVER.i#,727154883,1776111486,2026-04-13 20:18:06,0,0.01
CT-SELL-c87%,0.0,0,0.0,0,735537795,735537795,75.53,0.0,0.0,SILVER.i#,727160785,1776111647,2026-04-13 20:20:47,1,0.01
,0.0,1,0.0,0,735538312,735537795,75.587,-2.85,0.0,SILVER.i#,727161300,1776111664,2026-04-13 20:21:04,0,0.01
CT-SELL-c87%,0.0,0,0.0,0,735540441,735540441,75.566,0.0,0.0,SILVER.i#,727163442,1776111747,2026-04-13 20:22:27,1,0.01
,0.0,1,0.0,0,735541819,735540441,75.633,-3.35,0.0,SILVER.i#,727164830,1776111763,2026-04-13 20:22:43,0,0.01
CT-SELL-c65%,0.0,0,0.0,0,735548664,735548664,4749.11,0.0,0.0,GOLD.i#,727171652,1776112051,2026-04-13 20:27:31,1,0.01
CT-SELL-c68%,0.0,0,0.0,0,735549481,735549481,75.514,0.0,0.0,SILVER.i#,727172435,1776112070,2026-04-13 20:27:50,1,0.01
,0.0,1,0.0,0,735550063,735549481,75.55,-1.8,0.0,SILVER.i#,727172993,1776112087,2026-04-13 20:28:07,0,0.01
[tp 4743.15],0.0,1,0.0,0,735552003,735548664,4743.12,5.99,0.0,GOLD.i#,727174817,1776112150,2026-04-13 20:29:10,0,0.01
CT-SELL-c72%,0.0,0,0.0,0,735552701,735552701,75.414,0.0,0.0,SILVER.i#,727175499,1776112170,2026-04-13 20:29:30,1,0.01
,0.0,1,0.0,0,735553041,735552701,75.458,-2.2,0.0,SILVER.i#,727175844,1776112186,2026-04-13 20:29:46,0,0.01
CT-SELL-c68%,0.0,0,0.0,0,735566826,735566826,75.354,0.0,0.0,SILVER.i#,727189641,1776112890,2026-04-13 20:41:30,1,0.01
,0.0,1,0.0,0,735566970,735566826,75.406,-2.6,0.0,SILVER.i#,727189782,1776112906,2026-04-13 20:41:46,0,0.01
CT-SELL-c65%,0.0,0,0.0,0,735577325,735577325,75.317,0.0,0.0,SILVER.i#,727200082,1776113501,2026-04-13 20:51:41,1,0.01
,0.0,1,0.0,0,735577555,735577325,75.377,-3.0,0.0,SILVER.i#,727200308,1776113517,2026-04-13 20:51:57,0,0.01
CT-SELL-c72%,0.0,0,0.0,0,735583301,735583301,75.253,0.0,0.0,SILVER.i#,727205901,1776113762,2026-04-13 20:56:02,1,0.01
,0.0,1,0.0,0,735583523,735583301,75.291,-1.9,0.0,SILVER.i#,727206126,1776113778,2026-04-13 20:56:18,0,0.01
CT-SELL-c65%,0.0,0,0.0,0,735585967,735585967,75.182,0.0,0.0,SILVER.i#,727208575,1776113933,2026-04-13 20:58:53,1,0.01
,0.0,1,0.0,0,735586142,735585967,75.245,-3.15,0.0,SILVER.i#,727208748,1776113949,2026-04-13 20:59:09,0,0.01
CT-SELL-c65%,0.0,0,0.0,0,735588230,735588230,75.26,0.0,0.0,SILVER.i#,727210805,1776114056,2026-04-13 21:00:56,1,0.01
,0.0,1,0.0,0,735588454,735588230,75.299,-1.95,0.0,SILVER.i#,727211030,1776114073,2026-04-13 21:01:13,0,0.01
CT-SELL-c65%,0.0,0,0.0,0,735591170,735591170,75.312,0.0,0.0,SILVER.i#,727213765,1776114269,2026-04-13 21:04:29,1,0.01
,0.0,1,0.0,0,735591307,735591170,75.329,-0.85,0.0,SILVER.i#,727213899,1776114286,2026-04-13 21:04:46,0,0.01
CT-SELL-c65%,0.0,0,0.0,0,735594512,735594512,75.216,0.0,0.0,SILVER.i#,727217116,1776114478,2026-04-13 21:07:58,1,0.01
,0.0,1,0.0,0,735594690,735594512,75.275,-2.95,0.0,SILVER.i#,727217296,1776114495,2026-04-13 21:08:15,0,0.01
CT-SELL-c65%,0.0,0,0.0,0,735597984,735597984,75.092,0.0,0.0,SILVER.i#,727220604,1776114717,2026-04-13 21:11:57,1,0.01
,0.0,1,0.0,0,735598098,735597984,75.16,-3.4,0.0,SILVER.i#,727220719,1776114733,2026-04-13 21:12:13,0,0.01
CT-SELL-c72%,0.0,0,0.0,0,735600005,735600005,75.034,0.0,0.0,SILVER.i#,727222638,1776114868,2026-04-13 21:14:28,1,0.01
,0.0,1,0.0,0,735600145,735600005,75.071,-1.85,0.0,SILVER.i#,727222777,1776114884,2026-04-13 21:14:44,0,0.01
CT-SELL-c68%,0.0,0,0.0,0,735604003,735604003,74.983,0.0,0.0,SILVER.i#,727226654,1776115071,2026-04-13 21:17:51,1,0.01
,0.0,1,0.0,0,735604170,735604003,75.01,-1.35,0.0,SILVER.i#,727226815,1776115088,2026-04-13 21:18:08,0,0.01
CT-SELL-c65%,0.0,0,0.0,0,735608695,735608695,75.018,0.0,0.0,SILVER.i#,727231333,1776115344,2026-04-13 21:22:24,1,0.01
,0.0,1,0.0,0,735608854,735608695,75.082,-3.2,0.0,SILVER.i#,727231491,1776115360,2026-04-13 21:22:40,0,0.01
CT-SELL-c68%,0.0,0,0.0,0,735611267,735611267,75.027,0.0,0.0,SILVER.i#,727233918,1776115575,2026-04-13 21:26:15,1,0.01
,0.0,1,0.0,0,735611411,735611267,75.076,-2.45,0.0,SILVER.i#,727234065,1776115591,2026-04-13 21:26:31,0,0.01
CT-SELL-c72%,0.0,0,0.0,0,735614305,735614305,75.07,0.0,0.0,SILVER.i#,727236990,1776115755,2026-04-13 21:29:15,1,0.01
,0.0,1,0.0,0,735614461,735614305,75.106,-1.8,0.0,SILVER.i#,727237143,1776115771,2026-04-13 21:29:31,0,0.01
CT-SELL-c65%,0.0,0,0.0,0,735616143,735616143,75.079,0.0,0.0,SILVER.i#,727238821,1776115884,2026-04-13 21:31:24,1,0.01
,0.0,1,0.0,0,735616617,735616143,75.143,-3.2,0.0,SILVER.i#,727239305,1776115901,2026-04-13 21:31:41,0,0.01
CT-SELL-c68%,0.0,0,0.0,0,735620818,735620818,75.29,0.0,0.0,SILVER.i#,727243533,1776116160,2026-04-13 21:36:00,1,0.01
,0.0,1,0.0,0,735620955,735620818,75.35,-3.0,0.0,SILVER.i#,727243671,1776116177,2026-04-13 21:36:17,0,0.01
CT-SELL-c65%,0.0,0,0.0,0,735623070,735623070,75.244,0.0,0.0,SILVER.i#,727245717,1776116362,2026-04-13 21:39:22,1,0.01
,0.0,1,0.0,0,735623407,735623070,75.291,-2.35,0.0,SILVER.i#,727246048,1776116402,2026-04-13 21:40:02,0,0.01
CT-SELL-c68%,0.0,0,0.0,0,735651720,735651720,75.453,0.0,0.0,SILVER.i#,727274467,1776118782,2026-04-13 22:19:42,1,0.01
,0.0,1,0.0,0,735651871,735651720,75.501,-2.4,0.0,SILVER.i#,727274620,1776118798,2026-04-13 22:19:58,0,0.01
CT-SELL-c65%,0.0,0,0.0,0,735652165,735652165,4738.14,0.0,0.0,GOLD.i#,727274923,1776118828,2026-04-13 22:20:28,1,0.01
,0.0,1,0.0,0,735652895,735652165,4738.85,-0.71,0.0,GOLD.i#,727275673,1776118892,2026-04-13 22:21:32,0,0.01
CT-SELL-c68%,0.0,0,0.0,0,735653779,735653779,4740.44,0.0,0.0,GOLD.i#,727276586,1776118923,2026-04-13 22:22:03,1,0.01
,0.0,1,0.0,0,735654810,735653779,4741.19,-0.75,0.0,GOLD.i#,727277626,1776118993,2026-04-13 22:23:13,0,0.01
CT-SELL-c65%,0.0,0,0.0,0,735657637,735657637,75.555,0.0,0.0,SILVER.i#,727280465,1776119197,2026-04-13 22:26:37,1,0.01
,0.0,1,0.0,0,735657826,735657637,75.6,-2.25,0.0,SILVER.i#,727280654,1776119213,2026-04-13 22:26:53,0,0.01
CT-SELL-c68%,0.0,0,0.0,0,735701788,735701788,75.492,0.0,0.0,SILVER.i#,727324659,1776123232,2026-04-13 23:33:52,1,0.02
,0.0,1,0.0,0,735701866,735701788,75.524,-3.2,0.0,SILVER.i#,727324741,1776123248,2026-04-13 23:34:08,0,0.02
CT-SELL-c68%,0.0,0,0.0,0,735703300,735703300,4739.54,0.0,0.0,GOLD.i#,727326179,1776123488,2026-04-13 23:38:08,1,0.01
,0.0,1,0.0,0,735703973,735703300,4739.38,0.16,0.0,GOLD.i#,727326852,1776123623,2026-04-13 23:40:23,0,0.01
CT-SELL-c72%,0.0,0,0.0,0,735706310,735706310,4740.28,0.0,0.0,GOLD.i#,727329233,1776124046,2026-04-13 23:47:26,1,0.01
CT-SELL-c65%,0.0,0,0.0,0,735707158,735707158,75.544,0.0,0.0,SILVER.i#,727330080,1776124170,2026-04-13 23:49:30,1,0.01
,0.0,1,0.0,0,735707309,735707158,75.594,-2.5,0.0,SILVER.i#,727330231,1776124187,2026-04-13 23:49:47,0,0.01
,0.0,1,0.0,0,735709609,735706310,4740.94,-0.66,0.0,GOLD.i#,727332543,1776124500,2026-04-13 23:55:00,0,0.01
CT-SELL-c68%,0.0,0,0.0,0,735768968,735768968,75.657,0.0,0.0,SILVER.i#,727395882,1776133965,2026-04-14 02:32:45,1,0.01
,0.0,1,0.0,0,735769430,735768968,75.72,-3.15,0.0,SILVER.i#,727396336,1776133981,2026-04-14 02:33:01,0,0.01
CT-SELL-c67%,0.0,0,0.0,0,735784621,735784621,75.555,0.0,0.0,SILVER.i#,727411015,1776136267,2026-04-14 03:11:07,1,0.01
,0.0,1,0.0,0,735785875,735784621,75.639,-4.2,0.0,SILVER.i#,727412259,1776136452,2026-04-14 03:14:12,0,0.01
CT-SELL-c68%,0.0,0,0.0,0,735910547,735910547,76.891,0.0,0.0,SILVER.i#,727535675,1776150928,2026-04-14 07:15:28,1,0.01
,0.0,1,0.0,0,735910593,735910547,76.95,-2.95,0.0,SILVER.i#,727535719,1776150945,2026-04-14 07:15:45,0,0.01
CT-SELL-c58%,0.0,0,0.0,0,736150665,736150665,4780.39,0.0,0.0,GOLD.i#,727773561,1776165557,2026-04-14 11:19:17,1,0.02
,0.0,1,0.0,0,736153237,736150665,4778.14,4.5,0.0,GOLD.i#,727776079,1776165756,2026-04-14 11:22:36,0,0.02
CT-BUY-c57%,0.0,0,0.0,0,736178212,736178212,4785.02,0.0,0.0,GOLD.i#,727800981,1776167054,2026-04-14 11:44:14,0,0.03
,0.0,1,0.0,0,736184255,736178212,4782.85,-6.51,0.0,GOLD.i#,727806711,1776167437,2026-04-14 11:50:37,1,0.03
,0.0,0,0.0,0,736282396,736282396,4782.24,0.0,0.0,GOLD.i#,727903457,1776172276,2026-04-14 13:11:16,0,0.01
,0.0,1,0.0,0,736282536,736282396,4782.25,0.01,0.0,GOLD.i#,727903598,1776172293,2026-04-14 13:11:33,1,0.01
CT-BUY-c58%,0.0,0,0.0,0,736622919,736622919,4795.89,0.0,0.0,GOLD.i#,728239363,1776186000,2026-04-14 17:00:00,0,0.03
[tp 4800.41],0.0,1,0.0,0,736625078,736622919,4800.77,14.64,0.0,GOLD.i#,728241571,1776186035,2026-04-14 17:00:35,1,0.03
CT-BUY-c61%,0.0,0,0.0,0,736631379,736631379,4802.25,0.0,0.0,GOLD.i#,728247876,1776186173,2026-04-14 17:02:53,0,0.03
[sl 4798.93],0.0,1,0.0,0,736632432,736631379,4796.75,-16.5,0.0,GOLD.i#,728248943,1776186194,2026-04-14 17:03:14,1,0.03
CT-BUY-c58%,0.0,0,0.0,0,736643133,736643133,4795.49,0.0,0.0,GOLD.i#,728259228,1776186457,2026-04-14 17:07:37,0,0.03
,0.0,1,0.0,0,736645155,736643133,4798.39,8.7,0.0,GOLD.i#,728261242,1776186504,2026-04-14 17:08:24,1,0.03
CT-BUY-c61%,0.0,0,0.0,0,736645986,736645986,4798.03,0.0,0.0,GOLD.i#,728262075,1776186533,2026-04-14 17:08:53,0,0.03
,0.0,1,0.0,0,736647892,736645986,4800.9,8.61,0.0,GOLD.i#,728264005,1776186580,2026-04-14 17:09:40,1,0.03
CT-BUY-c61%,0.0,0,0.0,0,736649915,736649915,4801.89,0.0,0.0,GOLD.i#,728265985,1776186617,2026-04-14 17:10:17,0,0.03
,0.0,1,0.0,0,736651281,736649915,4801.03,-2.58,0.0,GOLD.i#,728267354,1776186647,2026-04-14 17:10:47,1,0.03
CT-BUY-c70%,0.0,0,0.0,0,736667831,736667831,4800.62,0.0,0.0,GOLD.i#,728283201,1776187098,2026-04-14 17:18:18,0,0.03
[sl 4798.39],0.0,1,0.0,0,736668455,736667831,4798.37,-6.75,0.0,GOLD.i#,728283828,1776187110,2026-04-14 17:18:30,1,0.03
CT-BUY-c70%,0.0,0,0.0,0,736672926,736672926,4804.27,0.0,0.0,GOLD.i#,728288238,1776187205,2026-04-14 17:20:05,0,0.03
[sl 4801.84],0.0,1,0.0,0,736673806,736672926,4799.88,-13.17,0.0,GOLD.i#,728289126,1776187224,2026-04-14 17:20:24,1,0.03
CT-BUY-c70%,0.0,0,0.0,0,736675583,736675583,4802.2,0.0,0.0,GOLD.i#,728290886,1776187277,2026-04-14 17:21:17,0,0.03
,0.0,1,0.0,0,736678855,736675583,4799.8,-7.2,0.0,GOLD.i#,728293794,1776187413,2026-04-14 17:23:33,1,0.03
CT-SELL-c74%,0.0,0,0.0,0,736693104,736693104,79.016,0.0,0.0,SILVER.i#,728307946,1776187826,2026-04-14 17:30:26,1,0.02
,0.0,1,0.0,0,736693464,736693104,79.039,-2.3,0.0,SILVER.i#,728308295,1776187842,2026-04-14 17:30:42,0,0.02
CT-BUY-c61%,0.0,0,0.0,0,736719189,736719189,4800.57,0.0,0.0,GOLD.i#,728333150,1776188483,2026-04-14 17:41:23,0,0.01
,0.0,1,0.0,0,736723970,736719189,4801.75,1.18,0.0,GOLD.i#,728337919,1776188661,2026-04-14 17:44:21,1,0.01
CT-BUY-c61%,0.0,0,0.0,0,736726047,736726047,4798.53,0.0,0.0,GOLD.i#,728339994,1776188704,2026-04-14 17:45:04,0,0.02
,0.0,1,0.0,0,736727551,736726047,4796.46,-4.14,0.0,GOLD.i#,728341493,1776188733,2026-04-14 17:45:33,1,0.02
CT-SELL-c54%,0.0,0,0.0,0,736730278,736730278,79.0,0.0,0.0,SILVER.i#,728344241,1776188832,2026-04-14 17:47:12,1,0.02
,0.0,1,0.0,0,736730601,736730278,79.084,-8.4,0.0,SILVER.i#,728344565,1776188848,2026-04-14 17:47:28,0,0.02
CT-BUY-c70%,0.0,0,0.0,0,736752635,736752635,4799.62,0.0,0.0,GOLD.i#,728366386,1776189643,2026-04-14 18:00:43,0,0.02
[sl 4797.98],0.0,1,0.0,0,736753586,736752635,4797.67,-3.9,0.0,GOLD.i#,728367338,1776189682,2026-04-14 18:01:22,1,0.02
CT-BUY-c70%,0.0,0,0.0,0,736754332,736754332,4799.56,0.0,0.0,GOLD.i#,728368081,1776189706,2026-04-14 18:01:46,0,0.02
,0.0,1,0.0,0,736755541,736754332,4797.66,-3.8,0.0,GOLD.i#,728369258,1776189762,2026-04-14 18:02:42,1,0.02
CT-BUY-c72%,0.0,0,0.0,0,736775533,736775533,4798.09,0.0,0.0,GOLD.i#,728389292,1776190690,2026-04-14 18:18:10,0,0.01
CT-BUY-c68%,0.0,0,0.0,0,736778975,736778975,4800.09,0.0,0.0,GOLD.i#,728392712,1776190835,2026-04-14 18:20:35,0,0.01
,0.0,1,0.0,0,736780014,736775533,4802.62,4.53,0.0,GOLD.i#,728393747,1776190866,2026-04-14 18:21:06,1,0.01
CT-BUY-c65%,0.0,0,0.0,0,736781219,736781219,4804.07,0.0,0.0,GOLD.i#,728394854,1776190898,2026-04-14 18:21:38,0,0.02
[tp 4804.56],0.0,1,0.0,0,736781586,736778975,4804.8,4.71,0.0,GOLD.i#,728395198,1776190907,2026-04-14 18:21:47,1,0.01
CT-BUY-c68%,0.0,0,0.0,0,736784990,736784990,4804.98,0.0,0.0,GOLD.i#,728398444,1776191053,2026-04-14 18:24:13,0,0.02
,0.0,1,0.0,0,736785918,736781219,4803.98,-0.18,0.0,GOLD.i#,728399377,1776191094,2026-04-14 18:24:54,1,0.02
,0.0,1,0.0,0,736785965,736784990,4803.41,-3.14,0.0,GOLD.i#,728399425,1776191096,2026-04-14 18:24:56,1,0.02
CT-BUY-c70%,0.0,0,0.0,0,736807192,736807192,4810.46,0.0,0.0,GOLD.i#,728420780,1776192036,2026-04-14 18:40:36,0,0.02
,0.0,1,0.0,0,736808004,736807192,4809.0,-2.92,0.0,GOLD.i#,728421597,1776192066,2026-04-14 18:41:06,1,0.02
CT-BUY-c60%,0.0,0,0.0,0,736815729,736815729,79.232,0.0,0.0,SILVER.i#,728429305,1776192370,2026-04-14 18:46:10,0,0.02
,0.0,1,0.0,0,736816041,736815729,79.201,-3.1,0.0,SILVER.i#,728429621,1776192386,2026-04-14 18:46:26,1,0.02
CT-BUY-c70%,0.0,0,0.0,0,736831665,736831665,4809.59,0.0,0.0,GOLD.i#,728445168,1776193077,2026-04-14 18:57:57,0,0.01
,0.0,1,0.0,0,736832766,736831665,4807.3,-2.29,0.0,GOLD.i#,728446138,1776193119,2026-04-14 18:58:39,1,0.01
CT-BUY-c63%,0.0,0,0.0,0,736833816,736833816,4807.3,0.0,0.0,GOLD.i#,728447122,1776193147,2026-04-14 18:59:07,0,0.01
CT-BUY-c68%,0.0,0,0.0,0,736837109,736837109,4807.04,0.0,0.0,GOLD.i#,728450388,1776193265,2026-04-14 19:01:05,0,0.01
,0.0,1,0.0,0,736838010,736833816,4805.82,-1.48,0.0,GOLD.i#,728451273,1776193293,2026-04-14 19:01:33,1,0.01
SCALE1-736837109,0.0,0,0.0,0,736839420,736839420,4809.02,0.0,0.0,GOLD.i#,728452672,1776193338,2026-04-14 19:02:18,0,0.01
,0.0,1,0.0,0,736839901,736837109,4810.34,3.3,0.0,GOLD.i#,728453148,1776193365,2026-04-14 19:02:45,1,0.01
[tp 4811.14],0.0,1,0.0,0,736840682,736839420,4811.14,2.12,0.0,GOLD.i#,728453948,1776193436,2026-04-14 19:03:56,1,0.01
CT-BUY-c70%,0.0,0,0.0,0,736855154,736855154,4808.93,0.0,0.0,GOLD.i#,728468117,1776194206,2026-04-14 19:16:46,0,0.02
,0.0,1,0.0,0,736855447,736855154,4808.3,-1.26,0.0,GOLD.i#,728468415,1776194234,2026-04-14 19:17:14,1,0.02
CT-BUY-c61%,0.0,0,0.0,0,736891902,736891902,4815.22,0.0,0.0,GOLD.i#,728504520,1776195919,2026-04-14 19:45:19,0,0.02
,0.0,1,0.0,0,736892602,736891902,4814.02,-2.4,0.0,GOLD.i#,728505226,1776195943,2026-04-14 19:45:43,1,0.02
CT-BUY-c52%,0.0,0,0.0,0,736908168,736908168,4812.19,0.0,0.0,GOLD.i#,728520190,1776196851,2026-04-14 20:00:51,0,0.02
CT-SELL-c68%,0.0,0,0.0,0,736908269,736908269,79.049,0.0,0.0,SILVER.i#,728520289,1776196860,2026-04-14 20:01:00,1,0.02
,0.0,1,0.0,0,736908722,736908269,79.141,-9.2,0.0,SILVER.i#,728520739,1776196879,2026-04-14 20:01:19,0,0.02
,0.0,1,0.0,0,736909414,736908168,4812.86,1.34,0.0,GOLD.i#,728521441,1776196911,2026-04-14 20:01:51,1,0.02
CT-BUY-c52%,0.0,0,0.0,0,736909822,736909822,4813.26,0.0,0.0,GOLD.i#,728521851,1776196922,2026-04-14 20:02:02,0,0.02
,0.0,1,0.0,0,736912562,736909822,4815.32,4.12,0.0,GOLD.i#,728524601,1776197047,2026-04-14 20:04:07,1,0.02
CT-BUY-c61%,0.0,0,0.0,0,736912691,736912691,4816.12,0.0,0.0,GOLD.i#,728524737,1776197059,2026-04-14 20:04:19,0,0.02
,0.0,1,0.0,0,736913881,736912691,4816.09,-0.06,0.0,GOLD.i#,728525867,1776197114,2026-04-14 20:05:14,1,0.02
CT-SELL-c52%,0.0,0,0.0,0,736938023,736938023,79.197,0.0,0.0,SILVER.i#,728549619,1776197798,2026-04-14 20:16:38,1,0.02
,0.0,1,0.0,0,736938344,736938023,79.242,-4.5,0.0,SILVER.i#,728549942,1776197814,2026-04-14 20:16:54,0,0.02
CT-BUY-c70%,0.0,0,0.0,0,736941540,736941540,4827.62,0.0,0.0,GOLD.i#,728553163,1776198039,2026-04-14 20:20:39,0,0.02
,0.0,1,0.0,0,736941727,736941540,4826.7,-1.8399999999999999,0.0,GOLD.i#,728553347,1776198066,2026-04-14 20:21:06,1,0.02
CT-BUY-c53%,0.0,0,0.0,0,736961173,736961173,4831.93,0.0,0.0,GOLD.i#,728572739,1776199059,2026-04-14 20:37:39,0,0.01
[tp 4836.93],0.0,1,0.0,0,736962060,736961173,4837.71,5.78,0.0,GOLD.i#,728573555,1776199116,2026-04-14 20:38:36,1,0.01
CT-BUY-c53%,0.0,0,0.0,0,736965224,736965224,4839.27,0.0,0.0,GOLD.i#,728576854,1776199125,2026-04-14 20:38:45,0,0.01
CT-BUY-c53%,0.0,0,0.0,0,736969868,736969868,4838.58,0.0,0.0,GOLD.i#,728581467,1776199246,2026-04-14 20:40:46,0,0.01
,0.0,1,0.0,0,736971155,736965224,4838.83,-0.44,0.0,GOLD.i#,728582721,1776199307,2026-04-14 20:41:47,1,0.01
,0.0,1,0.0,0,736971170,736969868,4838.89,0.31,0.0,GOLD.i#,728582736,1776199308,2026-04-14 20:41:48,1,0.01
CT-BUY-c53%,0.0,0,0.0,0,736971405,736971405,4838.81,0.0,0.0,GOLD.i#,728582973,1776199319,2026-04-14 20:41:59,0,0.02
,0.0,1,0.0,0,736972083,736971405,4837.7,-2.22,0.0,GOLD.i#,728583639,1776199346,2026-04-14 20:42:26,1,0.02
CT-BUY-c70%,0.0,0,0.0,0,736985020,736985020,4835.74,0.0,0.0,GOLD.i#,728596575,1776200270,2026-04-14 20:57:50,0,0.02
,0.0,1,0.0,0,736986397,736985020,4835.26,-0.96,0.0,GOLD.i#,728597933,1776200394,2026-04-14 20:59:54,1,0.02
CT-BUY-c68%,0.0,0,0.0,0,736986513,736986513,4835.49,0.0,0.0,GOLD.i#,728598034,1776200405,2026-04-14 21:00:05,0,0.02
,0.0,1,0.0,0,736987324,736986513,4834.85,-1.28,0.0,GOLD.i#,728598846,1776200463,2026-04-14 21:01:03,1,0.02
CT-SELL-c66%,0.0,0,0.0,0,737032549,737032549,4837.78,0.0,0.0,GOLD.i#,728644227,1776204061,2026-04-14 22:01:01,1,0.02
,0.0,1,0.0,0,737032725,737032549,4838.66,-1.76,0.0,GOLD.i#,728644402,1776204086,2026-04-14 22:01:26,0,0.02
CT-SELL-c82%,0.0,0,0.0,0,737050324,737050324,4839.81,0.0,0.0,GOLD.i#,728662082,1776205836,2026-04-14 22:30:36,1,0.01
,0.0,1,0.0,0,737050463,737050324,4841.33,-1.52,0.0,GOLD.i#,728662219,1776205862,2026-04-14 22:31:02,0,0.01
CT-SELL-c82%,0.0,0,0.0,0,737060574,737060574,4841.23,0.0,0.0,GOLD.i#,728672305,1776206804,2026-04-14 22:46:44,1,0.01
CT-SELL-c82%,0.0,0,0.0,0,737060969,737060969,4840.2,0.0,0.0,GOLD.i#,728672702,1776206870,2026-04-14 22:47:50,1,0.01
,0.0,1,0.0,0,737061296,737060969,4841.7,-1.5,0.0,GOLD.i#,728673077,1776206910,2026-04-14 22:48:30,0,0.01
[sl 4844.10],0.0,1,0.0,0,737062151,737060574,4844.1,-2.87,0.0,GOLD.i#,728673953,1776207013,2026-04-14 22:50:13,0,0.01
CT-SELL-c76%,0.0,0,0.0,0,737084117,737084117,4843.11,0.0,0.0,GOLD.i#,728696017,1776210358,2026-04-14 23:45:58,1,0.01
CT-SELL-c76%,0.0,0,0.0,0,737084456,737084456,4842.7,0.0,0.0,GOLD.i#,728696353,1776210422,2026-04-14 23:47:02,1,0.01
CT-SELL-c76%,0.0,0,0.0,0,737084733,737084733,4842.54,0.0,0.0,GOLD.i#,728696634,1776210488,2026-04-14 23:48:08,1,0.01
,0.0,1,0.0,0,737084822,737084456,4842.77,-0.07,0.0,GOLD.i#,728696729,1776210512,2026-04-14 23:48:32,0,0.01
CT-SELL-c76%,0.0,0,0.0,0,737084892,737084892,4841.95,0.0,0.0,GOLD.i#,728696801,1776210556,2026-04-14 23:49:16,1,0.01
SCALE1-737084117,0.0,0,0.0,0,737085067,737085067,4841.1,0.0,0.0,GOLD.i#,728696976,1776210622,2026-04-14 23:50:22,1,0.01
,0.0,1,0.0,0,737085788,737085067,4841.35,-0.25,0.0,GOLD.i#,728697699,1776210679,2026-04-14 23:51:19,0,0.01
,0.0,1,0.0,0,737085860,737084733,4841.32,1.22,0.0,GOLD.i#,728697770,1776210680,2026-04-14 23:51:20,0,0.01
CT-SELL-c76%,0.0,0,0.0,0,737085955,737085955,4841.83,0.0,0.0,GOLD.i#,728697867,1776210690,2026-04-14 23:51:30,1,0.02
SCALE2-737084117,0.0,0,0.0,0,737085974,737085974,4842.03,0.0,0.0,GOLD.i#,728697886,1776210691,2026-04-14 23:51:31,1,0.01
,0.0,1,0.0,0,737086149,737084892,4841.53,0.42,0.0,GOLD.i#,728698063,1776210717,2026-04-14 23:51:57,0,0.01
,0.0,1,0.0,0,737086153,737084117,4841.41,1.7,0.0,GOLD.i#,728698067,1776210718,2026-04-14 23:51:58,0,0.01
CT-SELL-c76%,0.0,0,0.0,0,737086420,737086420,4841.38,0.0,0.0,GOLD.i#,728698332,1776210761,2026-04-14 23:52:41,1,0.02
,0.0,1,0.0,0,737086502,737085955,4841.66,0.34,0.0,GOLD.i#,728698416,1776210786,2026-04-14 23:53:06,0,0.02
,0.0,1,0.0,0,737086677,737085974,4842.07,-0.04,0.0,GOLD.i#,728698589,1776210818,2026-04-14 23:53:38,0,0.01
CT-SELL-c76%,0.0,0,0.0,0,737086743,737086743,4842.01,0.0,0.0,GOLD.i#,728698656,1776210827,2026-04-14 23:53:47,1,0.03
CT-SELL-c76%,0.0,0,0.0,0,737087045,737087045,4841.71,0.0,0.0,GOLD.i#,728698963,1776210892,2026-04-14 23:54:52,1,0.03
,0.0,1,0.0,0,737088069,737087045,4840.76,2.85,0.0,GOLD.i#,728700015,1776211077,2026-04-14 23:57:57,0,0.03
,0.0,1,0.0,0,737091830,737086420,4841.13,0.5,0.0,GOLD.i#,728708594,1776214930,2026-04-15 01:02:10,0,0.02
,0.0,1,0.0,0,737091831,737086743,4841.13,2.64,0.0,GOLD.i#,728708595,1776214930,2026-04-15 01:02:10,0,0.03
SetCustomBalance,0.0,0,0.0,0,0,0,0.0,9281.61,0.0,,729139589,1776251284,2026-04-15 11:08:04,2,0.0
CT-SELL-c51%,0.0,0,0.0,0,737537753,737537753,79.157,0.0,0.0,SILVER.i#,729147112,1776251735,2026-04-15 11:15:35,1,0.1
,0.0,1,0.0,0,737538015,737537753,79.231,-37.0,0.0,SILVER.i#,729147373,1776251751,2026-04-15 11:15:51,0,0.1
CT-SELL-c82%,0.0,0,0.0,0,737550255,737550255,79.199,0.0,0.0,SILVER.i#,729159558,1776252675,2026-04-15 11:31:15,1,0.1
CT-SELL-c82%,0.0,0,0.0,0,737551770,737551770,79.077,0.0,0.0,SILVER.i#,729161095,1776252743,2026-04-15 11:32:23,1,0.1
,0.0,1,0.0,0,737552086,737551770,79.14,-31.5,0.0,SILVER.i#,729161394,1776252759,2026-04-15 11:32:39,0,0.1
,0.0,1,0.0,0,737552854,737550255,79.201,-1.0,0.0,SILVER.i#,729162134,1776252828,2026-04-15 11:33:48,0,0.1
SetCustomBalance,0.0,0,0.0,0,0,0,0.0,69.5,0.0,,729170208,1776253437,2026-04-15 11:43:57,2,0.0
CT-SELL-c75%,0.0,0,0.0,0,737658944,737658944,78.407,0.0,0.0,SILVER.i#,729261985,1776258290,2026-04-15 13:04:50,1,0.1
,0.0,1,0.0,0,737659072,737658944,78.46,-26.5,0.0,SILVER.i#,729262108,1776258307,2026-04-15 13:05:07,0,0.1
CT-SELL-c76%,0.0,0,0.0,0,737675751,737675751,78.58,0.0,0.0,SILVER.i#,729278282,1776259226,2026-04-15 13:20:26,1,0.1
,0.0,1,0.0,0,737676106,737675751,78.661,-40.5,0.0,SILVER.i#,729278608,1776259242,2026-04-15 13:20:42,0,0.1
CT-SELL-c82%,0.0,0,0.0,0,737694959,737694959,78.492,0.0,0.0,SILVER.i#,729296182,1776260206,2026-04-15 13:36:46,1,0.1
,0.0,1,0.0,0,737695094,737694959,78.535,-21.5,0.0,SILVER.i#,729296315,1776260222,2026-04-15 13:37:02,0,0.1
CT-BUY-c70%,0.0,0,0.0,0,737704022,737704022,4801.99,0.0,0.0,GOLD.i#,729305212,1776260755,2026-04-15 13:45:55,0,0.1
CT-BUY-c68%,0.0,0,0.0,0,737706867,737706867,4803.19,0.0,0.0,GOLD.i#,729308097,1776260832,2026-04-15 13:47:12,0,0.1
,0.0,1,0.0,0,737707199,737704022,4801.63,-3.6,0.0,GOLD.i#,729308431,1776260865,2026-04-15 13:47:45,1,0.1
CT-BUY-c70%,0.0,0,0.0,0,737707986,737707986,4802.46,0.0,0.0,GOLD.i#,729309221,1776260893,2026-04-15 13:48:13,0,0.1
CT-BUY-c61%,0.0,0,0.0,0,737708933,737708933,4801.26,0.0,0.0,GOLD.i#,729310165,1776260964,2026-04-15 13:49:24,0,0.1
[sl 4800.26],0.0,1,0.0,0,737709136,737706867,4800.13,-30.6,0.0,GOLD.i#,729310366,1776260977,2026-04-15 13:49:37,1,0.1
,0.0,1,0.0,0,737709550,737707986,4800.56,-19.0,0.0,GOLD.i#,729310765,1776260989,2026-04-15 13:49:49,1,0.1
SCALE1-737708933,0.0,0,0.0,0,737714315,737714315,4802.91,0.0,0.0,GOLD.i#,729315470,1776261302,2026-04-15 13:55:02,0,0.05
,0.0,1,0.0,0,737715559,737714315,4803.06,0.75,0.0,GOLD.i#,729316718,1776261366,2026-04-15 13:56:06,1,0.05
,0.0,1,0.0,0,737715577,737708933,4802.95,16.9,0.0,GOLD.i#,729316737,1776261368,2026-04-15 13:56:08,1,0.1
CT-BUY-c69%,0.0,0,0.0,0,737736718,737736718,4803.55,0.0,0.0,GOLD.i#,729336479,1776262528,2026-04-15 14:15:28,0,0.1
[sl 4800.66],0.0,1,0.0,0,737737686,737736718,4800.57,-29.8,0.0,GOLD.i#,729337482,1776262622,2026-04-15 14:17:02,1,0.1
CT-BUY-c69%,0.0,0,0.0,0,737738683,737738683,4800.06,0.0,0.0,GOLD.i#,729338478,1776262657,2026-04-15 14:17:37,0,0.1
CT-BUY-c70%,0.0,0,0.0,0,737739593,737739593,4801.18,0.0,0.0,GOLD.i#,729339389,1776262740,2026-04-15 14:19:00,0,0.1
,0.0,1,0.0,0,737740241,737738683,4804.3,42.4,0.0,GOLD.i#,729340038,1776262771,2026-04-15 14:19:31,1,0.1
CT-BUY-c69%,0.0,0,0.0,0,737740833,737740833,4804.53,0.0,0.0,GOLD.i#,729340625,1776262800,2026-04-15 14:20:00,0,0.1
,0.0,1,0.0,0,737741734,737739593,4805.3,41.2,0.0,GOLD.i#,729341513,1776262836,2026-04-15 14:20:36,1,0.1
CT-BUY-c70%,0.0,0,0.0,0,737742097,737742097,4804.6,0.0,0.0,GOLD.i#,729341870,1776262864,2026-04-15 14:21:04,0,0.1
,0.0,1,0.0,0,737742414,737740833,4804.36,-1.7,0.0,GOLD.i#,729342172,1776262890,2026-04-15 14:21:30,1,0.1
CT-BUY-c70%,0.0,0,0.0,0,737743019,737743019,4803.87,0.0,0.0,GOLD.i#,729342762,1776262942,2026-04-15 14:22:22,0,0.1
CT-BUY-c63%,0.0,0,0.0,0,737743718,737743718,4805.31,0.0,0.0,GOLD.i#,729343445,1776262997,2026-04-15 14:23:17,0,0.1
SCALE1-737743019,0.0,0,0.0,0,737744709,737744709,4806.01,0.0,0.0,GOLD.i#,729344428,1776263062,2026-04-15 14:24:22,0,0.05
,0.0,1,0.0,0,737746365,737744709,4806.26,1.25,0.0,GOLD.i#,729346043,1776263183,2026-04-15 14:26:23,1,0.05
,0.0,1,0.0,0,737746633,737742097,4805.95,13.5,0.0,GOLD.i#,729346304,1776263201,2026-04-15 14:26:41,1,0.1
,0.0,1,0.0,0,737746635,737743019,4805.95,20.8,0.0,GOLD.i#,729346306,1776263201,2026-04-15 14:26:41,1,0.1
CT-BUY-c63%,0.0,0,0.0,0,737746851,737746851,4805.65,0.0,0.0,GOLD.i#,729346522,1776263224,2026-04-15 14:27:04,0,0.1
CT-BUY-c69%,0.0,0,0.0,0,737747714,737747714,4805.94,0.0,0.0,GOLD.i#,729347373,1776263283,2026-04-15 14:28:03,0,0.1
,0.0,1,0.0,0,737748185,737746851,4805.54,-1.1,0.0,GOLD.i#,729347827,1776263342,2026-04-15 14:29:02,1,0.1
,0.0,1,0.0,0,737748641,737743718,4805.11,-2.0,0.0,GOLD.i#,729348269,1776263384,2026-04-15 14:29:44,1,0.1
,0.0,1,0.0,0,737751846,737747714,4806.63,6.9,0.0,GOLD.i#,729351469,1776263529,2026-04-15 14:32:09,1,0.1
CT-BUY-c69%,0.0,0,0.0,0,737958107,737958107,80.044,0.0,0.0,SILVER.i#,729555504,1776272429,2026-04-15 17:00:29,0,0.1
,0.0,1,0.0,0,737959009,737958107,80.013,-15.5,0.0,SILVER.i#,729556410,1776272461,2026-04-15 17:01:01,1,0.1
CT-BUY-c69%,0.0,0,0.0,0,737981758,737981758,80.379,0.0,0.0,SILVER.i#,729579081,1776273411,2026-04-15 17:16:51,0,0.1
,0.0,1,0.0,0,737983760,737981758,80.37,-4.5,0.0,SILVER.i#,729581118,1776273446,2026-04-15 17:17:26,1,0.1
CT-BUY-c69%,0.0,0,0.0,0,737984885,737984885,80.381,0.0,0.0,SILVER.i#,729582239,1776273482,2026-04-15 17:18:02,0,0.1
,0.0,1,0.0,0,737985193,737984885,80.325,-28.0,0.0,SILVER.i#,729582543,1776273499,2026-04-15 17:18:19,1,0.1
CT-BUY-c90%,0.0,0,0.0,0,738011428,738011428,80.03,0.0,0.0,SILVER.i#,729608520,1776274405,2026-04-15 17:33:25,0,0.1
CT-BUY-c90%,0.0,0,0.0,0,738013265,738013265,80.106,0.0,0.0,SILVER.i#,729610364,1776274470,2026-04-15 17:34:30,0,0.1
,0.0,1,0.0,0,738014259,738013265,80.008,-49.0,0.0,SILVER.i#,729611363,1776274487,2026-04-15 17:34:47,1,0.1
,0.0,1,0.0,0,738014879,738011428,79.973,-28.5,0.0,SILVER.i#,729611981,1776274504,2026-04-15 17:35:04,1,0.1
CT-BUY-c81%,0.0,0,0.0,0,738032247,738032247,4817.5,0.0,0.0,GOLD.i#,729629312,1776275122,2026-04-15 17:45:22,0,0.1
CT-BUY-c81%,0.0,0,0.0,0,738033467,738033467,4819.15,0.0,0.0,GOLD.i#,729630524,1776275190,2026-04-15 17:46:30,0,0.1
,0.0,1,0.0,0,738033913,738032247,4816.86,-6.4,0.0,GOLD.i#,729630974,1776275230,2026-04-15 17:47:10,1,0.1
,0.0,1,0.0,0,738033997,738033467,4817.19,-19.6,0.0,GOLD.i#,729631057,1776275232,2026-04-15 17:47:12,1,0.1
CT-BUY-c90%,0.0,0,0.0,0,738038503,738038503,80.115,0.0,0.0,SILVER.i#,729635553,1776275459,2026-04-15 17:50:59,0,0.1
,0.0,1,0.0,0,738038806,738038503,80.066,-24.5,0.0,SILVER.i#,729635853,1776275475,2026-04-15 17:51:15,1,0.1
CT-BUY-c90%,0.0,0,0.0,0,738062819,738062819,79.664,0.0,0.0,SILVER.i#,729659973,1776276375,2026-04-15 18:06:15,0,0.1
,0.0,1,0.0,0,738064810,738062819,79.559,-52.5,0.0,SILVER.i#,729662014,1776276392,2026-04-15 18:06:32,1,0.1
CT-BUY-c90%,0.0,0,0.0,0,738113106,738113106,79.012,0.0,0.0,SILVER.i#,729710262,1776277875,2026-04-15 18:31:15,0,0.1
[sl 78.880],0.0,1,0.0,0,738114219,738113106,78.871,-70.5,0.0,SILVER.i#,729711418,1776277884,2026-04-15 18:31:24,1,0.1
CT-BUY-c90%,0.0,0,0.0,0,738118310,738118310,79.058,0.0,0.0,SILVER.i#,729715573,1776277943,2026-04-15 18:32:23,0,0.1
,0.0,1,0.0,0,738118856,738118310,78.942,-58.0,0.0,SILVER.i#,729716121,1776277961,2026-04-15 18:32:41,1,0.1
CT-BUY-c82%,0.0,0,0.0,0,738138056,738138056,4804.96,0.0,0.0,GOLD.i#,729735304,1776278756,2026-04-15 18:45:56,0,0.1
CT-BUY-c82%,0.0,0,0.0,0,738140008,738140008,4806.02,0.0,0.0,GOLD.i#,729737276,1776278829,2026-04-15 18:47:09,0,0.1
SCALE1-738138056,0.0,0,0.0,0,738140065,738140065,4805.7,0.0,0.0,GOLD.i#,729737334,1776278830,2026-04-15 18:47:10,0,0.05
[sl 4804.76],0.0,1,0.0,0,738140556,738140065,4804.68,-5.1,0.0,GOLD.i#,729737824,1776278837,2026-04-15 18:47:17,1,0.05
,0.0,1,0.0,0,738140845,738138056,4804.57,-3.9,0.0,GOLD.i#,729738112,1776278855,2026-04-15 18:47:35,1,0.1
CT-BUY-c82%,0.0,0,0.0,0,738141298,738141298,4805.06,0.0,0.0,GOLD.i#,729738560,1776278894,2026-04-15 18:48:14,0,0.1
CT-BUY-c95%,0.0,0,0.0,0,738141403,738141403,79.441,0.0,0.0,SILVER.i#,729738666,1776278903,2026-04-15 18:48:23,0,0.1
,0.0,1,0.0,0,738142027,738141298,4805.71,6.5,0.0,GOLD.i#,729739288,1776278938,2026-04-15 18:48:58,1,0.1
CT-BUY-c82%,0.0,0,0.0,0,738142806,738142806,4803.84,0.0,0.0,GOLD.i#,729740063,1776278963,2026-04-15 18:49:23,0,0.1
CT-BUY-c95%,0.0,0,0.0,0,738142967,738142967,79.467,0.0,0.0,SILVER.i#,729740226,1776278971,2026-04-15 18:49:31,0,0.1
,0.0,1,0.0,0,738143134,738140008,4803.37,-26.5,0.0,GOLD.i#,729740392,1776278988,2026-04-15 18:49:48,1,0.1
,0.0,1,0.0,0,738143141,738142967,79.42,-23.5,0.0,SILVER.i#,729740398,1776278988,2026-04-15 18:49:48,1,0.1
,0.0,1,0.0,0,738143424,738141403,79.409,-16.0,0.0,SILVER.i#,729740675,1776279005,2026-04-15 18:50:05,1,0.1
SCALE1-738142806,0.0,0,0.0,0,738145744,738145744,4806.2,0.0,0.0,GOLD.i#,729742963,1776279218,2026-04-15 18:53:38,0,0.05
SCALE2-738142806,0.0,0,0.0,0,738146335,738146335,4806.3,0.0,0.0,GOLD.i#,729743547,1776279283,2026-04-15 18:54:43,0,0.05
,0.0,1,0.0,0,738146617,738142806,4805.34,15.0,0.0,GOLD.i#,729743834,1776279307,2026-04-15 18:55:07,1,0.1
[sl 4803.64],0.0,1,0.0,0,738147064,738145744,4803.6,-13.0,0.0,GOLD.i#,729744272,1776279358,2026-04-15 18:55:58,1,0.05
[sl 4803.64],0.0,1,0.0,0,738147065,738146335,4803.6,-13.5,0.0,GOLD.i#,729744273,1776279358,2026-04-15 18:55:58,1,0.05
CT-BUY-c81%,0.0,0,0.0,0,738159474,738159474,4804.87,0.0,0.0,GOLD.i#,729756649,1776279915,2026-04-15 19:05:15,0,0.1
CT-BUY-c92%,0.0,0,0.0,0,738159609,738159609,79.466,0.0,0.0,SILVER.i#,729756784,1776279923,2026-04-15 19:05:23,0,0.1
CT-BUY-c81%,0.0,0,0.0,0,738160831,738160831,4807.4,0.0,0.0,GOLD.i#,729758010,1776279983,2026-04-15 19:06:23,0,0.1
SCALE1-738159474,0.0,0,0.0,0,738160840,738160840,4807.55,0.0,0.0,GOLD.i#,729758020,1776279984,2026-04-15 19:06:24,0,0.05
CT-BUY-c92%,0.0,0,0.0,0,738161096,738161096,79.614,0.0,0.0,SILVER.i#,729758275,1776279993,2026-04-15 19:06:33,0,0.1
,0.0,1,0.0,0,738162119,738159609,79.544,39.0,0.0,SILVER.i#,729759295,1776280011,2026-04-15 19:06:51,1,0.1
,0.0,1,0.0,0,738162122,738161096,79.543,-35.5,0.0,SILVER.i#,729759298,1776280011,2026-04-15 19:06:51,1,0.1
,0.0,1,0.0,0,738162983,738159474,4806.11,12.4,0.0,GOLD.i#,729760154,1776280045,2026-04-15 19:07:25,1,0.1
CT-BUY-c81%,0.0,0,0.0,0,738163165,738163165,4806.02,0.0,0.0,GOLD.i#,729760337,1776280053,2026-04-15 19:07:33,0,0.1
,0.0,1,0.0,0,738164317,738163165,4804.99,-10.3,0.0,GOLD.i#,729761502,1776280141,2026-04-15 19:09:01,1,0.1
,0.0,1,0.0,0,738164439,738160831,4805.34,-20.6,0.0,GOLD.i#,729761624,1776280143,2026-04-15 19:09:03,1,0.1
[tp 4810.04],0.0,1,0.0,0,738168745,738160840,4810.15,13.0,0.0,GOLD.i#,729765941,1776280430,2026-04-15 19:13:50,1,0.05
CT-BUY-c95%,0.0,0,0.0,0,738178221,738178221,79.634,0.0,0.0,SILVER.i#,729775445,1776280918,2026-04-15 19:21:58,0,0.1
,0.0,1,0.0,0,738178481,738178221,79.555,-39.5,0.0,SILVER.i#,729775704,1776280934,2026-04-15 19:22:14,1,0.1
CT-BUY-c64%,0.0,0,0.0,0,738181047,738181047,4808.8,0.0,0.0,GOLD.i#,729778256,1776281097,2026-04-15 19:24:57,0,0.1
CT-BUY-c64%,0.0,0,0.0,0,738182350,738182350,4808.35,0.0,0.0,GOLD.i#,729779551,1776281163,2026-04-15 19:26:03,0,0.1
CT-BUY-c64%,0.0,0,0.0,0,738183433,738183433,4809.15,0.0,0.0,GOLD.i#,729780625,1776281227,2026-04-15 19:27:07,0,0.1
,0.0,1,0.0,0,738183691,738181047,4809.07,2.7,0.0,GOLD.i#,729780876,1776281254,2026-04-15 19:27:34,1,0.1
CT-BUY-c64%,0.0,0,0.0,0,738185119,738185119,4812.33,0.0,0.0,GOLD.i#,729782334,1776281296,2026-04-15 19:28:16,0,0.1
,0.0,1,0.0,0,738187930,738182350,4810.67,23.2,0.0,GOLD.i#,729785186,1776281387,2026-04-15 19:29:47,1,0.1
,0.0,1,0.0,0,738187937,738183433,4810.83,16.8,0.0,GOLD.i#,729785192,1776281387,2026-04-15 19:29:47,1,0.1
,0.0,1,0.0,0,738189469,738185119,4810.4,-19.3,0.0,GOLD.i#,729786702,1776281465,2026-04-15 19:31:05,1,0.1
CT-BUY-c92%,0.0,0,0.0,0,738194869,738194869,79.353,0.0,0.0,SILVER.i#,729792001,1776281878,2026-04-15 19:37:58,0,0.1
,0.0,1,0.0,0,738195063,738194869,79.295,-29.0,0.0,SILVER.i#,729792170,1776281894,2026-04-15 19:38:14,1,0.1
CT-SELL-c91%,0.0,0,0.0,0,738232264,738232264,4801.49,0.0,0.0,GOLD.i#,729829192,1776284130,2026-04-15 20:15:30,1,0.1
CT-SELL-c91%,0.0,0,0.0,0,738233050,738233050,4802.01,0.0,0.0,GOLD.i#,729829974,1776284191,2026-04-15 20:16:31,1,0.1
CT-SELL-c91%,0.0,0,0.0,0,738233461,738233461,4800.95,0.0,0.0,GOLD.i#,729830391,1776284254,2026-04-15 20:17:34,1,0.1
,0.0,1,0.0,0,738234877,738232264,4802.39,-9.0,0.0,GOLD.i#,729831814,1776284417,2026-04-15 20:20:17,0,0.1
,0.0,1,0.0,0,738234878,738233050,4802.37,-3.6,0.0,GOLD.i#,729831815,1776284417,2026-04-15 20:20:17,0,0.1
CT-SELL-c91%,0.0,0,0.0,0,738235224,738235224,4802.36,0.0,0.0,GOLD.i#,729832176,1776284441,2026-04-15 20:20:41,1,0.1
,0.0,1,0.0,0,738235853,738233461,4802.9,-19.5,0.0,GOLD.i#,729832807,1776284494,2026-04-15 20:21:34,0,0.1
,0.0,1,0.0,0,738237166,738235224,4804.47,-21.1,0.0,GOLD.i#,729834150,1776284601,2026-04-15 20:23:21,0,0.1
CT-BUY-c92%,0.0,0,0.0,0,738262433,738262433,79.28,0.0,0.0,SILVER.i#,729859317,1776285917,2026-04-15 20:45:17,0,0.1
,0.0,1,0.0,0,738262831,738262433,79.223,-28.5,0.0,SILVER.i#,729859716,1776285934,2026-04-15 20:45:34,1,0.1
CT-BUY-c95%,0.0,0,0.0,0,738276302,738276302,79.067,0.0,0.0,SILVER.i#,729873238,1776286871,2026-04-15 21:01:11,0,0.1
,0.0,1,0.0,0,738276696,738276302,79.0,-33.5,0.0,SILVER.i#,729873635,1776286887,2026-04-15 21:01:27,1,0.1
CT-SELL-c72%,0.0,0,0.0,0,738294618,738294618,4798.29,0.0,0.0,GOLD.i#,729891584,1776287766,2026-04-15 21:16:06,1,0.1
CT-SELL-c72%,0.0,0,0.0,0,738295395,738295395,4797.15,0.0,0.0,GOLD.i#,729892368,1776287830,2026-04-15 21:17:10,1,0.1
CT-BUY-c95%,0.0,0,0.0,0,738295458,738295458,79.325,0.0,0.0,SILVER.i#,729892430,1776287838,2026-04-15 21:17:18,0,0.1
,0.0,1,0.0,0,738295551,738295458,79.262,-31.5,0.0,SILVER.i#,729892523,1776287855,2026-04-15 21:17:35,1,0.1
CT-SELL-c72%,0.0,0,0.0,0,738296403,738296403,4795.48,0.0,0.0,GOLD.i#,729893368,1776287899,2026-04-15 21:18:19,1,0.1
SCALE1-738294618,0.0,0,0.0,0,738296421,738296421,4795.49,0.0,0.0,GOLD.i#,729893386,1776287900,2026-04-15 21:18:20,1,0.05
SCALE1-738295395,0.0,0,0.0,0,738296429,738296429,4795.49,0.0,0.0,GOLD.i#,729893395,1776287901,2026-04-15 21:18:21,1,0.05
,0.0,1,0.0,0,738297247,738294618,4796.27,20.2,0.0,GOLD.i#,729894215,1776287959,2026-04-15 21:19:19,0,0.1
SCALE2-738295395,0.0,0,0.0,0,738298402,738298402,4794.56,0.0,0.0,GOLD.i#,729895357,1776288036,2026-04-15 21:20:36,1,0.05
,0.0,1,0.0,0,738299724,738296403,4795.5,-0.2,0.0,GOLD.i#,729896683,1776288128,2026-04-15 21:22:08,0,0.1
,0.0,1,0.0,0,738299727,738296421,4795.5,-0.05,0.0,GOLD.i#,729896686,1776288128,2026-04-15 21:22:08,0,0.05
,0.0,1,0.0,0,738299731,738296429,4795.5,-0.05,0.0,GOLD.i#,729896690,1776288128,2026-04-15 21:22:08,0,0.05
,0.0,1,0.0,0,738299744,738295395,4795.44,17.1,0.0,GOLD.i#,729896703,1776288129,2026-04-15 21:22:09,0,0.1
CT-SELL-c72%,0.0,0,0.0,0,738300198,738300198,4795.32,0.0,0.0,GOLD.i#,729897159,1776288169,2026-04-15 21:22:49,1,0.1
CT-SELL-c72%,0.0,0,0.0,0,738300453,738300453,4796.41,0.0,0.0,GOLD.i#,729897405,1776288230,2026-04-15 21:23:50,1,0.1
SCALE1-738300453,0.0,0,0.0,0,738301320,738301320,4794.75,0.0,0.0,GOLD.i#,729898269,1776288294,2026-04-15 21:24:54,1,0.05
,0.0,1,0.0,0,738301677,738298402,4794.46,0.5,0.0,GOLD.i#,729898626,1776288336,2026-04-15 21:25:36,0,0.05
SCALE1-738300198,0.0,0,0.0,0,738302465,738302465,4793.46,0.0,0.0,GOLD.i#,729899408,1776288363,2026-04-15 21:26:03,1,0.05
SCALE2-738300453,0.0,0,0.0,0,738302478,738302478,4793.17,0.0,0.0,GOLD.i#,729899422,1776288364,2026-04-15 21:26:04,1,0.05
,0.0,1,0.0,0,738303428,738300453,4794.4,20.1,0.0,GOLD.i#,729900365,1776288422,2026-04-15 21:27:02,0,0.1
,0.0,1,0.0,0,738303883,738301320,4794.97,-1.1,0.0,GOLD.i#,729900811,1776288454,2026-04-15 21:27:34,0,0.05
[sl 4795.52],0.0,1,0.0,0,738305193,738302465,4795.54,-10.4,0.0,GOLD.i#,729902099,1776288607,2026-04-15 21:30:07,0,0.05
,0.0,1,0.0,0,738305239,738300198,4795.38,-0.6,0.0,GOLD.i#,729902147,1776288610,2026-04-15 21:30:10,0,0.1
[sl 4796.61],0.0,1,0.0,0,738306690,738302478,4796.61,-17.2,0.0,GOLD.i#,729903602,1776288683,2026-04-15 21:31:23,0,0.05
CT-BUY-c74%,0.0,0,0.0,0,738323240,738323240,4799.64,0.0,0.0,GOLD.i#,729920211,1776290420,2026-04-15 22:00:20,0,0.1
CT-BUY-c74%,0.0,0,0.0,0,738323678,738323678,4800.59,0.0,0.0,GOLD.i#,729920645,1776290489,2026-04-15 22:01:29,0,0.1
CT-BUY-c74%,0.0,0,0.0,0,738324236,738324236,4801.32,0.0,0.0,GOLD.i#,729921203,1776290553,2026-04-15 22:02:33,0,0.1
,0.0,1,0.0,0,738325060,738323678,4800.65,0.6,0.0,GOLD.i#,729922045,1776290655,2026-04-15 22:04:15,1,0.1
CT-BUY-c74%,0.0,0,0.0,0,738325229,738325229,4801.07,0.0,0.0,GOLD.i#,729922218,1776290679,2026-04-15 22:04:39,0,0.1
SCALE1-738323240,0.0,0,0.0,0,738326202,738326202,4803.4,0.0,0.0,GOLD.i#,729923209,1776290747,2026-04-15 22:05:47,0,0.05
SCALE1-738325229,0.0,0,0.0,0,738326211,738326211,4803.13,0.0,0.0,GOLD.i#,729923218,1776290749,2026-04-15 22:05:49,0,0.05
SCALE2-738323240,0.0,0,0.0,0,738327016,738327016,4802.87,0.0,0.0,GOLD.i#,729924019,1776290816,2026-04-15 22:06:56,0,0.05
SCALE1-738324236,0.0,0,0.0,0,738327023,738327023,4802.84,0.0,0.0,GOLD.i#,729924024,1776290817,2026-04-15 22:06:57,0,0.05
SCALE2-738325229,0.0,0,0.0,0,738327026,738327026,4802.85,0.0,0.0,GOLD.i#,729924028,1776290818,2026-04-15 22:06:58,0,0.05
,0.0,1,0.0,0,738327304,738323240,4802.05,24.1,0.0,GOLD.i#,729924306,1776290843,2026-04-15 22:07:23,1,0.1
,0.0,1,0.0,0,738327307,738324236,4801.99,6.7,0.0,GOLD.i#,729924309,1776290843,2026-04-15 22:07:23,1,0.1
,0.0,1,0.0,0,738327313,738325229,4801.98,9.1,0.0,GOLD.i#,729924315,1776290843,2026-04-15 22:07:23,1,0.1
[sl 4801.12],0.0,1,0.0,0,738327613,738327023,4801.04,-9.0,0.0,GOLD.i#,729924612,1776290867,2026-04-15 22:07:47,1,0.05
[sl 4800.87],0.0,1,0.0,0,738327752,738326211,4800.85,-11.4,0.0,GOLD.i#,729924750,1776290878,2026-04-15 22:07:58,1,0.05
[sl 4800.87],0.0,1,0.0,0,738327753,738327026,4800.85,-10.0,0.0,GOLD.i#,729924751,1776290878,2026-04-15 22:07:58,1,0.05
CT-BUY-c74%,0.0,0,0.0,0,738328555,738328555,4801.52,0.0,0.0,GOLD.i#,729925561,1776290946,2026-04-15 22:09:06,0,0.1
,0.0,1,0.0,0,738329671,738328555,4801.15,-3.7,0.0,GOLD.i#,729926646,1776291156,2026-04-15 22:12:36,1,0.1
CT-BUY-c74%,0.0,0,0.0,0,738329969,738329969,4800.88,0.0,0.0,GOLD.i#,729926936,1776291194,2026-04-15 22:13:14,0,0.1
[sl 4799.44],0.0,1,0.0,0,738330491,738326202,4799.4,-20.0,0.0,GOLD.i#,729927445,1776291240,2026-04-15 22:14:00,1,0.05
[sl 4799.44],0.0,1,0.0,0,738330492,738327016,4799.4,-17.35,0.0,GOLD.i#,729927447,1776291240,2026-04-15 22:14:00,1,0.05
CT-BUY-c74%,0.0,0,0.0,0,738330760,738330760,4799.04,0.0,0.0,GOLD.i#,729927719,1776291257,2026-04-15 22:14:17,0,0.1
,0.0,1,0.0,0,738331152,738330760,4798.76,-2.8,0.0,GOLD.i#,729928117,1776291298,2026-04-15 22:14:58,1,0.1
,0.0,1,0.0,0,738331167,738329969,4798.66,-22.2,0.0,GOLD.i#,729928133,1776291299,2026-04-15 22:14:59,1,0.1
CT-SELL-c63%,0.0,0,0.0,0,739588338,739588338,78.695,0.0,0.0,SILVER.i#,731162279,1776380072,2026-04-16 22:54:32,1,0.01
CT-SELL-c63%,0.0,0,0.0,0,739588812,739588812,78.745,0.0,0.0,SILVER.i#,731162760,1776380131,2026-04-16 22:55:31,1,0.01
CT-BUY-c82%,0.0,0,0.0,0,739589721,739589721,78.741,0.0,0.0,SILVER.i#,731163643,1776380199,2026-04-16 22:56:39,0,0.01
[sl 78.590],0.0,1,0.0,0,739592036,739589721,78.589,-7.6,0.0,SILVER.i#,731165866,1776380484,2026-04-16 23:01:24,1,0.01
CT-BUY-c82%,0.0,0,0.0,0,739592780,739592780,78.651,0.0,0.0,SILVER.i#,731166584,1776380559,2026-04-16 23:02:39,0,0.01
[sl 78.490],0.0,1,0.0,0,739601046,739592780,78.489,-8.1,0.0,SILVER.i#,731174890,1776381663,2026-04-16 23:21:03,1,0.01
CT-BUY-c82%,0.0,0,0.0,0,739602096,739602096,78.531,0.0,0.0,SILVER.i#,731175934,1776381725,2026-04-16 23:22:05,0,0.01
SCALE1-739588338,0.0,0,0.0,0,739602492,739602492,78.468,0.0,0.0,SILVER.i#,731176324,1776381794,2026-04-16 23:23:14,1,0.01
SCALE1-739588812,0.0,0,0.0,0,739602496,739602496,78.468,0.0,0.0,SILVER.i#,731176328,1776381795,2026-04-16 23:23:15,1,0.01
[tp 78.460],0.0,1,0.0,0,739606721,739588812,78.448,14.85,0.0,SILVER.i#,731180467,1776382472,2026-04-16 23:34:32,0,0.01
[tp 78.460],0.0,1,0.0,0,739606722,739602496,78.448,1.0,0.0,SILVER.i#,731180468,1776382472,2026-04-16 23:34:32,0,0.01
[tp 78.440],0.0,1,0.0,0,739613097,739588338,78.439,12.8,0.0,SILVER.i#,731186697,1776383560,2026-04-16 23:52:40,0,0.01
[tp 78.440],0.0,1,0.0,0,739613098,739602492,78.439,1.45,0.0,SILVER.i#,731186698,1776383560,2026-04-16 23:52:40,0,0.01
[sl 78.380],0.0,1,0.0,0,739613100,739602096,78.368,-8.15,0.0,SILVER.i#,731186701,1776383560,2026-04-16 23:52:40,1,0.01
CT-SELL-c63%,0.0,0,0.0,0,739613173,739613173,78.375,0.0,0.0,SILVER.i#,731186783,1776383590,2026-04-16 23:53:10,1,0.01
CT-BUY-c82%,0.0,0,0.0,0,739613493,739613493,78.437,0.0,0.0,SILVER.i#,731187105,1776383659,2026-04-16 23:54:19,0,0.01
CT-BUY-c82%,0.0,0,0.0,0,739613745,739613745,78.425,0.0,0.0,SILVER.i#,731187353,1776383725,2026-04-16 23:55:25,0,0.01
[sl 78.530],0.0,1,0.0,0,739616703,739613173,78.647,-13.6,0.0,SILVER.i#,731195010,1776387720,2026-04-17 01:02:00,0,0.01
[tp 78.690],0.0,1,0.0,0,739617540,739613493,78.712,13.75,0.0,SILVER.i#,731195850,1776387758,2026-04-17 01:02:38,1,0.01
[tp 78.680],0.0,1,0.0,0,739617541,739613745,78.712,14.35,0.0,SILVER.i#,731195853,1776387758,2026-04-17 01:02:38,1,0.01
CT-SELL-c68%,0.0,0,0.0,0,739621393,739621393,78.827,0.0,0.0,SILVER.i#,731199721,1776388030,2026-04-17 01:07:10,1,0.01
CT-SELL-c63%,0.0,0,0.0,0,739624159,739624159,78.786,0.0,0.0,SILVER.i#,731202455,1776388562,2026-04-17 01:16:02,1,0.01
CT-SELL-c68%,0.0,0,0.0,0,739624370,739624370,78.783,0.0,0.0,SILVER.i#,731202665,1776388632,2026-04-17 01:17:12,1,0.01
[tp 78.560],0.0,1,0.0,0,739653740,739621393,78.536,14.55,0.0,SILVER.i#,731231894,1776395101,2026-04-17 03:05:01,0,0.01
[tp 78.540],0.0,1,0.0,0,739653741,739624159,78.536,12.5,0.0,SILVER.i#,731231896,1776395101,2026-04-17 03:05:01,0,0.01
[tp 78.530],0.0,1,0.0,0,739653806,739624370,78.528,12.75,0.0,SILVER.i#,731231967,1776395101,2026-04-17 03:05:01,0,0.01
CT-BUY-c82%,0.0,0,0.0,0,739684223,739684223,78.629,0.0,0.0,SILVER.i#,731262206,1776398884,2026-04-17 04:08:04,0,0.01
CT-BUY-c82%,0.0,0,0.0,0,739684547,739684547,78.634,0.0,0.0,SILVER.i#,731262533,1776398950,2026-04-17 04:09:10,0,0.01
[sl 78.490],0.0,1,0.0,0,739684700,739684223,78.488,-7.05,0.0,SILVER.i#,731262687,1776398970,2026-04-17 04:09:30,1,0.01
[sl 78.490],0.0,1,0.0,0,739684701,739684547,78.488,-7.3,0.0,SILVER.i#,731262688,1776398970,2026-04-17 04:09:30,1,0.01
CT-BUY-c82%,0.0,0,0.0,0,739708565,739708565,78.017,0.0,0.0,SILVER.i#,731286598,1776399901,2026-04-17 04:25:01,0,0.01
CT-BUY-c82%,0.0,0,0.0,0,739709535,739709535,78.092,0.0,0.0,SILVER.i#,731287563,1776399968,2026-04-17 04:26:08,0,0.01
CT-BUY-c82%,0.0,0,0.0,0,739710559,739710559,78.112,0.0,0.0,SILVER.i#,731288579,1776400030,2026-04-17 04:27:10,0,0.01
[sl 77.950],0.0,1,0.0,0,739711656,739710559,77.95,-8.1,0.0,SILVER.i#,731289672,1776400082,2026-04-17 04:28:02,1,0.01
[sl 77.940],0.0,1,0.0,0,739711773,739709535,77.926,-8.3,0.0,SILVER.i#,731289793,1776400082,2026-04-17 04:28:02,1,0.01
[sl 77.860],0.0,1,0.0,0,739713293,739708565,77.859,-7.9,0.0,SILVER.i#,731291321,1776400119,2026-04-17 04:28:39,1,0.01
CT-BUY-c82%,0.0,0,0.0,0,739727707,739727707,78.132,0.0,0.0,SILVER.i#,731305622,1776401068,2026-04-17 04:44:28,0,0.01
CT-BUY-c82%,0.0,0,0.0,0,739728455,739728455,78.206,0.0,0.0,SILVER.i#,731306369,1776401134,2026-04-17 04:45:34,0,0.01
CT-BUY-c82%,0.0,0,0.0,0,739728979,739728979,78.237,0.0,0.0,SILVER.i#,731306893,1776401195,2026-04-17 04:46:35,0,0.01
SCALE1-739727707,0.0,0,0.0,0,739733737,739733737,78.378,0.0,0.0,SILVER.i#,731311603,1776401577,2026-04-17 04:52:57,0,0.01
SCALE2-739727707,0.0,0,0.0,0,739734462,739734462,78.386,0.0,0.0,SILVER.i#,731312339,1776401645,2026-04-17 04:54:05,0,0.01
[tp 78.370],0.0,1,0.0,0,739735894,739727707,78.373,12.05,0.0,SILVER.i#,731313737,1776401729,2026-04-17 04:55:29,1,0.01
[tp 78.370],0.0,1,0.0,0,739735895,739733737,78.373,-0.25,0.0,SILVER.i#,731313738,1776401729,2026-04-17 04:55:29,1,0.01
[tp 78.370],0.0,1,0.0,0,739735896,739734462,78.373,-0.65,0.0,SILVER.i#,731313739,1776401729,2026-04-17 04:55:29,1,0.01
SCALE1-739728455,0.0,0,0.0,0,739736962,739736962,78.431,0.0,0.0,SILVER.i#,731314829,1776401776,2026-04-17 04:56:16,0,0.01
SCALE1-739728979,0.0,0,0.0,0,739736966,739736966,78.43,0.0,0.0,SILVER.i#,731314835,1776401777,2026-04-17 04:56:17,0,0.01
SCALE2-739728455,0.0,0,0.0,0,739737916,739737916,78.453,0.0,0.0,SILVER.i#,731315581,1776401839,2026-04-17 04:57:19,0,0.01
SCALE2-739728979,0.0,0,0.0,0,739737917,739737917,78.456,0.0,0.0,SILVER.i#,731315582,1776401840,2026-04-17 04:57:20,0,0.01
[tp 78.460],0.0,1,0.0,0,739740664,739728455,78.464,12.9,0.0,SILVER.i#,731318308,1776402141,2026-04-17 05:02:21,1,0.01
[tp 78.460],0.0,1,0.0,0,739740665,739728979,78.464,11.35,0.0,SILVER.i#,731318309,1776402141,2026-04-17 05:02:21,1,0.01
[tp 78.460],0.0,1,0.0,0,739740666,739736962,78.464,1.65,0.0,SILVER.i#,731318310,1776402141,2026-04-17 05:02:21,1,0.01
[tp 78.460],0.0,1,0.0,0,739740667,739736966,78.464,1.7,0.0,SILVER.i#,731318311,1776402141,2026-04-17 05:02:21,1,0.01
[tp 78.460],0.0,1,0.0,0,739740668,739737916,78.464,0.55,0.0,SILVER.i#,731318312,1776402141,2026-04-17 05:02:21,1,0.01
[tp 78.460],0.0,1,0.0,0,739740669,739737917,78.464,0.4,0.0,SILVER.i#,731318313,1776402141,2026-04-17 05:02:21,1,0.01
CT-BUY-c82%,0.0,0,0.0,0,739750205,739750205,78.329,0.0,0.0,SILVER.i#,731327748,1776403124,2026-04-17 05:18:44,0,0.01
CT-BUY-c82%,0.0,0,0.0,0,739750781,739750781,78.335,0.0,0.0,SILVER.i#,731328324,1776403207,2026-04-17 05:20:07,0,0.01
CT-BUY-c82%,0.0,0,0.0,0,739751415,739751415,78.406,0.0,0.0,SILVER.i#,731328950,1776403274,2026-04-17 05:21:14,0,0.01
[sl 78.260],0.0,1,0.0,0,739753161,739751415,78.249,-7.85,0.0,SILVER.i#,731330698,1776403513,2026-04-17 05:25:13,1,0.01
SCALE1-739750205,0.0,0,0.0,0,739762849,739762849,78.554,0.0,0.0,SILVER.i#,731340395,1776404376,2026-04-17 05:39:36,0,0.01
SCALE1-739750781,0.0,0,0.0,0,739762852,739762852,78.552,0.0,0.0,SILVER.i#,731340398,1776404377,2026-04-17 05:39:37,0,0.01
SCALE2-739750205,0.0,0,0.0,0,739763174,739763174,78.557,0.0,0.0,SILVER.i#,731340715,1776404443,2026-04-17 05:40:43,0,0.01
SCALE2-739750781,0.0,0,0.0,0,739763177,739763177,78.556,0.0,0.0,SILVER.i#,731340718,1776404443,2026-04-17 05:40:43,0,0.01
[sl 78.310],0.0,1,0.0,0,739770242,739762849,78.307,-12.35,0.0,SILVER.i#,731347469,1776405421,2026-04-17 05:57:01,1,0.01
[sl 78.310],0.0,1,0.0,0,739770243,739762852,78.307,-12.25,0.0,SILVER.i#,731347470,1776405421,2026-04-17 05:57:01,1,0.01
[sl 78.310],0.0,1,0.0,0,739770244,739763174,78.307,-12.5,0.0,SILVER.i#,731347471,1776405421,2026-04-17 05:57:01,1,0.01
[sl 78.310],0.0,1,0.0,0,739770245,739763177,78.307,-12.45,0.0,SILVER.i#,731347472,1776405421,2026-04-17 05:57:01,1,0.01
[tp 78.580],0.0,1,0.0,0,739774318,739750205,78.583,12.7,0.0,SILVER.i#,731351519,1776405827,2026-04-17 06:03:47,1,0.01
[tp 78.590],0.0,1,0.0,0,739774333,739750781,78.594,12.95,0.0,SILVER.i#,731351535,1776405828,2026-04-17 06:03:48,1,0.01
CT-BUY-c82%,0.0,0,0.0,0,739781532,739781532,78.985,0.0,0.0,SILVER.i#,731358755,1776406366,2026-04-17 06:12:46,0,0.01
CT-BUY-c82%,0.0,0,0.0,0,739782037,739782037,78.99,0.0,0.0,SILVER.i#,731359252,1776406427,2026-04-17 06:13:47,0,0.01
CT-BUY-c82%,0.0,0,0.0,0,739783458,739783458,79.052,0.0,0.0,SILVER.i#,731360685,1776406497,2026-04-17 06:14:57,0,0.01
[sl 78.920],0.0,1,0.0,0,739789662,739783458,78.92,-6.6,0.0,SILVER.i#,731366856,1776407415,2026-04-17 06:30:15,1,0.01
[sl 78.840],0.0,1,0.0,0,739791540,739781532,78.808,-8.85,0.0,SILVER.i#,731368759,1776407850,2026-04-17 06:37:30,1,0.01
[sl 78.840],0.0,1,0.0,0,739791541,739782037,78.808,-9.1,0.0,SILVER.i#,731368760,1776407850,2026-04-17 06:37:30,1,0.01
CT-BUY-c82%,0.0,0,0.0,0,739797260,739797260,79.041,0.0,0.0,SILVER.i#,731374467,1776408806,2026-04-17 06:53:26,0,0.01
CT-BUY-c82%,0.0,0,0.0,0,739797595,739797595,79.002,0.0,0.0,SILVER.i#,731374790,1776408873,2026-04-17 06:54:33,0,0.01
CT-BUY-c82%,0.0,0,0.0,0,739797958,739797958,78.981,0.0,0.0,SILVER.i#,731375145,1776408934,2026-04-17 06:55:34,0,0.01
[sl 78.890],0.0,1,0.0,0,739799145,739797260,78.882,-7.95,0.0,SILVER.i#,731376337,1776409196,2026-04-17 06:59:56,1,0.01
[sl 78.850],0.0,1,0.0,0,739799598,739797595,78.85,-7.6,0.0,SILVER.i#,731376775,1776409276,2026-04-17 07:01:16,1,0.01
CT-BUY-c82%,0.0,0,0.0,0,739804351,739804351,79.031,0.0,0.0,SILVER.i#,731381437,1776410218,2026-04-17 07:16:58,0,0.01
CT-BUY-c82%,0.0,0,0.0,0,739804574,739804574,79.048,0.0,0.0,SILVER.i#,731381661,1776410293,2026-04-17 07:18:13,0,0.01
SCALE1-739797958,0.0,0,0.0,0,739811932,739811932,79.199,0.0,0.0,SILVER.i#,731389048,1776411491,2026-04-17 07:38:11,0,0.01
SCALE2-739797958,0.0,0,0.0,0,739812847,739812847,79.199,0.0,0.0,SILVER.i#,731389977,1776411560,2026-04-17 07:39:20,0,0.01
SCALE1-739804351,0.0,0,0.0,0,739814950,739814950,79.255,0.0,0.0,SILVER.i#,731392068,1776411757,2026-04-17 07:42:37,0,0.01
[tp 79.230],0.0,1,0.0,0,739815063,739797958,79.231,12.5,0.0,SILVER.i#,731392183,1776411765,2026-04-17 07:42:45,1,0.01
[tp 79.230],0.0,1,0.0,0,739815064,739811932,79.231,1.6,0.0,SILVER.i#,731392184,1776411765,2026-04-17 07:42:45,1,0.01
[tp 79.230],0.0,1,0.0,0,739815065,739812847,79.231,1.6,0.0,SILVER.i#,731392185,1776411765,2026-04-17 07:42:45,1,0.01
SCALE2-739804351,0.0,0,0.0,0,739816285,739816285,79.279,0.0,0.0,SILVER.i#,731393483,1776411819,2026-04-17 07:43:39,0,0.01
SCALE1-739804574,0.0,0,0.0,0,739816292,739816292,79.286,0.0,0.0,SILVER.i#,731393491,1776411821,2026-04-17 07:43:41,0,0.01
SCALE2-739804574,0.0,0,0.0,0,739816771,739816771,79.274,0.0,0.0,SILVER.i#,731393972,1776411887,2026-04-17 07:44:47,0,0.01
[sl 79.030],0.0,1,0.0,0,739830338,739816292,79.028,-12.9,0.0,SILVER.i#,731407561,1776412964,2026-04-17 08:02:44,1,0.01
[sl 79.030],0.0,1,0.0,0,739830339,739816771,79.028,-12.3,0.0,SILVER.i#,731407562,1776412964,2026-04-17 08:02:44,1,0.01
[sl 79.010],0.0,1,0.0,0,739831894,739814950,79.009,-12.3,0.0,SILVER.i#,731409112,1776413045,2026-04-17 08:04:05,1,0.01
[sl 79.010],0.0,1,0.0,0,739831895,739816285,79.009,-13.5,0.0,SILVER.i#,731409113,1776413045,2026-04-17 08:04:05,1,0.01
CT-BUY-c82%,0.0,0,0.0,0,739845688,739845688,79.105,0.0,0.0,SILVER.i#,731423013,1776413998,2026-04-17 08:19:58,0,0.01
[sl 78.960],0.0,1,0.0,0,739851890,739845688,78.955,-7.5,0.0,SILVER.i#,731429197,1776414690,2026-04-17 08:31:30,1,0.01
[sl 78.900],0.0,1,0.0,0,739853596,739804574,78.9,-7.4,0.0,SILVER.i#,731430884,1776414805,2026-04-17 08:33:25,1,0.01
[sl 78.880],0.0,1,0.0,0,739853640,739804351,78.879,-7.6,0.0,SILVER.i#,731430928,1776414807,2026-04-17 08:33:27,1,0.01
CT-BUY-c82%,0.0,0,0.0,0,739871094,739871094,79.108,0.0,0.0,SILVER.i#,731448223,1776415735,2026-04-17 08:48:55,0,0.01
CT-BUY-c82%,0.0,0,0.0,0,739872007,739872007,79.115,0.0,0.0,SILVER.i#,731449274,1776415813,2026-04-17 08:50:13,0,0.01
CT-BUY-c82%,0.0,0,0.0,0,739873281,739873281,79.164,0.0,0.0,SILVER.i#,731450568,1776415883,2026-04-17 08:51:23,0,0.01
[sl 79.020],0.0,1,0.0,0,739878392,739873281,79.018,-7.3,0.0,SILVER.i#,731455686,1776416190,2026-04-17 08:56:30,1,0.01
[sl 78.980],0.0,1,0.0,0,739878652,739872007,78.979,-6.8,0.0,SILVER.i#,731455948,1776416201,2026-04-17 08:56:41,1,0.01
[sl 78.950],0.0,1,0.0,0,739879080,739871094,78.949,-7.95,0.0,SILVER.i#,731456378,1776416224,2026-04-17 08:57:04,1,0.01
CT-BUY-c82%,0.0,0,0.0,0,739900990,739900990,78.795,0.0,0.0,SILVER.i#,731478315,1776417196,2026-04-17 09:13:16,0,0.01
CT-BUY-c82%,0.0,0,0.0,0,739901801,739901801,78.801,0.0,0.0,SILVER.i#,731479112,1776417259,2026-04-17 09:14:19,0,0.01
CT-BUY-c82%,0.0,0,0.0,0,739902904,739902904,78.784,0.0,0.0,SILVER.i#,731480191,1776417328,2026-04-17 09:15:28,0,0.01
[sl 78.650],0.0,1,0.0,0,739905598,739900990,78.648,-7.35,0.0,SILVER.i#,731482901,1776417520,2026-04-17 09:18:40,1,0.01
[sl 78.650],0.0,1,0.0,0,739905599,739901801,78.648,-7.65,0.0,SILVER.i#,731482903,1776417520,2026-04-17 09:18:40,1,0.01
[sl 78.640],0.0,1,0.0,0,739906367,739902904,78.64,-7.2,0.0,SILVER.i#,731483660,1776417554,2026-04-17 09:19:14,1,0.01
CT-BUY-c82%,0.0,0,0.0,0,739926671,739926671,78.612,0.0,0.0,SILVER.i#,731504139,1776418538,2026-04-17 09:35:38,0,0.01
CT-BUY-c82%,0.0,0,0.0,0,739927606,739927606,78.574,0.0,0.0,SILVER.i#,731505069,1776418605,2026-04-17 09:36:45,0,0.01
CT-BUY-c82%,0.0,0,0.0,0,739930268,739930268,78.552,0.0,0.0,SILVER.i#,731507752,1776418668,2026-04-17 09:37:48,0,0.01
SCALE1-739930268,0.0,0,0.0,0,739955721,739955721,78.748,0.0,0.0,SILVER.i#,731532884,1776420366,2026-04-17 10:06:06,0,0.01
SCALE2-739930268,0.0,0,0.0,0,739957625,739957625,78.746,0.0,0.0,SILVER.i#,731534783,1776420498,2026-04-17 10:08:18,0,0.01
[tp 78.790],0.0,1,0.0,0,739959471,739930268,78.804,12.6,0.0,SILVER.i#,731536631,1776420561,2026-04-17 10:09:21,1,0.01
[tp 78.790],0.0,1,0.0,0,739959472,739955721,78.804,2.8,0.0,SILVER.i#,731536632,1776420561,2026-04-17 10:09:21,1,0.01
[tp 78.790],0.0,1,0.0,0,739959473,739957625,78.804,2.9,0.0,SILVER.i#,731536633,1776420561,2026-04-17 10:09:21,1,0.01
SCALE1-739927606,0.0,0,0.0,0,739959569,739959569,78.828,0.0,0.0,SILVER.i#,731536726,1776420567,2026-04-17 10:09:27,0,0.01
SCALE2-739927606,0.0,0,0.0,0,739960934,739960934,78.815,0.0,0.0,SILVER.i#,731538081,1776420630,2026-04-17 10:10:30,0,0.01
SCALE1-739926671,0.0,0,0.0,0,739969154,739969154,78.767,0.0,0.0,SILVER.i#,731546261,1776421231,2026-04-17 10:20:31,0,0.01
SCALE2-739926671,0.0,0,0.0,0,739970955,739970955,78.796,0.0,0.0,SILVER.i#,731548039,1776421423,2026-04-17 10:23:43,0,0.01
[tp 78.830],0.0,1,0.0,0,739974684,739927606,78.83,12.8,0.0,SILVER.i#,731551802,1776421571,2026-04-17 10:26:11,1,0.01
[tp 78.830],0.0,1,0.0,0,739974685,739959569,78.83,0.1,0.0,SILVER.i#,731551803,1776421571,2026-04-17 10:26:11,1,0.01
[tp 78.830],0.0,1,0.0,0,739974686,739960934,78.83,0.75,0.0,SILVER.i#,731551804,1776421571,2026-04-17 10:26:11,1,0.01
[tp 78.860],0.0,1,0.0,0,739977970,739926671,78.86,12.4,0.0,SILVER.i#,731555053,1776421858,2026-04-17 10:30:58,1,0.01
[tp 78.860],0.0,1,0.0,0,739977971,739969154,78.86,4.65,0.0,SILVER.i#,731555055,1776421858,2026-04-17 10:30:58,1,0.01
[tp 78.860],0.0,1,0.0,0,739977972,739970955,78.86,3.2,0.0,SILVER.i#,731555056,1776421858,2026-04-17 10:30:58,1,0.01
CT-SELL-c63%,0.0,0,0.0,0,740100477,740100477,79.686,0.0,0.0,SILVER.i#,731677614,1776429827,2026-04-17 12:43:47,1,0.1
,0.0,1,0.0,0,740100553,740100477,79.731,-22.5,0.0,SILVER.i#,731677689,1776429837,2026-04-17 12:43:57,0,0.1
CT-BUY-c78%,0.0,0,0.0,0,740101001,740101001,79.703,0.0,0.0,SILVER.i#,731678133,1776429896,2026-04-17 12:44:56,0,0.1
,0.0,1,0.0,0,740101074,740101001,79.668,-17.5,0.0,SILVER.i#,731678201,1776429905,2026-04-17 12:45:05,1,0.1
CT-SELL-c63%,0.0,0,0.0,0,740518484,740518484,81.911,0.0,0.0,SILVER.i#,732090550,1776444061,2026-04-17 16:41:01,1,0.1
,0.0,1,0.0,0,740518630,740518484,82.003,-46.0,0.0,SILVER.i#,732090699,1776444064,2026-04-17 16:41:04,0,0.1
CT-BUY-c74%,0.0,0,0.0,0,740518692,740518692,4867.25,0.0,0.0,GOLD.i#,732090761,1776444066,2026-04-17 16:41:06,0,0.1
,0.0,1,0.0,0,740518972,740518692,4865.17,-20.8,0.0,GOLD.i#,732091043,1776444078,2026-04-17 16:41:18,1,0.1
CT-BUY-c74%,0.0,0,0.0,0,740519711,740519711,4867.19,0.0,0.0,GOLD.i#,732091788,1776444104,2026-04-17 16:41:44,0,0.1
CT-BUY-c74%,0.0,0,0.0,0,740519867,740519867,4868.55,0.0,0.0,GOLD.i#,732091945,1776444114,2026-04-17 16:41:54,0,0.1
CT-BUY-c74%,0.0,0,0.0,0,740520374,740520374,4870.15,0.0,0.0,GOLD.i#,732092467,1776444123,2026-04-17 16:42:03,0,0.1
CT-SELL-c63%,0.0,0,0.0,0,740521304,740521304,82.095,0.0,0.0,SILVER.i#,732093393,1776444141,2026-04-17 16:42:21,1,0.1
,0.0,1,0.0,0,740521592,740521304,82.199,-52.0,0.0,SILVER.i#,732093668,1776444145,2026-04-17 16:42:25,0,0.1
,0.0,1,0.0,0,740522763,740519711,4868.98,17.9,0.0,GOLD.i#,732094824,1776444169,2026-04-17 16:42:49,1,0.1
,0.0,1,0.0,0,740522767,740519867,4868.95,4.0,0.0,GOLD.i#,732094828,1776444169,2026-04-17 16:42:49,1,0.1
CT-BUY-c74%,0.0,0,0.0,0,740523507,740523507,4871.56,0.0,0.0,GOLD.i#,732095566,1776444182,2026-04-17 16:43:02,0,0.1
,0.0,1,0.0,0,740523830,740523507,4870.67,-8.9,0.0,GOLD.i#,732095896,1776444192,2026-04-17 16:43:12,1,0.1
CT-BUY-c74%,0.0,0,0.0,0,740523832,740523832,4870.86,0.0,0.0,GOLD.i#,732095898,1776444192,2026-04-17 16:43:12,0,0.1
CT-SELL-c63%,0.0,0,0.0,0,740524169,740524169,82.09,0.0,0.0,SILVER.i#,732096243,1776444205,2026-04-17 16:43:25,1,0.1
,0.0,1,0.0,0,740524638,740524169,82.182,-46.0,0.0,SILVER.i#,732096710,1776444216,2026-04-17 16:43:36,0,0.1
,0.0,1,0.0,0,740525461,740520374,4867.95,-22.0,0.0,GOLD.i#,732097517,1776444235,2026-04-17 16:43:55,1,0.1
[sl 4866.29],0.0,1,0.0,0,740525498,740523832,4866.2,-46.6,0.0,GOLD.i#,732097554,1776444235,2026-04-17 16:43:55,1,0.1
CT-BUY-c74%,0.0,0,0.0,0,740526398,740526398,4866.88,0.0,0.0,GOLD.i#,732098453,1776444255,2026-04-17 16:44:15,0,0.1
CT-BUY-c74%,0.0,0,0.0,0,740526604,740526604,4865.91,0.0,0.0,GOLD.i#,732098662,1776444260,2026-04-17 16:44:20,0,0.1
CT-SELL-c58%,0.0,0,0.0,0,740526807,740526807,82.068,0.0,0.0,SILVER.i#,732098870,1776444267,2026-04-17 16:44:27,1,0.1
,0.0,1,0.0,0,740526862,740526807,82.1,-16.0,0.0,SILVER.i#,732098926,1776444269,2026-04-17 16:44:29,0,0.1
,0.0,1,0.0,0,740527534,740526398,4865.09,-17.9,0.0,GOLD.i#,732099598,1776444286,2026-04-17 16:44:46,1,0.1
[sl 4864.20],0.0,1,0.0,0,740527751,740526604,4864.12,-17.9,0.0,GOLD.i#,732099812,1776444295,2026-04-17 16:44:55,1,0.1
CT-SELL-c63%,0.0,0,0.0,0,740541528,740541528,81.731,0.0,0.0,SILVER.i#,732113573,1776444529,2026-04-17 16:48:49,1,0.1
,0.0,1,0.0,0,740541790,740541528,81.802,-35.5,0.0,SILVER.i#,732113838,1776444537,2026-04-17 16:48:57,0,0.1
CT-SELL-c63%,0.0,0,0.0,0,740543981,740543981,81.938,0.0,0.0,SILVER.i#,732116033,1776444592,2026-04-17 16:49:52,1,0.1
,0.0,1,0.0,0,740544304,740543981,81.993,-27.5,0.0,SILVER.i#,732116360,1776444598,2026-04-17 16:49:58,0,0.1
CT-BUY-c78%,0.0,0,0.0,0,740546391,740546391,81.945,0.0,0.0,SILVER.i#,732118441,1776444659,2026-04-17 16:50:59,0,0.1
,0.0,1,0.0,0,740550758,740546391,82.097,76.0,0.0,SILVER.i#,732122828,1776444772,2026-04-17 16:52:52,1,0.1
CT-SELL-c70%,0.0,0,0.0,0,740558927,740558927,82.355,0.0,0.0,SILVER.i#,732130981,1776444935,2026-04-17 16:55:35,1,0.1
,0.0,1,0.0,0,740559608,740558927,82.434,-39.5,0.0,SILVER.i#,732131670,1776444950,2026-04-17 16:55:50,0,0.1
CT-BUY-c82%,0.0,0,0.0,0,740570798,740570798,4883.61,0.0,0.0,GOLD.i#,732142900,1776445240,2026-04-17 17:00:40,0,0.1
CT-BUY-c82%,0.0,0,0.0,0,740571950,740571950,82.363,0.0,0.0,SILVER.i#,732144053,1776445257,2026-04-17 17:00:57,0,0.1
,0.0,1,0.0,0,740572391,740570798,4882.91,-7.0,0.0,GOLD.i#,732144486,1776445269,2026-04-17 17:01:09,1,0.1
,0.0,1,0.0,0,740572402,740571950,82.371,4.0,0.0,SILVER.i#,732144498,1776445270,2026-04-17 17:01:10,1,0.1
CT-BUY-c82%,0.0,0,0.0,0,740599848,740599848,4861.88,0.0,0.0,GOLD.i#,732171849,1776445976,2026-04-17 17:12:56,0,0.1
CT-BUY-c82%,0.0,0,0.0,0,740600685,740600685,4862.87,0.0,0.0,GOLD.i#,732172674,1776445996,2026-04-17 17:13:16,0,0.1
CT-BUY-c82%,0.0,0,0.0,0,740602768,740602768,4863.94,0.0,0.0,GOLD.i#,732174740,1776446053,2026-04-17 17:14:13,0,0.1
CT-BUY-c82%,0.0,0,0.0,0,740602774,740602774,4863.94,0.0,0.0,GOLD.i#,732174746,1776446053,2026-04-17 17:14:13,0,0.1
,0.0,1,0.0,0,740603193,740602768,4862.22,-17.2,0.0,GOLD.i#,732175161,1776446065,2026-04-17 17:14:25,1,0.1
,0.0,1,0.0,0,740603201,740602774,4862.21,-17.3,0.0,GOLD.i#,732175169,1776446065,2026-04-17 17:14:25,1,0.1
,0.0,1,0.0,0,740603963,740600685,4866.71,38.4,0.0,GOLD.i#,732175932,1776446083,2026-04-17 17:14:43,1,0.1
[tp 4867.01],0.0,1,0.0,0,740604005,740599848,4867.18,53.0,0.0,GOLD.i#,732175971,1776446084,2026-04-17 17:14:44,1,0.1
,0.0,0,0.0,0,741012317,741012317,4833.48,0.0,0.0,GOLD.i#,732578832,1776470201,2026-04-17 23:56:41,0,0.1
,0.0,1,0.0,0,741012399,741012317,4832.21,-12.7,0.0,GOLD.i#,732578892,1776470223,2026-04-17 23:57:03,1,0.1
,0.0,0,0.0,0,741012796,741012796,4833.23,0.0,0.0,GOLD.i#,732579232,1776470246,2026-04-17 23:57:26,0,0.1
,0.0,0,0.0,0,741012818,741012818,4831.71,0.0,0.0,GOLD.i#,732579252,1776470248,2026-04-17 23:57:28,1,0.1
,0.0,0,0.0,0,741012826,741012826,4831.77,0.0,0.0,GOLD.i#,732579259,1776470249,2026-04-17 23:57:29,1,0.1
,0.0,1,0.0,0,741012957,741012818,4833.98,-22.7,0.0,GOLD.i#,732579379,1776470255,2026-04-17 23:57:35,0,0.1
,0.0,1,0.0,0,741012960,741012826,4834.08,-23.1,0.0,GOLD.i#,732579382,1776470256,2026-04-17 23:57:36,0,0.1
,0.0,1,0.0,0,741303023,741012796,4779.87,-533.6,0.0,GOLD.i#,732878367,1776646923,2026-04-20 01:02:03,1,0.1
CT-BUY-c99%,0.0,0,0.0,0,741363234,741363234,4768.36,0.0,0.0,GOLD.i#,732936858,1776652546,2026-04-20 02:35:46,0,0.01
,0.0,1,0.0,0,741363279,741363234,4768.3,-0.06,0.0,GOLD.i#,732936899,1776652550,2026-04-20 02:35:50,1,0.01
CT-SELL-c99%,0.0,0,0.0,0,741363285,741363285,4768.21,0.0,0.0,GOLD.i#,732936904,1776652550,2026-04-20 02:35:50,1,0.01
,0.0,1,0.0,0,741363341,741363285,4768.19,0.02,0.0,GOLD.i#,732936951,1776652554,2026-04-20 02:35:54,0,0.01
CT-SELL-c68%,0.0,0,0.0,0,741431235,741431235,79.403,0.0,0.0,SILVER.i#,733001221,1776657073,2026-04-20 03:51:13,1,0.05
,0.0,1,0.0,0,741431390,741431235,79.464,-15.25,0.0,SILVER.i#,733001372,1776657089,2026-04-20 03:51:29,0,0.05
CT-SELL-c82%,0.0,0,0.0,0,741455875,741455875,79.984,0.0,0.0,SILVER.i#,733024347,1776658800,2026-04-20 04:20:00,1,0.05
CT-SELL-c78%,0.0,0,0.0,0,741456777,741456777,79.916,0.0,0.0,SILVER.i#,733025129,1776658886,2026-04-20 04:21:26,1,0.05
,0.0,1,0.0,0,741456933,741456777,79.974,-14.5,0.0,SILVER.i#,733025255,1776658902,2026-04-20 04:21:42,0,0.05
[sl 80.110],0.0,1,0.0,0,741459517,741455875,80.111,-31.75,0.0,SILVER.i#,733027731,1776659108,2026-04-20 04:25:08,0,0.05
CT-SELL-c82%,0.0,0,0.0,0,741479391,741479391,80.301,0.0,0.0,SILVER.i#,733046303,1776660516,2026-04-20 04:48:36,1,0.05
[sl 80.420],0.0,1,0.0,0,741480117,741479391,80.421,-30.0,0.0,SILVER.i#,733046989,1776660585,2026-04-20 04:49:45,0,0.05
CT-SELL-c82%,0.0,0,0.0,0,741480212,741480212,80.353,0.0,0.0,SILVER.i#,733047079,1776660598,2026-04-20 04:49:58,1,0.05
,0.0,1,0.0,0,741480337,741480212,80.417,-16.0,0.0,SILVER.i#,733047195,1776660614,2026-04-20 04:50:14,0,0.05
CT-SELL-c82%,0.0,0,0.0,0,741484043,741484043,80.641,0.0,0.0,SILVER.i#,733050745,1776660977,2026-04-20 04:56:17,1,0.05
CT-SELL-c82%,0.0,0,0.0,0,741485058,741485058,80.507,0.0,0.0,SILVER.i#,733051616,1776661052,2026-04-20 04:57:32,1,0.05
,0.0,1,0.0,0,741485361,741485058,80.627,-30.0,0.0,SILVER.i#,733051909,1776661069,2026-04-20 04:57:49,0,0.05
,0.0,1,0.0,0,741487604,741484043,80.607,8.5,0.0,SILVER.i#,733054002,1776661317,2026-04-20 05:01:57,0,0.05
CT-BUY-c82%,0.0,0,0.0,0,741488699,741488699,80.535,0.0,0.0,SILVER.i#,733055070,1776661450,2026-04-20 05:04:10,0,0.08
[sl 80.460],0.0,1,0.0,0,741488879,741488699,80.448,-34.8,0.0,SILVER.i#,733055246,1776661463,2026-04-20 05:04:23,1,0.08
CT-BUY-c82%,0.0,0,0.0,0,741492550,741492550,80.468,0.0,0.0,SILVER.i#,733058530,1776661778,2026-04-20 05:09:38,0,0.08
,0.0,1,0.0,0,741492612,741492550,80.428,-16.0,0.0,SILVER.i#,733058593,1776661794,2026-04-20 05:09:54,1,0.08
CT-SELL-c68%,0.0,0,0.0,0,741499249,741499249,80.538,0.0,0.0,SILVER.i#,733064895,1776662311,2026-04-20 05:18:31,1,0.08
CT-SELL-c68%,0.0,0,0.0,0,741500935,741500935,80.308,0.0,0.0,SILVER.i#,733066529,1776662465,2026-04-20 05:21:05,1,0.08
,0.0,1,0.0,0,741501191,741500935,80.392,-33.6,0.0,SILVER.i#,733066774,1776662509,2026-04-20 05:21:49,0,0.08
,0.0,1,0.0,0,741502778,741499249,80.505,13.2,0.0,SILVER.i#,733068297,1776662658,2026-04-20 05:24:18,0,0.08
CT-SELL-c70%,0.0,0,0.0,0,741573204,741573204,79.935,0.0,0.0,SILVER.i#,733135318,1776670195,2026-04-20 07:29:55,1,0.08
,0.0,1,0.0,0,741581362,741573204,79.852,33.2,0.0,SILVER.i#,733143230,1776670822,2026-04-20 07:40:22,0,0.08
,0.0,0,0.0,0,743607450,743607450,4778.01,0.0,0.0,GOLD.i#,735134676,1776791969,2026-04-21 17:19:29,1,0.01
,0.0,1,0.0,0,743610750,743607450,4775.74,2.27,0.0,GOLD.i#,735137940,1776792099,2026-04-21 17:21:39,0,0.01
,0.0,0,0.0,0,744703889,744703889,4756.42,0.0,0.0,GOLD.i#,736206830,1776862858,2026-04-22 13:00:58,0,0.01
,0.0,1,0.0,0,744704670,744703889,4756.94,0.52,0.0,GOLD.i#,736207588,1776862889,2026-04-22 13:01:29,1,0.01
,0.0,0,0.0,0,744704944,744704944,4754.85,0.0,0.0,GOLD.i#,736207836,1776862917,2026-04-22 13:01:57,0,0.01
,0.0,0,0.0,0,744705001,744705001,4754.57,0.0,0.0,GOLD.i#,736207893,1776862920,2026-04-22 13:02:00,0,0.01
,0.0,0,0.0,0,744705436,744705436,4753.92,0.0,0.0,GOLD.i#,736208305,1776862938,2026-04-22 13:02:18,1,0.01
CodexE2E_GOLD_BU,0.0,0,0.0,100,744737582,744737582,4751.79,0.0,0.0,GOLD.i#,736239692,1776864341,2026-04-22 13:25:41,0,0.02
CodexE2E_CLOSE,0.0,1,0.0,100,744737952,744737582,4751.96,0.34,0.0,GOLD.i#,736240036,1776864370,2026-04-22 13:26:10,1,0.02
CodexE2E_GOLD_SE,0.0,0,0.0,100,744738050,744738050,4752.69,0.0,0.0,GOLD.i#,736240122,1776864377,2026-04-22 13:26:17,1,0.02
CodexE2E_CLOSE,0.0,1,0.0,100,744738245,744738050,4753.25,-1.12,0.0,GOLD.i#,736240288,1776864391,2026-04-22 13:26:31,0,0.02
CodexE2E_SILVER_,0.0,0,0.0,100,744738352,744738352,77.878,0.0,0.0,SILVER.i#,736240385,1776864399,2026-04-22 13:26:39,0,0.02
CodexE2E_CLOSE,0.0,1,0.0,100,744738499,744738352,77.826,-5.2,0.0,SILVER.i#,736240522,1776864414,2026-04-22 13:26:54,1,0.02
CodexE2E_SILVER_,0.0,0,0.0,100,744738575,744738575,77.831,0.0,0.0,SILVER.i#,736240585,1776864422,2026-04-22 13:27:02,1,0.02
CodexE2E_CLOSE,0.0,1,0.0,100,744738787,744738575,77.877,-4.6,0.0,SILVER.i#,736240773,1776864443,2026-04-22 13:27:23,0,0.02
,0.0,1,0.0,0,744837406,744705001,4754.94,0.37,0.0,GOLD.i#,736335508,1776870406,2026-04-22 15:06:46,1,0.01
,0.0,1,0.0,0,744837460,744705436,4755.2,-1.28,0.0,GOLD.i#,736335563,1776870409,2026-04-22 15:06:49,0,0.01
,0.0,1,0.0,0,744837561,744704944,4754.94,0.09,0.0,GOLD.i#,736335657,1776870418,2026-04-22 15:06:58,1,0.01
Test-Buy,0.0,0,0.0,100,745393573,745393573,4741.86,0.0,0.0,GOLD.i#,736875871,1776896414,2026-04-22 22:20:14,0,0.01
Test-Sell,0.0,0,0.0,100,745393630,745393630,4741.61,0.0,0.0,GOLD.i#,736875927,1776896425,2026-04-22 22:20:25,1,0.01
Webhook Close,0.0,1,0.0,100,745393733,745393573,4740.81,-1.05,0.0,GOLD.i#,736876028,1776896436,2026-04-22 22:20:36,1,0.01
Webhook Close,0.0,1,0.0,100,745393736,745393630,4741.04,0.57,0.0,GOLD.i#,736876031,1776896436,2026-04-22 22:20:36,0,0.01
CT-BUY-c56%,0.0,0,0.0,100,745394185,745394185,4742.25,0.0,0.0,GOLD.i#,736876475,1776896502,2026-04-22 22:21:42,0,0.1
CT-BUY-c70%,0.0,0,0.0,100,745394238,745394238,77.776,0.0,0.0,SILVER.i#,736876529,1776896509,2026-04-22 22:21:49,0,0.1
,0.0,1,0.0,0,745394496,745394185,4742.49,2.4,0.0,GOLD.i#,736876790,1776896530,2026-04-22 22:22:10,1,0.1
,0.0,1,0.0,0,745394546,745394238,77.717,-29.5,0.0,SILVER.i#,736876839,1776896534,2026-04-22 22:22:14,1,0.1
CT-BUY-c56%,0.0,0,0.0,100,745394775,745394775,4741.5,0.0,0.0,GOLD.i#,736877061,1776896563,2026-04-22 22:22:43,0,0.1
CT-BUY-c70%,0.0,0,0.0,100,745394887,745394887,77.723,0.0,0.0,SILVER.i#,736877176,1776896569,2026-04-22 22:22:49,0,0.1
CT-BUY-c56%,0.0,0,0.0,100,745395268,745395268,4742.09,0.0,0.0,GOLD.i#,736877529,1776896623,2026-04-22 22:23:43,0,0.1
CT-BUY-c56%,0.0,0,0.0,100,745395758,745395758,4741.96,0.0,0.0,GOLD.i#,736877997,1776896689,2026-04-22 22:24:49,0,0.1
CT-BUY-c70%,0.0,0,0.0,100,745395802,745395802,77.734,0.0,0.0,SILVER.i#,736878036,1776896697,2026-04-22 22:24:57,0,0.1
CT-BUY-c56%,0.0,0,0.0,100,745396745,745396745,4743.9,0.0,0.0,GOLD.i#,736878958,1776896751,2026-04-22 22:25:51,0,0.1
[sl 4741.03],0.0,1,0.0,100,745400901,745396745,4740.88,-30.2,0.0,GOLD.i#,736882932,1776897210,2026-04-22 22:33:30,1,0.1
[sl 4738.99],0.0,1,0.0,100,745404482,745394775,4738.97,-25.3,0.0,GOLD.i#,736886294,1776897723,2026-04-22 22:42:03,1,0.1
[sl 4738.99],0.0,1,0.0,100,745404483,745395268,4738.97,-31.2,0.0,GOLD.i#,736886295,1776897723,2026-04-22 22:42:03,1,0.1
[sl 4738.91],0.0,1,0.0,100,745404612,745395758,4738.87,-30.9,0.0,GOLD.i#,736886431,1776897735,2026-04-22 22:42:15,1,0.1
CT-BUY-c56%,0.0,0,0.0,100,745410236,745410236,4739.58,0.0,0.0,GOLD.i#,736891837,1776898387,2026-04-22 22:53:07,0,0.1
CT-BUY-c56%,0.0,0,0.0,100,745412852,745412852,4739.56,0.0,0.0,GOLD.i#,736894396,1776898774,2026-04-22 22:59:34,0,0.1
CT-BUY-c56%,0.0,0,0.0,100,745413401,745413401,4738.52,0.0,0.0,GOLD.i#,736894909,1776898833,2026-04-22 23:00:33,0,0.1
CT-BUY-c56%,0.0,0,0.0,100,745414228,745414228,4737.83,0.0,0.0,GOLD.i#,736895714,1776898930,2026-04-22 23:02:10,0,0.1
CT-BUY-c56%,0.0,0,0.0,100,745414590,745414590,4739.61,0.0,0.0,GOLD.i#,736896069,1776898973,2026-04-22 23:02:53,0,0.1
CT-BUY-c56%,0.0,0,0.0,100,745415250,745415250,4739.81,0.0,0.0,GOLD.i#,736896708,1776899127,2026-04-22 23:05:27,0,0.1
CT-BUY-c56%,0.0,0,0.0,100,745415574,745415574,4738.79,0.0,0.0,GOLD.i#,736897016,1776899192,2026-04-22 23:06:32,0,0.1
CT-BUY-c56%,0.0,0,0.0,100,745416149,745416149,4739.03,0.0,0.0,GOLD.i#,736897586,1776899261,2026-04-22 23:07:41,0,0.1
CT-BUY-c56%,0.0,0,0.0,100,745416290,745416290,4738.86,0.0,0.0,GOLD.i#,736897729,1776899321,2026-04-22 23:08:41,0,0.1
CT-BUY-c56%,0.0,0,0.0,100,745416583,745416583,4738.21,0.0,0.0,GOLD.i#,736898030,1776899397,2026-04-22 23:09:57,0,0.1
[sl 4737.04],0.0,1,0.0,100,745416775,745412852,4736.97,-25.9,0.0,GOLD.i#,736898223,1776899423,2026-04-22 23:10:23,1,0.1
[sl 4736.65],0.0,1,0.0,100,745416826,745414590,4736.64,-29.7,0.0,GOLD.i#,736898266,1776899427,2026-04-22 23:10:27,1,0.1
[sl 4736.76],0.0,1,0.0,100,745416827,745415250,4736.64,-31.7,0.0,GOLD.i#,736898273,1776899427,2026-04-22 23:10:27,1,0.1
[sl 4736.61],0.0,1,0.0,100,745416893,745410236,4736.44,-31.4,0.0,GOLD.i#,736898347,1776899427,2026-04-22 23:10:27,1,0.1
[sl 4736.20],0.0,1,0.0,100,745417082,745416149,4736.2,-28.3,0.0,GOLD.i#,736898550,1776899430,2026-04-22 23:10:30,1,0.1
CT-BUY-c56%,0.0,0,0.0,100,745417346,745417346,4736.8,0.0,0.0,GOLD.i#,736898809,1776899458,2026-04-22 23:10:58,0,0.1
[sl 4735.86],0.0,1,0.0,100,745418154,745416290,4735.71,-31.5,0.0,GOLD.i#,736899621,1776899583,2026-04-22 23:13:03,1,0.1
[sl 4735.64],0.0,1,0.0,100,745418215,745413401,4735.6,-29.2,0.0,GOLD.i#,736899689,1776899583,2026-04-22 23:13:03,1,0.1
[sl 4735.67],0.0,1,0.0,100,745418217,745415574,4735.6,-31.9,0.0,GOLD.i#,736899692,1776899583,2026-04-22 23:13:03,1,0.1
[sl 4735.25],0.0,1,0.0,100,745418365,745414228,4734.76,-30.7,0.0,GOLD.i#,736899848,1776899584,2026-04-22 23:13:04,1,0.1
[sl 4735.31],0.0,1,0.0,100,745418367,745416583,4734.76,-34.5,0.0,GOLD.i#,736899850,1776899584,2026-04-22 23:13:04,1,0.1
Webhook Close,0.0,1,0.0,100,745418822,745394887,77.639,-42.0,0.0,SILVER.i#,736900311,1776899610,2026-04-22 23:13:30,1,0.1
Webhook Close,0.0,1,0.0,100,745418824,745395802,77.639,-47.5,0.0,SILVER.i#,736900313,1776899611,2026-04-22 23:13:31,1,0.1
CT-BUY-c56%,0.0,0,0.0,100,745419014,745419014,4737.36,0.0,0.0,GOLD.i#,736900504,1776899622,2026-04-22 23:13:42,0,0.1
CT-BUY-c56%,0.0,0,0.0,100,745419387,745419387,4736.44,0.0,0.0,GOLD.i#,736900886,1776899681,2026-04-22 23:14:41,0,0.1
Webhook Close,0.0,1,0.0,100,745419469,745419014,4736.05,-13.1,0.0,GOLD.i#,736900960,1776899711,2026-04-22 23:15:11,1,0.1
Webhook Close,0.0,1,0.0,100,745419601,745417346,4737.23,4.3,0.0,GOLD.i#,736901090,1776899729,2026-04-22 23:15:29,1,0.1
Webhook Close,0.0,1,0.0,100,745419607,745419387,4737.49,10.5,0.0,GOLD.i#,736901097,1776899730,2026-04-22 23:15:30,1,0.1
CT-BUY-c56%,0.0,0,0.0,100,745420663,745420663,4737.12,0.0,0.0,GOLD.i#,736902137,1776899970,2026-04-22 23:19:30,0,0.1
CT-BUY-c56%,0.0,0,0.0,100,745420852,745420852,4736.89,0.0,0.0,GOLD.i#,736902324,1776900034,2026-04-22 23:20:34,0,0.1
CT-BUY-c56%,0.0,0,0.0,100,745421064,745421064,4736.99,0.0,0.0,GOLD.i#,736902540,1776900094,2026-04-22 23:21:34,0,0.1
Webhook Close,0.0,1,0.0,100,745421490,745420663,4734.95,-21.7,0.0,GOLD.i#,736902967,1776900210,2026-04-22 23:23:30,1,0.1
Webhook Close,0.0,1,0.0,100,745421508,745420852,4734.95,-19.4,0.0,GOLD.i#,736902985,1776900211,2026-04-22 23:23:31,1,0.1
Webhook Close,0.0,1,0.0,100,745421528,745421064,4734.94,-20.5,0.0,GOLD.i#,736903005,1776900212,2026-04-22 23:23:32,1,0.1
CT-SELL-c75%,0.0,0,0.0,100,745446198,745446198,4733.36,0.0,0.0,GOLD.i#,736931823,1776907808,2026-04-23 01:30:08,1,0.05
CT-SELL-c81%,0.0,0,0.0,100,745446935,745446935,4732.54,0.0,0.0,GOLD.i#,736932461,1776908017,2026-04-23 01:33:37,1,0.05
CT-SELL-c81%,0.0,0,0.0,100,745446947,745446947,4732.54,0.0,0.0,GOLD.i#,736932472,1776908018,2026-04-23 01:33:38,1,0.05
Webhook Close,0.0,1,0.0,100,745447593,745446198,4732.86,2.5,0.0,GOLD.i#,736933041,1776908222,2026-04-23 01:37:02,0,0.05
CT-SELL-c87%,0.0,0,0.0,100,745447820,745447820,4732.3,0.0,0.0,GOLD.i#,736933247,1776908248,2026-04-23 01:37:28,1,0.05
Webhook Close,0.0,1,0.0,100,745448236,745446935,4731.72,4.1,0.0,GOLD.i#,736933663,1776908274,2026-04-23 01:37:54,0,0.05
Webhook Close,0.0,1,0.0,100,745448240,745446947,4731.72,4.1,0.0,GOLD.i#,736933664,1776908275,2026-04-23 01:37:55,0,0.05
Webhook Close,0.0,1,0.0,100,745448255,745447820,4731.79,2.55,0.0,GOLD.i#,736933673,1776908276,2026-04-23 01:37:56,0,0.05
CT-SELL-c75%,0.0,0,0.0,100,745448476,745448476,4731.72,0.0,0.0,GOLD.i#,736933871,1776908316,2026-04-23 01:38:36,1,0.05
Webhook Close,0.0,1,0.0,100,745448994,745448476,4730.52,6.0,0.0,GOLD.i#,736934372,1776908356,2026-04-23 01:39:16,0,0.05
CT-SELL-c77%,0.0,0,0.0,100,745449165,745449165,4730.55,0.0,0.0,GOLD.i#,736934507,1776908379,2026-04-23 01:39:39,1,0.05
CT-SELL-c77%,0.0,0,0.0,100,745449509,745449509,4730.53,0.0,0.0,GOLD.i#,736934824,1776908441,2026-04-23 01:40:41,1,0.05
CT-SELL-c77%,0.0,0,0.0,100,745449896,745449896,4731.1,0.0,0.0,GOLD.i#,736935172,1776908513,2026-04-23 01:41:53,1,0.05
Webhook Close,0.0,1,0.0,100,745450320,745449896,4730.64,2.3,0.0,GOLD.i#,736935567,1776908591,2026-04-23 01:43:11,0,0.05
CT-SELL-c77%,0.0,0,0.0,100,745450437,745450437,4730.67,0.0,0.0,GOLD.i#,736935663,1776908633,2026-04-23 01:43:53,1,0.05
Webhook Close,0.0,1,0.0,100,745450762,745450437,4730.15,2.6,0.0,GOLD.i#,736935970,1776908674,2026-04-23 01:44:34,0,0.05
CT-SELL-c77%,0.0,0,0.0,100,745451109,745451109,4729.91,0.0,0.0,GOLD.i#,736936306,1776908696,2026-04-23 01:44:56,1,0.05
Webhook Close,0.0,1,0.0,100,745451923,745449165,4729.48,5.35,0.0,GOLD.i#,736937094,1776908720,2026-04-23 01:45:20,0,0.05
Webhook Close,0.0,1,0.0,100,745451929,745449509,4729.52,5.05,0.0,GOLD.i#,736937097,1776908721,2026-04-23 01:45:21,0,0.05
Webhook Close,0.0,1,0.0,100,745451933,745451109,4729.6,1.55,0.0,GOLD.i#,736937101,1776908723,2026-04-23 01:45:23,0,0.05
CT-SELL-c92%,0.0,0,0.0,100,745452194,745452194,4731.67,0.0,0.0,GOLD.i#,736937338,1776908761,2026-04-23 01:46:01,1,0.05
Webhook Close,0.0,1,0.0,100,745452301,745452194,4731.03,3.2,0.0,GOLD.i#,736937431,1776908786,2026-04-23 01:46:26,0,0.05
CT-SELL-c92%,0.0,0,0.0,100,745452409,745452409,4731.16,0.0,0.0,GOLD.i#,736937523,1776908827,2026-04-23 01:47:07,1,0.05
Webhook Close,0.0,1,0.0,100,745452504,745452409,4730.13,5.15,0.0,GOLD.i#,736937592,1776908881,2026-04-23 01:48:01,0,0.05
CT-SELL-c95%,0.0,0,0.0,100,745452521,745452521,4730.01,0.0,0.0,GOLD.i#,736937603,1776908891,2026-04-23 01:48:11,1,0.05
CT-SELL-c95%,0.0,0,0.0,100,745452668,745452668,4730.08,0.0,0.0,GOLD.i#,736937724,1776908954,2026-04-23 01:49:14,1,0.05
CT-SELL-c92%,0.0,0,0.0,100,745452859,745452859,4730.78,0.0,0.0,GOLD.i#,736937884,1776909016,2026-04-23 01:50:16,1,0.05
Webhook Close,0.0,1,0.0,100,745452910,745452859,4730.1,3.4,0.0,GOLD.i#,736937925,1776909041,2026-04-23 01:50:41,0,0.05
CT-SELL-c92%,0.0,0,0.0,100,745453191,745453191,4730.49,0.0,0.0,GOLD.i#,736938151,1776909161,2026-04-23 01:52:41,1,0.05
Webhook Close,0.0,1,0.0,100,745453937,745453191,4729.96,2.65,0.0,GOLD.i#,736938835,1776909336,2026-04-23 01:55:36,0,0.05
Webhook Close,0.0,1,0.0,100,745454032,745452521,4729.53,2.4,0.0,GOLD.i#,736938924,1776909353,2026-04-23 01:55:53,0,0.05
Webhook Close,0.0,1,0.0,100,745454041,745452668,4729.24,4.2,0.0,GOLD.i#,736938937,1776909354,2026-04-23 01:55:54,0,0.05
CT-SELL-c95%,0.0,0,0.0,100,745454184,745454184,4728.99,0.0,0.0,GOLD.i#,736939071,1776909370,2026-04-23 01:56:10,1,0.05
Webhook Close,0.0,1,0.0,100,745454880,745454184,4727.78,6.05,0.0,GOLD.i#,736939777,1776909410,2026-04-23 01:56:50,0,0.05
CT-SELL-c65%,0.0,0,0.0,100,745454983,745454983,4727.56,0.0,0.0,GOLD.i#,736939872,1776909434,2026-04-23 01:57:14,1,0.05
Webhook Close,0.0,1,0.0,100,745455409,745454983,4727.26,1.5,0.0,GOLD.i#,736940392,1776909489,2026-04-23 01:58:09,0,0.05
CT-SELL-c91%,0.0,0,0.0,100,745456154,745456154,4726.1,0.0,0.0,GOLD.i#,736941154,1776909554,2026-04-23 01:59:14,1,0.05
Webhook Close,0.0,1,0.0,100,745457525,745456154,4724.85,6.25,0.0,GOLD.i#,736942507,1776909680,2026-04-23 02:01:20,0,0.05
CT-SELL-c95%,0.0,0,0.0,100,745462680,745462680,4728.07,0.0,0.0,GOLD.i#,736947344,1776910397,2026-04-23 02:13:17,1,0.05
CT-SELL-c95%,0.0,0,0.0,100,745462810,745462810,4728.03,0.0,0.0,GOLD.i#,736947461,1776910449,2026-04-23 02:14:09,1,0.05
Webhook Close,0.0,1,0.0,100,745462954,745462680,4726.34,8.65,0.0,GOLD.i#,736947599,1776910467,2026-04-23 02:14:27,0,0.05
Webhook Close,0.0,1,0.0,100,745462960,745462810,4726.54,7.45,0.0,GOLD.i#,736947606,1776910469,2026-04-23 02:14:29,0,0.05
CT-SELL-c65%,0.0,0,0.0,100,745463332,745463332,4726.16,0.0,0.0,GOLD.i#,736947973,1776910485,2026-04-23 02:14:45,1,0.05
[sl 4729.15],0.0,1,0.0,100,745464501,745463332,4729.16,-15.0,0.0,GOLD.i#,736949029,1776910776,2026-04-23 02:19:36,0,0.05
CT-SELL-c67%,0.0,0,0.0,100,745489303,745489303,4715.79,0.0,0.0,GOLD.i#,736973344,1776913793,2026-04-23 03:09:53,1,0.05
Webhook Close,0.0,1,0.0,100,745490165,745489303,4713.26,12.65,0.0,GOLD.i#,736974219,1776913816,2026-04-23 03:10:16,0,0.05
CT-SELL-c68%,0.0,0,0.0,100,745491225,745491225,4712.24,0.0,0.0,GOLD.i#,736975299,1776913856,2026-04-23 03:10:56,1,0.05
Webhook Close,0.0,1,0.0,100,745492231,745491225,4710.95,6.45,0.0,GOLD.i#,736976311,1776913895,2026-04-23 03:11:35,0,0.05
CT-SELL-c68%,0.0,0,0.0,100,745492962,745492962,4710.91,0.0,0.0,GOLD.i#,736977002,1776913918,2026-04-23 03:11:58,1,0.05
Webhook Close,0.0,1,0.0,100,745495117,745492962,4708.57,11.7,0.0,GOLD.i#,736979197,1776913982,2026-04-23 03:13:02,0,0.05
CT-SELL-c69%,0.0,0,0.0,100,745495474,745495474,4707.3,0.0,0.0,GOLD.i#,736979559,1776913989,2026-04-23 03:13:09,1,0.05
Webhook Close,0.0,1,0.0,100,745496270,745495474,4706.26,5.2,0.0,GOLD.i#,736980376,1776914013,2026-04-23 03:13:33,0,0.05
CT-SELL-c70%,0.0,0,0.0,100,745498059,745498059,4703.57,0.0,0.0,GOLD.i#,736982137,1776914060,2026-04-23 03:14:20,1,0.05
Webhook Close,0.0,1,0.0,100,745498921,745498059,4701.34,11.15,0.0,GOLD.i#,736983002,1776914083,2026-04-23 03:14:43,0,0.05
CT-SELL-c68%,0.0,0,0.0,100,745501526,745501526,4697.19,0.0,0.0,GOLD.i#,736985634,1776914123,2026-04-23 03:15:23,1,0.05
Webhook Close,0.0,1,0.0,100,745503984,745501526,4696.82,1.85,0.0,GOLD.i#,736988046,1776914180,2026-04-23 03:16:20,0,0.05
CT-SELL-c68%,0.0,0,0.0,100,745504327,745504327,4694.28,0.0,0.0,GOLD.i#,736988383,1776914189,2026-04-23 03:16:29,1,0.05
[sl 4698.58],0.0,1,0.0,100,745505545,745504327,4698.65,-21.85,0.0,GOLD.i#,736989582,1776914225,2026-04-23 03:17:05,0,0.05
CT-SELL-c92%,0.0,0,0.0,100,745515331,745515331,4727.9,0.0,0.0,GOLD.i#,736998751,1776914458,2026-04-23 03:20:58,1,0.05
CT-SELL-c92%,0.0,0,0.0,100,745516556,745516556,4727.87,0.0,0.0,GOLD.i#,736999884,1776914514,2026-04-23 03:21:54,1,0.05
CT-SELL-c92%,0.0,0,0.0,100,745517219,745517219,4729.63,0.0,0.0,GOLD.i#,737000519,1776914535,2026-04-23 03:22:15,1,0.05
[sl 4732.09],0.0,1,0.0,100,745517444,745516556,4732.48,-23.05,0.0,GOLD.i#,737000737,1776914551,2026-04-23 03:22:31,0,0.05
[sl 4732.73],0.0,1,0.0,100,745517550,745515331,4732.83,-24.65,0.0,GOLD.i#,737000844,1776914552,2026-04-23 03:22:32,0,0.05
[sl 4733.85],0.0,1,0.0,100,745517799,745517219,4734.05,-22.1,0.0,GOLD.i#,737001090,1776914555,2026-04-23 03:22:35,0,0.05
CT-SELL-c82%,0.0,0,0.0,100,745522546,745522546,4737.62,0.0,0.0,GOLD.i#,737005587,1776914800,2026-04-23 03:26:40,1,0.05
Webhook Close,0.0,1,0.0,100,745523088,745522546,4737.37,1.25,0.0,GOLD.i#,737006107,1776914839,2026-04-23 03:27:19,0,0.05
CT-SELL-c89%,0.0,0,0.0,100,745523510,745523510,4734.95,0.0,0.0,GOLD.i#,737006518,1776914863,2026-04-23 03:27:43,1,0.05
[sl 4738.01],0.0,1,0.0,100,745524012,745523510,4738.15,-16.0,0.0,GOLD.i#,737007003,1776914897,2026-04-23 03:28:17,0,0.05
CT-SELL-c92%,0.0,0,0.0,100,745524509,745524509,4738.52,0.0,0.0,GOLD.i#,737007489,1776914931,2026-04-23 03:28:51,1,0.05
[sl 4741.29],0.0,1,0.0,100,745524958,745524509,4741.35,-14.15,0.0,GOLD.i#,737007929,1776914960,2026-04-23 03:29:20,0,0.05
CT-SELL-c72%,0.0,0,0.0,100,745543758,745543758,4746.08,0.0,0.0,GOLD.i#,737025860,1776916571,2026-04-23 03:56:11,1,0.05
CT-SELL-c72%,0.0,0,0.0,100,745544322,745544322,4746.06,0.0,0.0,GOLD.i#,737026393,1776916645,2026-04-23 03:57:25,1,0.05
Webhook Close,0.0,1,0.0,100,745544578,745543758,4745.65,2.15,0.0,GOLD.i#,737026634,1776916672,2026-04-23 03:57:52,0,0.05
Webhook Close,0.0,1,0.0,100,745544583,745544322,4745.65,2.05,0.0,GOLD.i#,737026640,1776916673,2026-04-23 03:57:53,0,0.05
CT-SELL-c72%,0.0,0,0.0,100,745544765,745544765,4745.75,0.0,0.0,GOLD.i#,737026810,1776916711,2026-04-23 03:58:31,1,0.05
Webhook Close,0.0,1,0.0,100,745545731,745544765,4744.67,5.4,0.0,GOLD.i#,737027678,1776916813,2026-04-23 04:00:13,0,0.05
CT-SELL-c78%,0.0,0,0.0,100,745553047,745553047,4738.93,0.0,0.0,GOLD.i#,737035020,1776917541,2026-04-23 04:12:21,1,0.05
Webhook Close,0.0,1,0.0,100,745553477,745553047,4738.81,0.6,0.0,GOLD.i#,737035454,1776917580,2026-04-23 04:13:00,0,0.05
CT-SELL-c72%,0.0,0,0.0,100,745554069,745554069,4736.97,0.0,0.0,GOLD.i#,737036076,1776917604,2026-04-23 04:13:24,1,0.05
CT-SELL-c78%,0.0,0,0.0,100,745554693,745554693,4736.91,0.0,0.0,GOLD.i#,737036695,1776917665,2026-04-23 04:14:25,1,0.05
Webhook Close,0.0,1,0.0,100,745555278,745554069,4736.73,1.2,0.0,GOLD.i#,737037347,1776917752,2026-04-23 04:15:52,0,0.05
Webhook Close,0.0,1,0.0,100,745556785,745554693,4734.99,9.6,0.0,GOLD.i#,737038848,1776917813,2026-04-23 04:16:53,0,0.05
CT-SELL-c72%,0.0,0,0.0,100,745557557,745557557,4733.92,0.0,0.0,GOLD.i#,737039602,1776917854,2026-04-23 04:17:34,1,0.05
[sl 4736.64],0.0,1,0.0,100,745558449,745557557,4736.66,-13.7,0.0,GOLD.i#,737040492,1776917895,2026-04-23 04:18:15,0,0.05
CT-SELL-c91%,0.0,0,0.0,100,745569352,745569352,4732.11,0.0,0.0,GOLD.i#,737051296,1776918672,2026-04-23 04:31:12,1,0.05
[sl 4733.08],0.0,1,0.0,100,745569440,745569352,4733.28,-5.85,0.0,GOLD.i#,737051386,1776918675,2026-04-23 04:31:15,0,0.05
CT-SELL-c82%,0.0,0,0.0,100,745570247,745570247,4730.62,0.0,0.0,GOLD.i#,737052188,1776918730,2026-04-23 04:32:10,1,0.05
CT-SELL-c91%,0.0,0,0.0,100,745570781,745570781,4731.92,0.0,0.0,GOLD.i#,737052710,1776918789,2026-04-23 04:33:09,1,0.05
Webhook Close,0.0,1,0.0,100,745571158,745570247,4729.17,7.25,0.0,GOLD.i#,737053082,1776918840,2026-04-23 04:34:00,0,0.05
Webhook Close,0.0,1,0.0,100,745571922,745570781,4731.28,3.2,0.0,GOLD.i#,737053834,1776918913,2026-04-23 04:35:13,0,0.05
CT-SELL-c91%,0.0,0,0.0,100,745572473,745572473,4731.66,0.0,0.0,GOLD.i#,737054377,1776918983,2026-04-23 04:36:23,1,0.05
CT-SELL-c91%,0.0,0,0.0,100,745572592,745572592,4731.13,0.0,0.0,GOLD.i#,737054494,1776919012,2026-04-23 04:36:52,1,0.05
Webhook Close,0.0,1,0.0,100,745573035,745572473,4730.36,6.5,0.0,GOLD.i#,737054930,1776919067,2026-04-23 04:37:47,0,0.05
Webhook Close,0.0,1,0.0,100,745573067,745572592,4730.64,2.45,0.0,GOLD.i#,737054959,1776919068,2026-04-23 04:37:48,0,0.05
CT-SELL-c91%,0.0,0,0.0,100,745573127,745573127,4730.86,0.0,0.0,GOLD.i#,737055022,1776919077,2026-04-23 04:37:57,1,0.05
Webhook Close,0.0,1,0.0,100,745573545,745573127,4729.61,6.25,0.0,GOLD.i#,737055434,1776919129,2026-04-23 04:38:49,0,0.05
CT-SELL-c82%,0.0,0,0.0,100,745573579,745573579,4729.64,0.0,0.0,GOLD.i#,737055467,1776919137,2026-04-23 04:38:57,1,0.05
[sl 4732.38],0.0,1,0.0,100,745573845,745573579,4732.39,-13.75,0.0,GOLD.i#,737055728,1776919157,2026-04-23 04:39:17,0,0.05
CT-SELL-c91%,0.0,0,0.0,100,745574249,745574249,4732.68,0.0,0.0,GOLD.i#,737056122,1776919197,2026-04-23 04:39:57,1,0.05
Webhook Close,0.0,1,0.0,100,745574498,745574249,4732.28,2.0,0.0,GOLD.i#,737056365,1776919220,2026-04-23 04:40:20,0,0.05
CT-SELL-c76%,0.0,0,0.0,100,745578475,745578475,4735.33,0.0,0.0,GOLD.i#,737060305,1776919588,2026-04-23 04:46:28,1,0.05
Webhook Close,0.0,1,0.0,100,745579921,745578475,4734.69,3.2,0.0,GOLD.i#,737061746,1776919756,2026-04-23 04:49:16,0,0.05
CT-SELL-c82%,0.0,0,0.0,100,745580329,745580329,4734.07,0.0,0.0,GOLD.i#,737062144,1776919795,2026-04-23 04:49:55,1,0.05
Webhook Close,0.0,1,0.0,100,745580974,745580329,4732.55,7.6,0.0,GOLD.i#,737062772,1776919884,2026-04-23 04:51:24,0,0.05
CT-SELL-c91%,0.0,0,0.0,100,745581675,745581675,4731.84,0.0,0.0,GOLD.i#,737063452,1776919926,2026-04-23 04:52:06,1,0.05
Webhook Close,0.0,1,0.0,100,745582232,745581675,4731.19,3.25,0.0,GOLD.i#,737063994,1776919977,2026-04-23 04:52:57,0,0.05
CT-SELL-c92%,0.0,0,0.0,100,745582774,745582774,4730.26,0.0,0.0,GOLD.i#,737064519,1776920000,2026-04-23 04:53:20,1,0.05
Webhook Close,0.0,1,0.0,100,745583175,745582774,4728.71,7.75,0.0,GOLD.i#,737064917,1776920024,2026-04-23 04:53:44,0,0.05
CT-SELL-c92%,0.0,0,0.0,100,745584331,745584331,4725.88,0.0,0.0,GOLD.i#,737066050,1776920065,2026-04-23 04:54:25,1,0.05
Webhook Close,0.0,1,0.0,100,745585018,745584331,4724.76,5.6,0.0,GOLD.i#,737066745,1776920104,2026-04-23 04:55:04,0,0.05
CT-SELL-c92%,0.0,0,0.0,100,745585188,745585188,4725.18,0.0,0.0,GOLD.i#,737066918,1776920128,2026-04-23 04:55:28,1,0.05
Webhook Close,0.0,1,0.0,100,745585647,745585188,4723.52,8.3,0.0,GOLD.i#,737067393,1776920150,2026-04-23 04:55:50,0,0.05
CT-SELL-c92%,0.0,0,0.0,100,745585989,745585989,4726.7,0.0,0.0,GOLD.i#,737067713,1776920190,2026-04-23 04:56:30,1,0.05
CT-SELL-c92%,0.0,0,0.0,100,745586875,745586875,4726.02,0.0,0.0,GOLD.i#,737068582,1776920266,2026-04-23 04:57:46,1,0.05
Webhook Close,0.0,1,0.0,100,745587159,745585989,4725.36,6.7,0.0,GOLD.i#,737068862,1776920282,2026-04-23 04:58:02,0,0.05
Webhook Close,0.0,1,0.0,100,745587168,745586875,4724.46,7.8,0.0,GOLD.i#,737068872,1776920284,2026-04-23 04:58:04,0,0.05
CT-SELL-c92%,0.0,0,0.0,100,745587298,745587298,4724.15,0.0,0.0,GOLD.i#,737069008,1776920291,2026-04-23 04:58:11,1,0.05
Webhook Close,0.0,1,0.0,100,745587597,745587298,4723.62,2.65,0.0,GOLD.i#,737069301,1776920323,2026-04-23 04:58:43,0,0.05
CT-SELL-c95%,0.0,0,0.0,100,745590625,745590625,4722.04,0.0,0.0,GOLD.i#,737072256,1776920521,2026-04-23 05:02:01,1,0.05
CT-SELL-c95%,0.0,0,0.0,100,745591185,745591185,4722.78,0.0,0.0,GOLD.i#,737072797,1776920584,2026-04-23 05:03:04,1,0.05
Webhook Close,0.0,1,0.0,100,745591497,745591185,4721.22,7.8,0.0,GOLD.i#,737073101,1776920610,2026-04-23 05:03:30,0,0.05
CT-SELL-c95%,0.0,0,0.0,100,745592030,745592030,4722.54,0.0,0.0,GOLD.i#,737073616,1776920662,2026-04-23 05:04:22,1,0.05
Webhook Close,0.0,1,0.0,100,745592263,745590625,4721.35,3.45,0.0,GOLD.i#,737073844,1776920686,2026-04-23 05:04:46,0,0.05
Webhook Close,0.0,1,0.0,100,745592318,745592030,4721.47,5.35,0.0,GOLD.i#,737073898,1776920687,2026-04-23 05:04:47,0,0.05
CT-SELL-c95%,0.0,0,0.0,100,745592818,745592818,4721.91,0.0,0.0,GOLD.i#,737074377,1776920711,2026-04-23 05:05:11,1,0.05
Webhook Close,0.0,1,0.0,100,745593357,745592818,4719.87,10.2,0.0,GOLD.i#,737074708,1776920735,2026-04-23 05:05:35,0,0.05
CT-SELL-c95%,0.0,0,0.0,100,745594864,745594864,4718.43,0.0,0.0,GOLD.i#,737076233,1776920775,2026-04-23 05:06:15,1,0.05
[sl 4720.90],0.0,1,0.0,100,745595445,745594864,4720.97,-12.7,0.0,GOLD.i#,737076805,1776920807,2026-04-23 05:06:47,0,0.05
CT-SELL-c95%,0.0,0,0.0,100,745596064,745596064,4719.19,0.0,0.0,GOLD.i#,737077407,1776920847,2026-04-23 05:07:27,1,0.05
Webhook Close,0.0,1,0.0,100,745596425,745596064,4718.47,3.6,0.0,GOLD.i#,737077749,1776920890,2026-04-23 05:08:10,0,0.05
CT-SELL-c95%,0.0,0,0.0,100,745596816,745596816,4716.23,0.0,0.0,GOLD.i#,737078137,1776920913,2026-04-23 05:08:33,1,0.05
Webhook Close,0.0,1,0.0,100,745597560,745596816,4714.17,10.3,0.0,GOLD.i#,737078890,1776920937,2026-04-23 05:08:57,0,0.05
CT-SELL-c95%,0.0,0,0.0,100,745598182,745598182,4713.28,0.0,0.0,GOLD.i#,737079496,1776920979,2026-04-23 05:09:39,1,0.05
Webhook Close,0.0,1,0.0,100,745598880,745598182,4712.18,5.5,0.0,GOLD.i#,737080144,1776921034,2026-04-23 05:10:34,0,0.05
CT-SELL-c95%,0.0,0,0.0,100,745598992,745598992,4712.67,0.0,0.0,GOLD.i#,737080246,1776921047,2026-04-23 05:10:47,1,0.05
Webhook Close,0.0,1,0.0,100,745599751,745598992,4710.72,9.75,0.0,GOLD.i#,737080982,1776921071,2026-04-23 05:11:11,0,0.05
CT-SELL-c95%,0.0,0,0.0,100,745600603,745600603,4709.31,0.0,0.0,GOLD.i#,737081814,1776921114,2026-04-23 05:11:54,1,0.05
[sl 4711.74],0.0,1,0.0,100,745600833,745600603,4711.88,-12.85,0.0,GOLD.i#,737082032,1776921130,2026-04-23 05:12:10,0,0.05
CT-SELL-c95%,0.0,0,0.0,100,745601702,745601702,4713.17,0.0,0.0,GOLD.i#,737082881,1776921177,2026-04-23 05:12:57,1,0.05
Webhook Close,0.0,1,0.0,100,745602026,745601702,4712.62,2.75,0.0,GOLD.i#,737083196,1776921200,2026-04-23 05:13:20,0,0.05
CT-SELL-c95%,0.0,0,0.0,100,745603030,745603030,4709.13,0.0,0.0,GOLD.i#,737084190,1776921242,2026-04-23 05:14:02,1,0.05
CT-SELL-c95%,0.0,0,0.0,100,745603201,745603201,4708.88,0.0,0.0,GOLD.i#,737084350,1776921248,2026-04-23 05:14:08,1,0.05
Webhook Close,0.0,1,0.0,100,745603659,745603030,4707.76,6.85,0.0,GOLD.i#,737084803,1776921271,2026-04-23 05:14:31,0,0.05
Webhook Close,0.0,1,0.0,100,745603703,745603201,4707.74,5.7,0.0,GOLD.i#,737084849,1776921273,2026-04-23 05:14:33,0,0.05
CT-SELL-c92%,0.0,0,0.0,100,745604935,745604935,4706.5,0.0,0.0,GOLD.i#,737086049,1776921312,2026-04-23 05:15:12,1,0.05
[sl 4708.32],0.0,1,0.0,100,745605735,745604935,4708.34,-9.2,0.0,GOLD.i#,737086846,1776921360,2026-04-23 05:16:00,0,0.05
CT-SELL-c95%,0.0,0,0.0,100,745608242,745608242,4710.05,0.0,0.0,GOLD.i#,737089314,1776921563,2026-04-23 05:19:23,1,0.05
CT-SELL-c95%,0.0,0,0.0,100,745608655,745608655,4712.74,0.0,0.0,GOLD.i#,737089716,1776921624,2026-04-23 05:20:24,1,0.05
[sl 4713.31],0.0,1,0.0,100,745608688,745608242,4713.37,-16.6,0.0,GOLD.i#,737089749,1776921624,2026-04-23 05:20:24,0,0.05
[sl 4714.48],0.0,1,0.0,100,745609613,745608655,4714.49,-8.75,0.0,GOLD.i#,737090671,1776921662,2026-04-23 05:21:02,0,0.05
CT-SELL-c82%,0.0,0,0.0,100,745612279,745612279,4715.05,0.0,0.0,GOLD.i#,737093267,1776921885,2026-04-23 05:24:45,1,0.05
CT-SELL-c82%,0.0,0,0.0,100,745612705,745612705,4716.2,0.0,0.0,GOLD.i#,737093676,1776921945,2026-04-23 05:25:45,1,0.05
CT-SELL-c92%,0.0,0,0.0,100,745613465,745613465,4714.94,0.0,0.0,GOLD.i#,737094419,1776922026,2026-04-23 05:27:06,1,0.05
Webhook Close,0.0,1,0.0,100,745614088,745612279,4714.36,3.45,0.0,GOLD.i#,737094876,1776922130,2026-04-23 05:28:50,0,0.05
Webhook Close,0.0,1,0.0,100,745614100,745612705,4714.38,9.1,0.0,GOLD.i#,737094885,1776922131,2026-04-23 05:28:51,0,0.05
Webhook Close,0.0,1,0.0,100,745614135,745613465,4714.58,1.8,0.0,GOLD.i#,737094906,1776922133,2026-04-23 05:28:53,0,0.05
CT-SELL-c95%,0.0,0,0.0,100,745614324,745614324,4714.87,0.0,0.0,GOLD.i#,737095045,1776922159,2026-04-23 05:29:19,1,0.05
CT-SELL-c95%,0.0,0,0.0,100,745614381,745614381,4714.68,0.0,0.0,GOLD.i#,737095103,1776922173,2026-04-23 05:29:33,1,0.05
Webhook Close,0.0,1,0.0,100,745614530,745614324,4714.43,2.2,0.0,GOLD.i#,737095250,1776922181,2026-04-23 05:29:41,0,0.05
Webhook Close,0.0,1,0.0,100,745614656,745614381,4713.85,4.15,0.0,GOLD.i#,737095374,1776922199,2026-04-23 05:29:59,0,0.05
CT-SELL-c92%,0.0,0,0.0,100,745615689,745615689,4710.61,0.0,0.0,GOLD.i#,737096367,1776922222,2026-04-23 05:30:22,1,0.05
[sl 4714.54],0.0,1,0.0,100,745617706,745615689,4714.54,-19.65,0.0,GOLD.i#,737098372,1776922322,2026-04-23 05:32:02,0,0.05
CT-SELL-c92%,0.0,0,0.0,100,745618447,745618447,4713.53,0.0,0.0,GOLD.i#,737099094,1776922374,2026-04-23 05:32:54,1,0.05
Webhook Close,0.0,1,0.0,100,745618812,745618447,4713.0,2.65,0.0,GOLD.i#,737099455,1776922397,2026-04-23 05:33:17,0,0.05
CT-SELL-c92%,0.0,0,0.0,100,745619141,745619141,4712.8,0.0,0.0,GOLD.i#,737099779,1776922438,2026-04-23 05:33:58,1,0.05
CT-SELL-c92%,0.0,0,0.0,100,745619791,745619791,4711.74,0.0,0.0,GOLD.i#,737100415,1776922506,2026-04-23 05:35:06,1,0.05
CT-SELL-c92%,0.0,0,0.0,100,745620272,745620272,4714.8,0.0,0.0,GOLD.i#,737100884,1776922566,2026-04-23 05:36:06,1,0.05
[tp 4709.32],0.0,1,0.0,100,745621268,745620272,4709.31,27.45,0.0,GOLD.i#,737101865,1776922643,2026-04-23 05:37:23,0,0.05
Webhook Close,0.0,1,0.0,100,745621618,745619141,4709.98,14.1,0.0,GOLD.i#,737102211,1776922654,2026-04-23 05:37:34,0,0.05
Webhook Close,0.0,1,0.0,100,745621663,745619791,4709.97,8.85,0.0,GOLD.i#,737102257,1776922656,2026-04-23 05:37:36,0,0.05
CT-SELL-c95%,0.0,0,0.0,100,745622463,745622463,4709.74,0.0,0.0,GOLD.i#,737103049,1776922698,2026-04-23 05:38:18,1,0.05
Webhook Close,0.0,1,0.0,100,745622973,745622463,4708.73,5.05,0.0,GOLD.i#,737103562,1776922723,2026-04-23 05:38:43,0,0.05
CT-SELL-c95%,0.0,0,0.0,100,745623593,745623593,4709.18,0.0,0.0,GOLD.i#,737104173,1776922762,2026-04-23 05:39:22,1,0.05
[sl 4712.12],0.0,1,0.0,100,745624450,745623593,4712.2,-15.1,0.0,GOLD.i#,737105030,1776922796,2026-04-23 05:39:56,0,0.05
CT-SELL-c92%,0.0,0,0.0,100,745624866,745624866,4712.83,0.0,0.0,GOLD.i#,737105425,1776922825,2026-04-23 05:40:25,1,0.05
CT-SELL-c92%,0.0,0,0.0,100,745624901,745624901,4712.32,0.0,0.0,GOLD.i#,737105459,1776922829,2026-04-23 05:40:29,1,0.05
Webhook Close,0.0,1,0.0,100,745625050,745624866,4710.63,11.0,0.0,GOLD.i#,737105596,1776922852,2026-04-23 05:40:52,0,0.05
Webhook Close,0.0,1,0.0,100,745625070,745624901,4710.37,9.75,0.0,GOLD.i#,737105612,1776922854,2026-04-23 05:40:54,0,0.05
CT-SELL-c95%,0.0,0,0.0,100,745625527,745625527,4709.23,0.0,0.0,GOLD.i#,737106047,1776922894,2026-04-23 05:41:34,1,0.05
Webhook Close,0.0,1,0.0,100,745626211,745625527,4707.25,9.9,0.0,GOLD.i#,737106733,1776922948,2026-04-23 05:42:28,0,0.05
CT-SELL-c92%,0.0,0,0.0,100,745627221,745627221,4704.87,0.0,0.0,GOLD.i#,737107728,1776922972,2026-04-23 05:42:52,1,0.05
CT-SELL-c92%,0.0,0,0.0,100,745627909,745627909,4703.93,0.0,0.0,GOLD.i#,737108421,1776923038,2026-04-23 05:43:58,1,0.05
Webhook Close,0.0,1,0.0,100,745628797,745627221,4701.45,17.1,0.0,GOLD.i#,737109292,1776923079,2026-04-23 05:44:39,0,0.05
Webhook Close,0.0,1,0.0,100,745628861,745627909,4701.51,12.1,0.0,GOLD.i#,737109355,1776923081,2026-04-23 05:44:41,0,0.05
CT-SELL-c92%,0.0,0,0.0,100,745629590,745629590,4701.86,0.0,0.0,GOLD.i#,737110070,1776923104,2026-04-23 05:45:04,1,0.05
[sl 4704.41],0.0,1,0.0,100,745629974,745629590,4704.56,-13.5,0.0,GOLD.i#,737110449,1776923121,2026-04-23 05:45:21,0,0.05
CT-SELL-c92%,0.0,0,0.0,100,745631682,745631682,4701.88,0.0,0.0,GOLD.i#,737112136,1776923209,2026-04-23 05:46:49,1,0.05
Webhook Close,0.0,1,0.0,100,745632619,745631682,4700.23,8.25,0.0,GOLD.i#,737113069,1776923244,2026-04-23 05:47:24,0,0.05
CT-SELL-c92%,0.0,0,0.0,100,745632954,745632954,4699.65,0.0,0.0,GOLD.i#,737113410,1776923251,2026-04-23 05:47:31,1,0.05
[sl 4703.11],0.0,1,0.0,100,745633605,745632954,4703.47,-19.1,0.0,GOLD.i#,737114051,1776923271,2026-04-23 05:47:51,0,0.05
CT-SELL-c92%,0.0,0,0.0,100,745634402,745634402,4704.65,0.0,0.0,GOLD.i#,737114841,1776923311,2026-04-23 05:48:31,1,0.05
CT-SELL-c92%,0.0,0,0.0,100,745635421,745635421,4705.72,0.0,0.0,GOLD.i#,737115857,1776923386,2026-04-23 05:49:46,1,0.05
CT-SELL-c95%,0.0,0,0.0,100,745636576,745636576,4706.93,0.0,0.0,GOLD.i#,737117003,1776923462,2026-04-23 05:51:02,1,0.05
Webhook Close,0.0,1,0.0,100,745636758,745636576,4705.83,5.5,0.0,GOLD.i#,737117181,1776923485,2026-04-23 05:51:25,0,0.05
CT-SELL-c92%,0.0,0,0.0,100,745636930,745636930,4705.86,0.0,0.0,GOLD.i#,737117352,1776923524,2026-04-23 05:52:04,1,0.05
Webhook Close,0.0,1,0.0,100,745637454,745635421,4704.81,4.55,0.0,GOLD.i#,737117869,1776923549,2026-04-23 05:52:29,0,0.05
Webhook Close,0.0,1,0.0,100,745637473,745636930,4704.48,6.9,0.0,GOLD.i#,737117888,1776923550,2026-04-23 05:52:30,0,0.05
CT-SELL-c95%,0.0,0,0.0,100,745638058,745638058,4704.67,0.0,0.0,GOLD.i#,737118452,1776923594,2026-04-23 05:53:14,1,0.05
CT-SELL-c92%,0.0,0,0.0,100,745638701,745638701,4703.64,0.0,0.0,GOLD.i#,737119095,1776923674,2026-04-23 05:54:34,1,0.05
Webhook Close,0.0,1,0.0,100,745639001,745634402,4703.14,7.55,0.0,GOLD.i#,737119403,1776923698,2026-04-23 05:54:58,0,0.05
Webhook Close,0.0,1,0.0,100,745639006,745638058,4703.5,5.85,0.0,GOLD.i#,737119408,1776923699,2026-04-23 05:54:59,0,0.05
Webhook Close,0.0,1,0.0,100,745639040,745638701,4703.59,0.25,0.0,GOLD.i#,737119437,1776923701,2026-04-23 05:55:01,0,0.05
CT-SELL-c92%,0.0,0,0.0,100,745639614,745639614,4700.6,0.0,0.0,GOLD.i#,737120002,1776923725,2026-04-23 05:55:25,1,0.05
Webhook Close,0.0,1,0.0,100,745639984,745639614,4699.95,3.25,0.0,GOLD.i#,737120369,1776923750,2026-04-23 05:55:50,0,0.05
CT-SELL-c92%,0.0,0,0.0,100,745640247,745640247,4700.01,0.0,0.0,GOLD.i#,737120628,1776923754,2026-04-23 05:55:54,1,0.05
Webhook Close,0.0,1,0.0,100,745640663,745640247,4698.75,6.3,0.0,GOLD.i#,737121040,1776923768,2026-04-23 05:56:08,0,0.05
CT-SELL-c92%,0.0,0,0.0,100,745641041,745641041,4699.43,0.0,0.0,GOLD.i#,737121423,1776923792,2026-04-23 05:56:32,1,0.05
CT-SELL-c92%,0.0,0,0.0,100,745641882,745641882,4700.27,0.0,0.0,GOLD.i#,737122254,1776923852,2026-04-23 05:57:32,1,0.05
[sl 4702.24],0.0,1,0.0,100,745642380,745641041,4702.48,-15.25,0.0,GOLD.i#,737122745,1776923904,2026-04-23 05:58:24,0,0.05
Webhook Close,0.0,1,0.0,100,745643416,745641882,4699.73,2.7,0.0,GOLD.i#,737123774,1776923974,2026-04-23 05:59:34,0,0.05
CT-SELL-c92%,0.0,0,0.0,100,745645217,745645217,4701.85,0.0,0.0,GOLD.i#,737125516,1776924092,2026-04-23 06:01:32,1,0.05
[sl 4704.48],0.0,1,0.0,100,745645997,745645217,4704.77,-14.6,0.0,GOLD.i#,737126279,1776924123,2026-04-23 06:02:03,0,0.05
CT-SELL-c92%,0.0,0,0.0,100,745650639,745650639,4706.1,0.0,0.0,GOLD.i#,737130861,1776924376,2026-04-23 06:06:16,1,0.05
Webhook Close,0.0,1,0.0,100,745651227,745650639,4704.4,8.5,0.0,GOLD.i#,737131418,1776924408,2026-04-23 06:06:48,0,0.05
CT-SELL-c92%,0.0,0,0.0,100,745651300,745651300,4703.44,0.0,0.0,GOLD.i#,737131488,1776924416,2026-04-23 06:06:56,1,0.05
Webhook Close,0.0,1,0.0,100,745652360,745651300,4702.32,5.6,0.0,GOLD.i#,737132539,1776924451,2026-04-23 06:07:31,0,0.05
CT-SELL-c92%,0.0,0,0.0,100,745652634,745652634,4702.57,0.0,0.0,GOLD.i#,737132795,1776924479,2026-04-23 06:07:59,1,0.05
Webhook Close,0.0,1,0.0,100,745652814,745652634,4702.19,1.9,0.0,GOLD.i#,737132980,1776924502,2026-04-23 06:08:22,0,0.05
CT-SELL-c92%,0.0,0,0.0,100,745653138,745653138,4703.1,0.0,0.0,GOLD.i#,737133303,1776924541,2026-04-23 06:09:01,1,0.05
[sl 4706.25],0.0,1,0.0,100,745653546,745653138,4706.25,-15.75,0.0,GOLD.i#,737133703,1776924571,2026-04-23 06:09:31,0,0.05
CT-SELL-c92%,0.0,0,0.0,100,745656335,745656335,4701.0,0.0,0.0,GOLD.i#,737136443,1776924710,2026-04-23 06:11:50,1,0.05
Webhook Close,0.0,1,0.0,100,745656884,745656335,4700.56,2.2,0.0,GOLD.i#,737136988,1776924755,2026-04-23 06:12:35,0,0.05
CT-SELL-c92%,0.0,0,0.0,100,745657216,745657216,4700.92,0.0,0.0,GOLD.i#,737137320,1776924793,2026-04-23 06:13:13,1,0.05
CT-SELL-c92%,0.0,0,0.0,100,745657929,745657929,4702.35,0.0,0.0,GOLD.i#,737138040,1776924874,2026-04-23 06:14:34,1,0.05
[sl 4703.26],0.0,1,0.0,100,745658201,745657216,4703.43,-12.55,0.0,GOLD.i#,737138302,1776924912,2026-04-23 06:15:12,0,0.05
Webhook Close,0.0,1,0.0,100,745660425,745657929,4700.7,8.25,0.0,GOLD.i#,737140499,1776925102,2026-04-23 06:18:22,0,0.05
CT-SELL-c92%,0.0,0,0.0,100,745661055,745661055,4699.08,0.0,0.0,GOLD.i#,737141103,1776925149,2026-04-23 06:19:09,1,0.05
CT-SELL-c92%,0.0,0,0.0,100,745661833,745661833,4700.06,0.0,0.0,GOLD.i#,737141850,1776925206,2026-04-23 06:20:06,1,0.05
CT-SELL-c92%,0.0,0,0.0,100,745662255,745662255,4700.84,0.0,0.0,GOLD.i#,737142244,1776925267,2026-04-23 06:21:07,1,0.05
[sl 4703.07],0.0,1,0.0,100,745662707,745662255,4703.07,-11.15,0.0,GOLD.i#,737142680,1776925299,2026-04-23 06:21:39,0,0.05
[sl 4703.22],0.0,1,0.0,100,745662816,745661833,4703.25,-15.95,0.0,GOLD.i#,737142784,1776925309,2026-04-23 06:21:49,0,0.05
[sl 4703.27],0.0,1,0.0,100,745662834,745661055,4703.27,-20.95,0.0,GOLD.i#,737142801,1776925311,2026-04-23 06:21:51,0,0.05
CT-SELL-c92%,0.0,0,0.0,100,745665452,745665452,4703.87,0.0,0.0,GOLD.i#,737145415,1776925540,2026-04-23 06:25:40,1,0.05
CT-SELL-c92%,0.0,0,0.0,100,745665838,745665838,4703.26,0.0,0.0,GOLD.i#,737145773,1776925605,2026-04-23 06:26:45,1,0.05
CT-SELL-c92%,0.0,0,0.0,100,745665996,745665996,4704.6,0.0,0.0,GOLD.i#,737145933,1776925647,2026-04-23 06:27:27,1,0.05
Webhook Close,0.0,1,0.0,100,745666310,745665996,4703.82,3.9,0.0,GOLD.i#,737146248,1776925693,2026-04-23 06:28:13,0,0.05
CT-SELL-c92%,0.0,0,0.0,100,745666426,745666426,4703.93,0.0,0.0,GOLD.i#,737146359,1776925734,2026-04-23 06:28:54,1,0.05
Webhook Close,0.0,1,0.0,100,745666684,745665452,4702.22,8.25,0.0,GOLD.i#,737146593,1776925757,2026-04-23 06:29:17,0,0.05
Webhook Close,0.0,1,0.0,100,745666691,745665838,4702.21,5.25,0.0,GOLD.i#,737146599,1776925759,2026-04-23 06:29:19,0,0.05
Webhook Close,0.0,1,0.0,100,745666711,745666426,4702.26,8.35,0.0,GOLD.i#,737146618,1776925761,2026-04-23 06:29:21,0,0.05
CT-SELL-c92%,0.0,0,0.0,100,745667094,745667094,4704.04,0.0,0.0,GOLD.i#,737146973,1776925803,2026-04-23 06:30:03,1,0.05
Webhook Close,0.0,1,0.0,100,745667384,745667094,4703.39,3.25,0.0,GOLD.i#,737147239,1776925828,2026-04-23 06:30:28,0,0.05
CT-SELL-c92%,0.0,0,0.0,100,745667851,745667851,4702.32,0.0,0.0,GOLD.i#,737147677,1776925882,2026-04-23 06:31:22,1,0.05
CT-SELL-c92%,0.0,0,0.0,100,745668663,745668663,4704.33,0.0,0.0,GOLD.i#,737148465,1776925965,2026-04-23 06:32:45,1,0.05
Webhook Close,0.0,1,0.0,100,745668849,745668663,4702.92,7.05,0.0,GOLD.i#,737148650,1776925989,2026-04-23 06:33:09,0,0.05
CT-SELL-c92%,0.0,0,0.0,100,745668983,745668983,4702.59,0.0,0.0,GOLD.i#,737148784,1776926015,2026-04-23 06:33:35,1,0.05
CT-SELL-c92%,0.0,0,0.0,100,745669315,745669315,4704.0,0.0,0.0,GOLD.i#,737149104,1776926075,2026-04-23 06:34:35,1,0.05
Webhook Close,0.0,1,0.0,100,745669425,745669315,4703.62,1.9,0.0,GOLD.i#,737149199,1776926098,2026-04-23 06:34:58,0,0.05
CT-SELL-c92%,0.0,0,0.0,100,745669643,745669643,4703.73,0.0,0.0,GOLD.i#,737149389,1776926136,2026-04-23 06:35:36,1,0.05
Webhook Close,0.0,1,0.0,100,745669883,745669643,4702.41,6.6,0.0,GOLD.i#,737149629,1776926194,2026-04-23 06:36:34,0,0.05
Webhook Close,0.0,1,0.0,100,745669931,745668983,4702.53,0.3,0.0,GOLD.i#,737149672,1776926197,2026-04-23 06:36:37,0,0.05
CT-SELL-c92%,0.0,0,0.0,100,745669951,745669951,4702.65,0.0,0.0,GOLD.i#,737149693,1776926201,2026-04-23 06:36:41,1,0.05
CT-SELL-c92%,0.0,0,0.0,100,745670303,745670303,4703.73,0.0,0.0,GOLD.i#,737150033,1776926263,2026-04-23 06:37:43,1,0.05
Webhook Close,0.0,1,0.0,100,745670352,745670303,4702.84,4.45,0.0,GOLD.i#,737150080,1776926286,2026-04-23 06:38:06,0,0.05
CT-SELL-c92%,0.0,0,0.0,100,745670501,745670501,4703.01,0.0,0.0,GOLD.i#,737150213,1776926325,2026-04-23 06:38:45,1,0.05
Webhook Close,0.0,1,0.0,100,745670630,745670501,4702.58,2.15,0.0,GOLD.i#,737150348,1776926349,2026-04-23 06:39:09,0,0.05
CT-SELL-c92%,0.0,0,0.0,100,745670730,745670730,4702.85,0.0,0.0,GOLD.i#,737150440,1776926397,2026-04-23 06:39:57,1,0.05
Webhook Close,0.0,1,0.0,100,745670914,745667851,4701.93,1.95,0.0,GOLD.i#,737150608,1776926422,2026-04-23 06:40:22,0,0.05
Webhook Close,0.0,1,0.0,100,745670985,745669951,4701.44,6.05,0.0,GOLD.i#,737150684,1776926422,2026-04-23 06:40:22,0,0.05
Webhook Close,0.0,1,0.0,100,745671005,745670730,4701.48,6.85,0.0,GOLD.i#,737150699,1776926424,2026-04-23 06:40:24,0,0.05
CT-SELL-c92%,0.0,0,0.0,100,745671348,745671348,4704.06,0.0,0.0,GOLD.i#,737151009,1776926476,2026-04-23 06:41:16,1,0.05
[sl 4706.33],0.0,1,0.0,100,745671505,745671348,4706.41,-11.75,0.0,GOLD.i#,737151165,1776926492,2026-04-23 06:41:32,0,0.05
CT-SELL-c95%,0.0,0,0.0,100,745671959,745671959,4706.59,0.0,0.0,GOLD.i#,737151620,1776926536,2026-04-23 06:42:16,1,0.05
CT-SELL-c92%,0.0,0,0.0,100,745672641,745672641,4705.71,0.0,0.0,GOLD.i#,737152302,1776926597,2026-04-23 06:43:17,1,0.05
Webhook Close,0.0,1,0.0,100,745672909,745671959,4705.03,7.8,0.0,GOLD.i#,737152577,1776926621,2026-04-23 06:43:41,0,0.05
Webhook Close,0.0,1,0.0,100,745672914,745672641,4705.17,2.7,0.0,GOLD.i#,737152583,1776926623,2026-04-23 06:43:43,0,0.05
CT-SELL-c92%,0.0,0,0.0,100,745673251,745673251,4704.76,0.0,0.0,GOLD.i#,737152922,1776926668,2026-04-23 06:44:28,1,0.05
CT-SELL-c92%,0.0,0,0.0,100,745673477,745673477,4706.03,0.0,0.0,GOLD.i#,737153136,1776926710,2026-04-23 06:45:10,1,0.05
Webhook Close,0.0,1,0.0,100,745673537,745673477,4705.35,3.4,0.0,GOLD.i#,737153195,1776926727,2026-04-23 06:45:27,0,0.05
CT-SELL-c90%,0.0,0,0.0,100,745674890,745674890,4706.77,0.0,0.0,GOLD.i#,737154527,1776926870,2026-04-23 06:47:50,1,0.05
CT-SELL-c90%,0.0,0,0.0,100,745675156,745675156,4706.88,0.0,0.0,GOLD.i#,737154785,1776926932,2026-04-23 06:48:52,1,0.05
Webhook Close,0.0,1,0.0,100,745675355,745674890,4706.36,2.05,0.0,GOLD.i#,737154983,1776926975,2026-04-23 06:49:35,0,0.05
Webhook Close,0.0,1,0.0,100,745675356,745675156,4706.37,2.55,0.0,GOLD.i#,737154984,1776926976,2026-04-23 06:49:36,0,0.05
CT-SELL-c90%,0.0,0,0.0,100,745675558,745675558,4706.75,0.0,0.0,GOLD.i#,737155176,1776927013,2026-04-23 06:50:13,1,0.05
Webhook Close,0.0,1,0.0,100,745675923,745675558,4706.03,3.6,0.0,GOLD.i#,737155533,1776927081,2026-04-23 06:51:21,0,0.05
CT-SELL-c90%,0.0,0,0.0,100,745676428,745676428,4706.68,0.0,0.0,GOLD.i#,737156025,1776927184,2026-04-23 06:53:04,1,0.05
Webhook Close,0.0,1,0.0,100,745676760,745676428,4705.73,4.75,0.0,GOLD.i#,737156359,1776927296,2026-04-23 06:54:56,0,0.05
Webhook Close,0.0,1,0.0,100,745677276,745673251,4703.19,7.85,0.0,GOLD.i#,737156853,1776927353,2026-04-23 06:55:53,0,0.05
CT-SELL-c90%,0.0,0,0.0,100,745706373,745706373,4701.74,0.0,0.0,GOLD.i#,737185482,1776930336,2026-04-23 07:45:36,1,0.05
Webhook Close,0.0,1,0.0,100,745707312,745706373,4700.37,6.85,0.0,GOLD.i#,737186425,1776930363,2026-04-23 07:46:03,0,0.05
CT-SELL-c90%,0.0,0,0.0,100,745711605,745711605,4702.76,0.0,0.0,GOLD.i#,737190731,1776930614,2026-04-23 07:50:14,1,0.05
Webhook Close,0.0,1,0.0,100,745711849,745711605,4702.45,1.55,0.0,GOLD.i#,737190967,1776930653,2026-04-23 07:50:53,0,0.05
CT-SELL-c90%,0.0,0,0.0,100,745712055,745712055,4702.69,0.0,0.0,GOLD.i#,737191170,1776930677,2026-04-23 07:51:17,1,0.05
CT-SELL-c90%,0.0,0,0.0,100,745712756,745712756,4703.1,0.0,0.0,GOLD.i#,737191859,1776930741,2026-04-23 07:52:21,1,0.05
CT-SELL-c90%,0.0,0,0.0,100,745713383,745713383,4702.88,0.0,0.0,GOLD.i#,737192484,1776930802,2026-04-23 07:53:22,1,0.05
Webhook Close,0.0,1,0.0,100,745713646,745712756,4702.75,1.75,0.0,GOLD.i#,737192739,1776930842,2026-04-23 07:54:02,0,0.05
CT-SELL-c90%,0.0,0,0.0,100,745713794,745713794,4702.43,0.0,0.0,GOLD.i#,737192881,1776930866,2026-04-23 07:54:26,1,0.05
Webhook Close,0.0,1,0.0,100,745714546,745712055,4702.05,3.2,0.0,GOLD.i#,737193608,1776930920,2026-04-23 07:55:20,0,0.05
Webhook Close,0.0,1,0.0,100,745714564,745713383,4702.09,3.95,0.0,GOLD.i#,737193628,1776930922,2026-04-23 07:55:22,0,0.05
Webhook Close,0.0,1,0.0,100,745714574,745713794,4702.11,1.6,0.0,GOLD.i#,737193638,1776930923,2026-04-23 07:55:23,0,0.05
CT-SELL-c90%,0.0,0,0.0,100,745714826,745714826,4701.29,0.0,0.0,GOLD.i#,737193843,1776930946,2026-04-23 07:55:46,1,0.05
CT-SELL-c90%,0.0,0,0.0,100,745715442,745715442,4701.48,0.0,0.0,GOLD.i#,737194451,1776931012,2026-04-23 07:56:52,1,0.05
CT-SELL-c85%,0.0,0,0.0,100,745715800,745715800,4702.38,0.0,0.0,GOLD.i#,737194807,1776931053,2026-04-23 07:57:33,1,0.05
[sl 4704.38],0.0,1,0.0,100,745717214,745714826,4704.58,-16.45,0.0,GOLD.i#,737196201,1776931155,2026-04-23 07:59:15,0,0.05
[sl 4704.35],0.0,1,0.0,100,745717216,745715442,4704.58,-15.5,0.0,GOLD.i#,737196208,1776931155,2026-04-23 07:59:15,0,0.05
[sl 4705.41],0.0,1,0.0,100,745718555,745715800,4705.62,-16.2,0.0,GOLD.i#,737197487,1776931241,2026-04-23 08:00:41,0,0.05
CT-SELL-c82%,0.0,0,0.0,100,745724254,745724254,4707.87,0.0,0.0,GOLD.i#,737203293,1776931530,2026-04-23 08:05:30,1,0.05
CT-SELL-c89%,0.0,0,0.0,100,745724370,745724370,4707.79,0.0,0.0,GOLD.i#,737203410,1776931537,2026-04-23 08:05:37,1,0.05
Webhook Close,0.0,1,0.0,100,745724780,745724254,4707.21,3.3,0.0,GOLD.i#,737203820,1776931569,2026-04-23 08:06:09,0,0.05
Webhook Close,0.0,1,0.0,100,745724792,745724370,4707.08,3.55,0.0,GOLD.i#,737203832,1776931571,2026-04-23 08:06:11,0,0.05
CT-SELL-c89%,0.0,0,0.0,100,745725187,745725187,4707.9,0.0,0.0,GOLD.i#,737204228,1776931593,2026-04-23 08:06:33,1,0.05
CT-SELL-c89%,0.0,0,0.0,100,745725248,745725248,4707.53,0.0,0.0,GOLD.i#,737204290,1776931600,2026-04-23 08:06:40,1,0.05
CT-SELL-c89%,0.0,0,0.0,100,745725930,745725930,4708.34,0.0,0.0,GOLD.i#,737204960,1776931660,2026-04-23 08:07:40,1,0.05
CT-SELL-c89%,0.0,0,0.0,100,745726080,745726080,4708.74,0.0,0.0,GOLD.i#,737205114,1776931666,2026-04-23 08:07:46,1,0.05
[sl 4709.88],0.0,1,0.0,100,745726680,745725187,4710.07,-10.85,0.0,GOLD.i#,737205716,1776931672,2026-04-23 08:07:52,0,0.05
Webhook Close,0.0,1,0.0,100,745731686,745726080,4708.64,0.5,0.0,GOLD.i#,737210701,1776932002,2026-04-23 08:13:22,0,0.05
CT-SELL-c89%,0.0,0,0.0,100,745732153,745732153,4708.69,0.0,0.0,GOLD.i#,737211168,1776932019,2026-04-23 08:13:39,1,0.05
Webhook Close,0.0,1,0.0,100,745732302,745732153,4708.18,2.55,0.0,GOLD.i#,737211320,1776932033,2026-04-23 08:13:53,0,0.05
CT-SELL-c89%,0.0,0,0.0,100,745732797,745732797,4708.5,0.0,0.0,GOLD.i#,737211810,1776932084,2026-04-23 08:14:44,1,0.05
Webhook Close,0.0,1,0.0,100,745733085,745732797,4708.09,2.05,0.0,GOLD.i#,737212098,1776932099,2026-04-23 08:14:59,0,0.05
Webhook Close,0.0,1,0.0,100,745733384,745725930,4707.7,3.2,0.0,GOLD.i#,737212384,1776932107,2026-04-23 08:15:07,0,0.05
CT-SELL-c89%,0.0,0,0.0,100,745734162,745734162,4707.17,0.0,0.0,GOLD.i#,737213179,1776932168,2026-04-23 08:16:08,1,0.05
CT-SELL-c89%,0.0,0,0.0,100,745734424,745734424,4706.99,0.0,0.0,GOLD.i#,737213427,1776932202,2026-04-23 08:16:42,1,0.05
Webhook Close,0.0,1,0.0,100,745734500,745725248,4707.12,2.05,0.0,GOLD.i#,737213499,1776932209,2026-04-23 08:16:49,0,0.05
CT-SELL-c89%,0.0,0,0.0,100,745734579,745734579,4706.98,0.0,0.0,GOLD.i#,737213579,1776932217,2026-04-23 08:16:57,1,0.05
Webhook Close,0.0,1,0.0,100,745734747,745734162,4706.34,4.15,0.0,GOLD.i#,737213747,1776932224,2026-04-23 08:17:04,0,0.05
Webhook Close,0.0,1,0.0,100,745734915,745734424,4706.34,3.25,0.0,GOLD.i#,737213915,1776932225,2026-04-23 08:17:05,0,0.05
Webhook Close,0.0,1,0.0,100,745734946,745734579,4706.58,2.0,0.0,GOLD.i#,737213946,1776932227,2026-04-23 08:17:07,0,0.05
CT-SELL-c89%,0.0,0,0.0,100,745737781,745737781,4707.95,0.0,0.0,GOLD.i#,737216768,1776932470,2026-04-23 08:21:10,1,0.05
CT-SELL-c89%,0.0,0,0.0,100,745738718,745738718,4707.95,0.0,0.0,GOLD.i#,737217704,1776932531,2026-04-23 08:22:11,1,0.05
CT-SELL-c89%,0.0,0,0.0,100,745739458,745739458,4707.16,0.0,0.0,GOLD.i#,737218449,1776932595,2026-04-23 08:23:15,1,0.05
Webhook Close,0.0,1,0.0,100,745740240,745737781,4707.35,3.0,0.0,GOLD.i#,737219219,1776932683,2026-04-23 08:24:43,0,0.05
Webhook Close,0.0,1,0.0,100,745740248,745738718,4707.36,2.95,0.0,GOLD.i#,737219227,1776932684,2026-04-23 08:24:44,0,0.05
Webhook Close,0.0,1,0.0,100,745740565,745739458,4706.61,2.75,0.0,GOLD.i#,737219536,1776932702,2026-04-23 08:25:02,0,0.05
CT-SELL-c89%,0.0,0,0.0,100,745740976,745740976,4705.54,0.0,0.0,GOLD.i#,737219969,1776932729,2026-04-23 08:25:29,1,0.05
CT-SELL-c89%,0.0,0,0.0,100,745741197,745741197,4705.54,0.0,0.0,GOLD.i#,737220185,1776932733,2026-04-23 08:25:33,1,0.05
CT-SELL-c89%,0.0,0,0.0,100,745741592,745741592,4707.19,0.0,0.0,GOLD.i#,737220560,1776932765,2026-04-23 08:26:05,1,0.05
Webhook Close,0.0,1,0.0,100,745742125,745741592,4705.95,6.2,0.0,GOLD.i#,737221068,1776932820,2026-04-23 08:27:00,0,0.05
CT-SELL-c89%,0.0,0,0.0,100,745742677,745742677,4706.24,0.0,0.0,GOLD.i#,737221616,1776932860,2026-04-23 08:27:40,1,0.05
Webhook Close,0.0,1,0.0,100,745743004,745742677,4705.69,2.75,0.0,GOLD.i#,737221943,1776932883,2026-04-23 08:28:03,0,0.05
CT-SELL-c89%,0.0,0,0.0,100,745743399,745743399,4707.34,0.0,0.0,GOLD.i#,737222338,1776932923,2026-04-23 08:28:43,1,0.05
Webhook Close,0.0,1,0.0,100,745743654,745743399,4706.09,6.25,0.0,GOLD.i#,737222586,1776932947,2026-04-23 08:29:07,0,0.05
CT-SELL-c89%,0.0,0,0.0,100,745745259,745745259,4702.67,0.0,0.0,GOLD.i#,737224215,1776933010,2026-04-23 08:30:10,1,0.05
[tp 4701.25],0.0,1,0.0,100,745745967,745745259,4701.1,7.85,0.0,GOLD.i#,737224923,1776933017,2026-04-23 08:30:17,0,0.05
[tp 4700.91],0.0,1,0.0,100,745746196,745740976,4700.9,23.2,0.0,GOLD.i#,737225151,1776933020,2026-04-23 08:30:20,0,0.05
[tp 4701.06],0.0,1,0.0,100,745746197,745741197,4700.9,23.2,0.0,GOLD.i#,737225153,1776933020,2026-04-23 08:30:20,0,0.05
CT-SELL-c82%,0.0,0,0.0,100,745755147,745755147,4705.31,0.0,0.0,GOLD.i#,737234238,1776933218,2026-04-23 08:33:38,1,0.05
CT-SELL-c91%,0.0,0,0.0,100,745757017,745757017,4706.72,0.0,0.0,GOLD.i#,737236064,1776933270,2026-04-23 08:34:30,1,0.05
CT-SELL-c91%,0.0,0,0.0,100,745757205,745757205,4706.52,0.0,0.0,GOLD.i#,737236254,1776933276,2026-04-23 08:34:36,1,0.05
Webhook Close,0.0,1,0.0,100,745757546,745757017,4706.19,2.65,0.0,GOLD.i#,737236595,1776933296,2026-04-23 08:34:56,0,0.05
Webhook Close,0.0,1,0.0,100,745757576,745757205,4706.25,1.35,0.0,GOLD.i#,737236625,1776933297,2026-04-23 08:34:57,0,0.05
Webhook Close,0.0,1,0.0,100,745758082,745755147,4705.02,1.45,0.0,GOLD.i#,737237121,1776933322,2026-04-23 08:35:22,0,0.05
CT-SELL-c91%,0.0,0,0.0,100,745761661,745761661,4704.66,0.0,0.0,GOLD.i#,737240609,1776933541,2026-04-23 08:39:01,1,0.05
CT-SELL-c91%,0.0,0,0.0,100,745761778,745761778,4704.59,0.0,0.0,GOLD.i#,737240720,1776933550,2026-04-23 08:39:10,1,0.05
Webhook Close,0.0,1,0.0,100,745762002,745761661,4703.72,4.7,0.0,GOLD.i#,737240950,1776933573,2026-04-23 08:39:33,0,0.05
Webhook Close,0.0,1,0.0,100,745762019,745761778,4703.78,4.05,0.0,GOLD.i#,737240967,1776933574,2026-04-23 08:39:34,0,0.05
CT-SELL-c91%,0.0,0,0.0,100,745762879,745762879,4702.07,0.0,0.0,GOLD.i#,737241806,1776933613,2026-04-23 08:40:13,1,0.05
CT-SELL-c91%,0.0,0,0.0,100,745762936,745762936,4701.9,0.0,0.0,GOLD.i#,737241865,1776933616,2026-04-23 08:40:16,1,0.05
CT-SELL-c91%,0.0,0,0.0,100,745763717,745763717,4702.59,0.0,0.0,GOLD.i#,737242637,1776933680,2026-04-23 08:41:20,1,0.05
CT-SELL-c91%,0.0,0,0.0,100,745763746,745763746,4702.8,0.0,0.0,GOLD.i#,737242667,1776933683,2026-04-23 08:41:23,1,0.05
Webhook Close,0.0,1,0.0,100,745764139,745763717,4702.09,2.5,0.0,GOLD.i#,737243057,1776933730,2026-04-23 08:42:10,0,0.05
Webhook Close,0.0,1,0.0,100,745764147,745763746,4702.09,3.55,0.0,GOLD.i#,737243064,1776933731,2026-04-23 08:42:11,0,0.05
Webhook Close,0.0,1,0.0,100,745764363,745762879,4701.52,2.75,0.0,GOLD.i#,737243284,1776933742,2026-04-23 08:42:22,0,0.05
Webhook Close,0.0,1,0.0,100,745764385,745762936,4701.45,2.25,0.0,GOLD.i#,737243306,1776933744,2026-04-23 08:42:24,0,0.05
CT-SELL-c82%,0.0,0,0.0,100,745764485,745764485,4701.1,0.0,0.0,GOLD.i#,737243408,1776933747,2026-04-23 08:42:27,1,0.05
CT-SELL-c91%,0.0,0,0.0,100,745764946,745764946,4702.26,0.0,0.0,GOLD.i#,737243864,1776933763,2026-04-23 08:42:43,1,0.05
CT-SELL-c91%,0.0,0,0.0,100,745765851,745765851,4702.8,0.0,0.0,GOLD.i#,737244759,1776933815,2026-04-23 08:43:35,1,0.05
Webhook Close,0.0,1,0.0,100,745766282,745765851,4702.34,2.3,0.0,GOLD.i#,737245185,1776933839,2026-04-23 08:43:59,0,0.05
CT-SELL-c91%,0.0,0,0.0,100,745767282,745767282,4701.55,0.0,0.0,GOLD.i#,737246194,1776933895,2026-04-23 08:44:55,1,0.05
[sl 4703.90],0.0,1,0.0,100,745768130,745764946,4704.06,-9.0,0.0,GOLD.i#,737247034,1776933944,2026-04-23 08:45:44,0,0.05
[sl 4705.02],0.0,1,0.0,100,745768198,745764485,4705.06,-19.8,0.0,GOLD.i#,737247108,1776933946,2026-04-23 08:45:46,0,0.05
[sl 4705.94],0.0,1,0.0,100,745768595,745767282,4705.95,-22.0,0.0,GOLD.i#,737247487,1776933955,2026-04-23 08:45:55,0,0.05
CT-SELL-c82%,0.0,0,0.0,100,745775453,745775453,4711.23,0.0,0.0,GOLD.i#,737254334,1776934216,2026-04-23 08:50:16,1,0.05
[sl 4713.87],0.0,1,0.0,100,745776243,745775453,4713.88,-13.25,0.0,GOLD.i#,737255124,1776934230,2026-04-23 08:50:30,0,0.05
CT-SELL-c82%,0.0,0,0.0,100,745778205,745778205,4711.99,0.0,0.0,GOLD.i#,737257073,1776934298,2026-04-23 08:51:38,1,0.05
CT-SELL-c82%,0.0,0,0.0,100,745780281,745780281,4712.84,0.0,0.0,GOLD.i#,737259157,1776934367,2026-04-23 08:52:47,1,0.05
Webhook Close,0.0,1,0.0,100,745780966,745780281,4712.51,1.65,0.0,GOLD.i#,737259838,1776934393,2026-04-23 08:53:13,0,0.05
CT-SELL-c89%,0.0,0,0.0,100,745781936,745781936,4711.87,0.0,0.0,GOLD.i#,737260806,1776934432,2026-04-23 08:53:52,1,0.05
Webhook Close,0.0,1,0.0,100,745782543,745778205,4711.32,3.35,0.0,GOLD.i#,737261402,1776934464,2026-04-23 08:54:24,0,0.05
Webhook Close,0.0,1,0.0,100,745782555,745781936,4711.32,2.75,0.0,GOLD.i#,737261414,1776934465,2026-04-23 08:54:25,0,0.05
CT-SELL-c89%,0.0,0,0.0,100,745783127,745783127,4712.2,0.0,0.0,GOLD.i#,737261960,1776934504,2026-04-23 08:55:04,1,0.05
[sl 4715.03],0.0,1,0.0,100,745784369,745783127,4715.07,-14.35,0.0,GOLD.i#,737263181,1776934557,2026-04-23 08:55:57,0,0.05
CT-SELL-c89%,0.0,0,0.0,100,745788502,745788502,4713.99,0.0,0.0,GOLD.i#,737267258,1776934782,2026-04-23 08:59:42,1,0.05
CT-SELL-c90%,0.0,0,0.0,100,745790237,745790237,4715.78,0.0,0.0,GOLD.i#,737268941,1776934847,2026-04-23 09:00:47,1,0.05
[sl 4717.06],0.0,1,0.0,100,745791175,745788502,4717.17,-15.9,0.0,GOLD.i#,737269871,1776934878,2026-04-23 09:01:18,0,0.05
[sl 4717.97],0.0,1,0.0,100,745791955,745790237,4718.09,-11.55,0.0,GOLD.i#,737270625,1776934908,2026-04-23 09:01:48,0,0.05
CT-SELL-c82%,0.0,0,0.0,100,745798578,745798578,4715.23,0.0,0.0,GOLD.i#,737277049,1776935175,2026-04-23 09:06:15,1,0.05
CT-SELL-c82%,0.0,0,0.0,100,745799749,745799749,4716.31,0.0,0.0,GOLD.i#,737278186,1776935231,2026-04-23 09:07:11,1,0.05
Webhook Close,0.0,1,0.0,100,745799838,745799749,4715.51,4.0,0.0,GOLD.i#,737278271,1776935237,2026-04-23 09:07:17,0,0.05
Webhook Close,0.0,1,0.0,100,745800302,745798578,4714.88,1.75,0.0,GOLD.i#,737278713,1776935272,2026-04-23 09:07:52,0,0.05
CT-SELL-c89%,0.0,0,0.0,100,745801860,745801860,4712.06,0.0,0.0,GOLD.i#,737280216,1776935339,2026-04-23 09:08:59,1,0.05
CT-SELL-c89%,0.0,0,0.0,100,745803484,745803484,4712.95,0.0,0.0,GOLD.i#,737281784,1776935405,2026-04-23 09:10:05,1,0.05
Webhook Close,0.0,1,0.0,100,745804017,745803484,4712.57,1.9,0.0,GOLD.i#,737282267,1776935445,2026-04-23 09:10:45,0,0.05
CT-SELL-c89%,0.0,0,0.0,100,745804378,745804378,4711.98,0.0,0.0,GOLD.i#,737282617,1776935467,2026-04-23 09:11:07,1,0.05
[sl 4714.74],0.0,1,0.0,100,745805552,745804378,4714.8,-14.1,0.0,GOLD.i#,737283714,1776935513,2026-04-23 09:11:53,0,0.05
[sl 4714.94],0.0,1,0.0,100,745805598,745801860,4715.17,-15.55,0.0,GOLD.i#,737283755,1776935514,2026-04-23 09:11:54,0,0.05
CT-SELL-c90%,0.0,0,0.0,100,745810950,745810950,4709.94,0.0,0.0,GOLD.i#,737288949,1776935761,2026-04-23 09:16:01,1,0.05
CT-SELL-c90%,0.0,0,0.0,100,745811626,745811626,4710.43,0.0,0.0,GOLD.i#,737289605,1776935804,2026-04-23 09:16:44,1,0.05
Webhook Close,0.0,1,0.0,100,745812024,745811626,4709.88,2.75,0.0,GOLD.i#,737290001,1776935820,2026-04-23 09:17:00,0,0.05
CT-SELL-c85%,0.0,0,0.0,100,745812335,745812335,4710.76,0.0,0.0,GOLD.i#,737290307,1776935828,2026-04-23 09:17:08,1,0.05
CT-SELL-c82%,0.0,0,0.0,100,745813356,745813356,4712.03,0.0,0.0,GOLD.i#,737291301,1776935875,2026-04-23 09:17:55,1,0.05
Webhook Close,0.0,1,0.0,100,745813583,745813356,4711.47,2.8,0.0,GOLD.i#,737291523,1776935889,2026-04-23 09:18:09,0,0.05
CT-SELL-c90%,0.0,0,0.0,100,745813637,745813637,4711.6,0.0,0.0,GOLD.i#,737291575,1776935895,2026-04-23 09:18:15,1,0.05
Webhook Close,0.0,1,0.0,100,745813862,745813637,4710.76,4.2,0.0,GOLD.i#,737291786,1776935915,2026-04-23 09:18:35,0,0.05
CT-SELL-c82%,0.0,0,0.0,100,745814237,745814237,4710.88,0.0,0.0,GOLD.i#,737292149,1776935942,2026-04-23 09:19:02,1,0.05
Webhook Close,0.0,1,0.0,100,745814581,745812335,4710.29,2.35,0.0,GOLD.i#,737292484,1776935966,2026-04-23 09:19:26,0,0.05
Webhook Close,0.0,1,0.0,100,745814605,745814237,4710.29,2.95,0.0,GOLD.i#,737292507,1776935967,2026-04-23 09:19:27,0,0.05
CT-SELL-c90%,0.0,0,0.0,100,745815231,745815231,4709.49,0.0,0.0,GOLD.i#,737293101,1776936010,2026-04-23 09:20:10,1,0.05
CT-SELL-c59%,0.0,0,0.0,100,745815583,745815583,75.875,0.0,0.0,SILVER.i#,737293458,1776936017,2026-04-23 09:20:17,1,0.05
Webhook Close,0.0,1,0.0,100,745815972,745810950,4708.96,4.9,0.0,GOLD.i#,737293847,1776936028,2026-04-23 09:20:28,0,0.05
Webhook Close,0.0,1,0.0,100,745816046,745815231,4709.57,-0.4,0.0,GOLD.i#,737293921,1776936029,2026-04-23 09:20:29,0,0.05
CT-SELL-c82%,0.0,0,0.0,100,745816184,745816184,4709.3,0.0,0.0,GOLD.i#,737294048,1776936037,2026-04-23 09:20:37,1,0.05
CT-SELL-c59%,0.0,0,0.0,100,745817379,745817379,75.912,0.0,0.0,SILVER.i#,737295226,1776936095,2026-04-23 09:21:35,1,0.05
CT-SELL-c90%,0.0,0,0.0,100,745817426,745817426,4710.67,0.0,0.0,GOLD.i#,737295268,1776936098,2026-04-23 09:21:38,1,0.05
Webhook Close,0.0,1,0.0,100,745817943,745815583,75.997,-30.5,0.0,SILVER.i#,737295772,1776936112,2026-04-23 09:21:52,0,0.05
[sl 76.010],0.0,1,0.0,100,745818135,745817379,76.013,-25.25,0.0,SILVER.i#,737295955,1776936122,2026-04-23 09:22:02,0,0.05
[sl 4712.38],0.0,1,0.0,100,745818530,745816184,4712.39,-15.45,0.0,GOLD.i#,737296300,1776936130,2026-04-23 09:22:10,0,0.05
[sl 4712.95],0.0,1,0.0,100,745821539,745817426,4712.95,-11.4,0.0,GOLD.i#,737299215,1776936303,2026-04-23 09:25:03,0,0.05
CT-SELL-c82%,0.0,0,0.0,100,745825426,745825426,4712.29,0.0,0.0,GOLD.i#,737302951,1776936541,2026-04-23 09:29:01,1,0.05
CT-SELL-c64%,0.0,0,0.0,100,745826860,745826860,4711.99,0.0,0.0,GOLD.i#,737304314,1776936614,2026-04-23 09:30:14,1,0.05
Webhook Close,0.0,1,0.0,100,745827438,745825426,4711.49,4.0,0.0,GOLD.i#,737304878,1776936640,2026-04-23 09:30:40,0,0.05
Webhook Close,0.0,1,0.0,100,745827459,745826860,4711.64,1.75,0.0,GOLD.i#,737304898,1776936642,2026-04-23 09:30:42,0,0.05
CT-SELL-c89%,0.0,0,0.0,100,745828078,745828078,4711.37,0.0,0.0,GOLD.i#,737305501,1776936681,2026-04-23 09:31:21,1,0.05
CT-SELL-c76%,0.0,0,0.0,100,745829108,745829108,4712.1,0.0,0.0,GOLD.i#,737306452,1776936755,2026-04-23 09:32:35,1,0.05
CT-SELL-c89%,0.0,0,0.0,100,745829774,745829774,4712.22,0.0,0.0,GOLD.i#,737307074,1776936826,2026-04-23 09:33:46,1,0.05
[sl 4713.88],0.0,1,0.0,100,745833741,745828078,4713.91,-12.7,0.0,GOLD.i#,737310958,1776937045,2026-04-23 09:37:25,0,0.05
Webhook Close,0.0,1,0.0,100,745835946,745829108,4711.63,2.35,0.0,GOLD.i#,737313079,1776937173,2026-04-23 09:39:33,0,0.05
Webhook Close,0.0,1,0.0,100,745835957,745829774,4711.62,3.0,0.0,GOLD.i#,737313089,1776937174,2026-04-23 09:39:34,0,0.05
CT-SELL-c85%,0.0,0,0.0,100,745837752,745837752,4713.53,0.0,0.0,GOLD.i#,737314809,1776937268,2026-04-23 09:41:08,1,0.05
CT-SELL-c90%,0.0,0,0.0,100,745838273,745838273,4714.17,0.0,0.0,GOLD.i#,737315295,1776937331,2026-04-23 09:42:11,1,0.05
[sl 4716.55],0.0,1,0.0,100,745839234,745838273,4716.57,-12.0,0.0,GOLD.i#,737316214,1776937377,2026-04-23 09:42:57,0,0.05
[sl 4716.81],0.0,1,0.0,100,745839659,745837752,4717.08,-17.75,0.0,GOLD.i#,737316627,1776937382,2026-04-23 09:43:02,0,0.05
CT-SELL-c82%,0.0,0,0.0,100,745845633,745845633,4718.42,0.0,0.0,GOLD.i#,737322438,1776937601,2026-04-23 09:46:41,1,0.05
Webhook Close,0.0,1,0.0,100,745846219,745845633,4717.47,4.75,0.0,GOLD.i#,737323017,1776937625,2026-04-23 09:47:05,0,0.05
CT-SELL-c82%,0.0,0,0.0,100,745847236,745847236,4719.08,0.0,0.0,GOLD.i#,737323996,1776937667,2026-04-23 09:47:47,1,0.05
CT-SELL-c82%,0.0,0,0.0,100,745849313,745849313,4715.82,0.0,0.0,GOLD.i#,737326044,1776937745,2026-04-23 09:49:05,1,0.05
[tp 4715.09],0.0,1,0.0,100,745849676,745849313,4715.01,4.05,0.0,GOLD.i#,737326404,1776937749,2026-04-23 09:49:09,0,0.05
[tp 4714.17],0.0,1,0.0,100,745849994,745847236,4714.15,24.65,0.0,GOLD.i#,737326711,1776937758,2026-04-23 09:49:18,0,0.05
CT-SELL-c69%,0.0,0,0.0,100,745856711,745856711,4714.68,0.0,0.0,GOLD.i#,737333239,1776938035,2026-04-23 09:53:55,1,0.05
CT-SELL-c75%,0.0,0,0.0,100,745857891,745857891,4715.06,0.0,0.0,GOLD.i#,737334365,1776938095,2026-04-23 09:54:55,1,0.05
Webhook Close,0.0,1,0.0,100,745859135,745856711,4713.22,7.3,0.0,GOLD.i#,737335601,1776938134,2026-04-23 09:55:34,0,0.05
Webhook Close,0.0,1,0.0,100,745859193,745857891,4713.61,7.25,0.0,GOLD.i#,737335659,1776938135,2026-04-23 09:55:35,0,0.05
CT-SELL-c74%,0.0,0,0.0,100,745860958,745860958,4714.92,0.0,0.0,GOLD.i#,737337339,1776938228,2026-04-23 09:57:08,1,0.05
CT-SELL-c73%,0.0,0,0.0,100,745863297,745863297,4713.46,0.0,0.0,GOLD.i#,737339572,1776938372,2026-04-23 09:59:32,1,0.05
Webhook Close,0.0,1,0.0,100,745863903,745860958,4712.76,10.8,0.0,GOLD.i#,737340163,1776938395,2026-04-23 09:59:55,0,0.05
Webhook Close,0.0,1,0.0,100,745863955,745863297,4713.1,1.8,0.0,GOLD.i#,737340215,1776938397,2026-04-23 09:59:57,0,0.05
CT-SELL-c94%,0.0,0,0.0,100,745869440,745869440,4708.28,0.0,0.0,GOLD.i#,737345690,1776938534,2026-04-23 10:02:14,1,0.05
CT-SELL-c87%,0.0,0,0.0,100,745870225,745870225,4709.67,0.0,0.0,GOLD.i#,737346473,1776938583,2026-04-23 10:03:03,1,0.05
CT-SELL-c77%,0.0,0,0.0,100,745871199,745871199,4711.54,0.0,0.0,GOLD.i#,737347447,1776938639,2026-04-23 10:03:59,1,0.05
Webhook Close,0.0,1,0.0,100,745871655,745871199,4710.24,6.5,0.0,GOLD.i#,737347907,1776938664,2026-04-23 10:04:24,0,0.05
[sl 4713.16],0.0,1,0.0,100,745872520,745869440,4713.26,-24.9,0.0,GOLD.i#,737348773,1776938696,2026-04-23 10:04:56,0,0.05
[sl 4713.67],0.0,1,0.0,100,745873012,745870225,4713.67,-20.0,0.0,GOLD.i#,737349255,1776938701,2026-04-23 10:05:01,0,0.05
CT-SELL-c87%,0.0,0,0.0,100,745879053,745879053,4712.92,0.0,0.0,GOLD.i#,737355239,1776938930,2026-04-23 10:08:50,1,0.05
Webhook Close,0.0,1,0.0,100,745879909,745879053,4711.53,6.95,0.0,GOLD.i#,737356096,1776938986,2026-04-23 10:09:46,0,0.05
CT-SELL-c94%,0.0,0,0.0,100,745880332,745880332,4710.06,0.0,0.0,GOLD.i#,737356515,1776938995,2026-04-23 10:09:55,1,0.05
[sl 4713.99],0.0,1,0.0,100,745881439,745880332,4714.08,-20.1,0.0,GOLD.i#,737357585,1776939019,2026-04-23 10:10:19,0,0.05
CT-SELL-c87%,0.0,0,0.0,100,745883573,745883573,4713.25,0.0,0.0,GOLD.i#,737359679,1776939058,2026-04-23 10:10:58,1,0.05
Webhook Close,0.0,1,0.0,100,745884906,745883573,4710.8,12.25,0.0,GOLD.i#,737360987,1776939098,2026-04-23 10:11:38,0,0.05
CT-SELL-c87%,0.0,0,0.0,100,745886030,745886030,4711.53,0.0,0.0,GOLD.i#,737362117,1776939133,2026-04-23 10:12:13,1,0.05
Webhook Close,0.0,1,0.0,100,745887029,745886030,4710.48,5.25,0.0,GOLD.i#,737363026,1776939188,2026-04-23 10:13:08,0,0.05
CT-SELL-c94%,0.0,0,0.0,100,745887150,745887150,4710.35,0.0,0.0,GOLD.i#,737363149,1776939195,2026-04-23 10:13:15,1,0.05
Webhook Close,0.0,1,0.0,100,745887889,745887150,4710.02,1.65,0.0,GOLD.i#,737363886,1776939226,2026-04-23 10:13:46,0,0.05
CT-SELL-c87%,0.0,0,0.0,100,745888723,745888723,4711.45,0.0,0.0,GOLD.i#,737364719,1776939266,2026-04-23 10:14:26,1,0.05
[sl 4713.19],0.0,1,0.0,100,745889998,745888723,4713.34,-9.45,0.0,GOLD.i#,737365977,1776939300,2026-04-23 10:15:00,0,0.05
CT-SELL-c92%,0.0,0,0.0,100,745895474,745895474,4710.64,0.0,0.0,GOLD.i#,737371434,1776939531,2026-04-23 10:18:51,1,0.05
[sl 4713.89],0.0,1,0.0,100,745896027,745895474,4713.97,-16.65,0.0,GOLD.i#,737371972,1776939568,2026-04-23 10:19:28,0,0.05
CT-SELL-c95%,0.0,0,0.0,100,745903160,745903160,4704.67,0.0,0.0,GOLD.i#,737379102,1776939791,2026-04-23 10:23:11,1,0.05
Webhook Close,0.0,1,0.0,100,745904364,745903160,4704.42,1.25,0.0,GOLD.i#,737380317,1776939834,2026-04-23 10:23:54,0,0.05
CT-SELL-c95%,0.0,0,0.0,100,745904816,745904816,4704.01,0.0,0.0,GOLD.i#,737380765,1776939861,2026-04-23 10:24:21,1,0.05
CT-SELL-c95%,0.0,0,0.0,100,745906658,745906658,4706.38,0.0,0.0,GOLD.i#,737382569,1776939924,2026-04-23 10:25:24,1,0.05
CT-SELL-c95%,0.0,0,0.0,100,745908353,745908353,4706.43,0.0,0.0,GOLD.i#,737384215,1776939989,2026-04-23 10:26:29,1,0.05
[sl 4708.09],0.0,1,0.0,100,745908647,745904816,4708.24,-21.15,0.0,GOLD.i#,737384502,1776940003,2026-04-23 10:26:43,0,0.05
[sl 4708.55],0.0,1,0.0,100,745908981,745906658,4708.59,-11.05,0.0,GOLD.i#,737384818,1776940018,2026-04-23 10:26:58,0,0.05
[sl 4709.24],0.0,1,0.0,100,745909011,745908353,4709.45,-15.1,0.0,GOLD.i#,737384853,1776940019,2026-04-23 10:26:59,0,0.05
CT-SELL-c95%,0.0,0,0.0,100,745915674,745915674,4703.99,0.0,0.0,GOLD.i#,737391394,1776940296,2026-04-23 10:31:36,1,0.05
CT-SELL-c95%,0.0,0,0.0,100,745916884,745916884,4706.8,0.0,0.0,GOLD.i#,737392600,1776940345,2026-04-23 10:32:25,1,0.05
[sl 4707.51],0.0,1,0.0,100,745916956,745915674,4707.65,-18.3,0.0,GOLD.i#,737392668,1776940350,2026-04-23 10:32:30,0,0.05
[sl 4708.12],0.0,1,0.0,100,745917849,745916884,4708.14,-6.7,0.0,GOLD.i#,737393562,1776940377,2026-04-23 10:32:57,0,0.05
CT-SELL-c82%,0.0,0,0.0,100,745927045,745927045,4709.2,0.0,0.0,GOLD.i#,737402826,1776940813,2026-04-23 10:40:13,1,0.05
CT-SELL-c82%,0.0,0,0.0,100,745927935,745927935,4708.92,0.0,0.0,GOLD.i#,737403727,1776940874,2026-04-23 10:41:14,1,0.05
CT-SELL-c82%,0.0,0,0.0,100,745928715,745928715,4709.07,0.0,0.0,GOLD.i#,737404495,1776940935,2026-04-23 10:42:15,1,0.05
[sl 4711.91],0.0,1,0.0,100,745930255,745927935,4711.91,-14.95,0.0,GOLD.i#,737406032,1776941046,2026-04-23 10:44:06,0,0.05
[sl 4712.10],0.0,1,0.0,100,745930496,745928715,4712.17,-15.5,0.0,GOLD.i#,737406274,1776941066,2026-04-23 10:44:26,0,0.05
[sl 4712.26],0.0,1,0.0,100,745930548,745927045,4712.26,-15.3,0.0,GOLD.i#,737406326,1776941069,2026-04-23 10:44:29,0,0.05
CT-SELL-c82%,0.0,0,0.0,100,745939357,745939357,4719.87,0.0,0.0,GOLD.i#,737415148,1776941414,2026-04-23 10:50:14,1,0.05
Webhook Close,0.0,1,0.0,100,745940478,745939357,4719.22,3.25,0.0,GOLD.i#,737416261,1776941475,2026-04-23 10:51:15,0,0.05
CT-SELL-c82%,0.0,0,0.0,100,745940861,745940861,4718.68,0.0,0.0,GOLD.i#,737416619,1776941498,2026-04-23 10:51:38,1,0.05
CT-SELL-c82%,0.0,0,0.0,100,745942049,745942049,4717.41,0.0,0.0,GOLD.i#,737417762,1776941565,2026-04-23 10:52:45,1,0.05
Webhook Close,0.0,1,0.0,100,745942745,745940861,4717.07,8.05,0.0,GOLD.i#,737418433,1776941596,2026-04-23 10:53:16,0,0.05
Webhook Close,0.0,1,0.0,100,745942772,745942049,4717.1,1.55,0.0,GOLD.i#,737418460,1776941599,2026-04-23 10:53:19,0,0.05
CT-SELL-c82%,0.0,0,0.0,100,745945874,745945874,4718.62,0.0,0.0,GOLD.i#,737421498,1776941810,2026-04-23 10:56:50,1,0.05
Webhook Close,0.0,1,0.0,100,745946211,745945874,4716.95,8.35,0.0,GOLD.i#,737421828,1776941834,2026-04-23 10:57:14,0,0.05
CT-SELL-c82%,0.0,0,0.0,100,745947690,745947690,4718.98,0.0,0.0,GOLD.i#,737423296,1776941948,2026-04-23 10:59:08,1,0.05
[sl 4721.40],0.0,1,0.0,100,745949353,745947690,4721.51,-12.65,0.0,GOLD.i#,737424913,1776942013,2026-04-23 11:00:13,0,0.05
CT-SELL-c89%,0.0,0,0.0,100,745949928,745949928,4720.99,0.0,0.0,GOLD.i#,737425503,1776942015,2026-04-23 11:00:15,1,0.1
[sl 4722.87],0.0,1,0.0,100,745950666,745949928,4722.92,-19.3,0.0,GOLD.i#,737426252,1776942022,2026-04-23 11:00:22,0,0.1
CT-SELL-c76%,0.0,0,0.0,100,745964190,745964190,4718.1,0.0,0.0,GOLD.i#,737439284,1776942672,2026-04-23 11:11:12,1,0.1
CT-SELL-c77%,0.0,0,0.0,100,745964352,745964352,76.053,0.0,0.0,SILVER.i#,737439436,1776942683,2026-04-23 11:11:23,1,0.1
Webhook Close,0.0,1,0.0,100,745964541,745964352,76.126,-36.5,0.0,SILVER.i#,737439613,1776942700,2026-04-23 11:11:40,0,0.1
Webhook Close,0.0,1,0.0,100,745969534,745964190,4720.82,-27.2,0.0,GOLD.i#,737444294,1776943074,2026-04-23 11:17:54,0,0.1
CT-SELL-c72%,0.0,0,0.0,100,745987817,745987817,4708.9,0.0,0.0,GOLD.i#,737462168,1776943987,2026-04-23 11:33:07,1,0.1
CT-SELL-c72%,0.0,0,0.0,100,745988550,745988550,4709.7,0.0,0.0,GOLD.i#,737462903,1776944007,2026-04-23 11:33:27,1,0.1
Webhook Close,0.0,1,0.0,100,745988743,745988550,4708.79,9.1,0.0,GOLD.i#,737463102,1776944013,2026-04-23 11:33:33,0,0.1
Webhook Close,0.0,1,0.0,100,745989658,745987817,4712.12,-32.2,0.0,GOLD.i#,737463951,1776944048,2026-04-23 11:34:08,0,0.1
CT-SELL-c77%,0.0,0,0.0,100,745996460,745996460,4705.4,0.0,0.0,GOLD.i#,737470780,1776944278,2026-04-23 11:37:58,1,0.1
Webhook Close,0.0,1,0.0,100,745997221,745996460,4708.03,-26.3,0.0,GOLD.i#,737471516,1776944332,2026-04-23 11:38:52,0,0.1
CT-SELL-c72%,0.0,0,0.0,100,746002233,746002233,4708.7,0.0,0.0,GOLD.i#,737476459,1776944585,2026-04-23 11:43:05,1,0.1
Webhook Close,0.0,1,0.0,100,746002700,746002233,4708.05,6.5,0.0,GOLD.i#,737476921,1776944610,2026-04-23 11:43:30,0,0.1
CT-SELL-c72%,0.0,0,0.0,100,746003132,746003132,4706.7,0.0,0.0,GOLD.i#,737477359,1776944633,2026-04-23 11:43:53,1,0.1
Webhook Close,0.0,1,0.0,100,746003610,746003132,4706.06,6.4,0.0,GOLD.i#,737477836,1776944655,2026-04-23 11:44:15,0,0.1
CT-SELL-c77%,0.0,0,0.0,100,746005108,746005108,4703.62,0.0,0.0,GOLD.i#,737479343,1776944694,2026-04-23 11:44:54,1,0.1
Webhook Close,0.0,1,0.0,100,746006472,746005108,4702.97,6.5,0.0,GOLD.i#,737480739,1776944717,2026-04-23 11:45:17,0,0.1
CT-SELL-c91%,0.0,0,0.0,100,746007693,746007693,4702.57,0.0,0.0,GOLD.i#,737481968,1776944764,2026-04-23 11:46:04,1,0.1
CT-SELL-c91%,0.0,0,0.0,100,746009145,746009145,4703.24,0.0,0.0,GOLD.i#,737483438,1776944825,2026-04-23 11:47:05,1,0.1
[sl 4705.26],0.0,1,0.0,100,746009693,746007693,4705.26,-26.9,0.0,GOLD.i#,737483959,1776944846,2026-04-23 11:47:26,0,0.1
[sl 4705.69],0.0,1,0.0,100,746009957,746009145,4705.87,-26.3,0.0,GOLD.i#,737484208,1776944870,2026-04-23 11:47:50,0,0.1
CT-SELL-c82%,0.0,0,0.0,100,746013009,746013009,4706.99,0.0,0.0,GOLD.i#,737487161,1776945034,2026-04-23 11:50:34,1,0.1
Webhook Close,0.0,1,0.0,100,746013306,746013009,4706.58,4.1,0.0,GOLD.i#,737487465,1776945059,2026-04-23 11:50:59,0,0.1
CT-SELL-c91%,0.0,0,0.0,100,746013846,746013846,4707.04,0.0,0.0,GOLD.i#,737487996,1776945082,2026-04-23 11:51:22,1,0.1
CT-SELL-c91%,0.0,0,0.0,100,746014150,746014150,4706.14,0.0,0.0,GOLD.i#,737488301,1776945114,2026-04-23 11:51:54,1,0.1
Webhook Close,0.0,1,0.0,100,746014310,746013846,4705.89,11.5,0.0,GOLD.i#,737488456,1776945126,2026-04-23 11:52:06,0,0.1
Webhook Close,0.0,1,0.0,100,746014440,746014150,4705.87,2.7,0.0,GOLD.i#,737488583,1776945146,2026-04-23 11:52:26,0,0.1
CT-SELL-c91%,0.0,0,0.0,100,746014549,746014549,4704.93,0.0,0.0,GOLD.i#,737488686,1776945156,2026-04-23 11:52:36,1,0.1
CT-SELL-c91%,0.0,0,0.0,100,746014858,746014858,4706.5,0.0,0.0,GOLD.i#,737488990,1776945180,2026-04-23 11:53:00,1,0.1
Webhook Close,0.0,1,0.0,100,746015062,746014858,4706.32,1.8,0.0,GOLD.i#,737489192,1776945201,2026-04-23 11:53:21,0,0.1
CT-SELL-c91%,0.0,0,0.0,100,746015296,746015296,4705.81,0.0,0.0,GOLD.i#,737489427,1776945236,2026-04-23 11:53:56,1,0.1
Webhook Close,0.0,1,0.0,100,746015427,746015296,4705.23,5.8,0.0,GOLD.i#,737489561,1776945250,2026-04-23 11:54:10,0,0.1
CT-SELL-c91%,0.0,0,0.0,100,746015484,746015484,4705.37,0.0,0.0,GOLD.i#,737489618,1776945257,2026-04-23 11:54:17,1,0.1
Webhook Close,0.0,1,0.0,100,746015705,746014549,4704.45,4.8,0.0,GOLD.i#,737489836,1776945278,2026-04-23 11:54:38,0,0.1
Webhook Close,0.0,1,0.0,100,746015715,746015484,4704.42,9.5,0.0,GOLD.i#,737489846,1776945280,2026-04-23 11:54:40,0,0.1
CT-SELL-c91%,0.0,0,0.0,100,746016067,746016067,4704.8,0.0,0.0,GOLD.i#,737490182,1776945305,2026-04-23 11:55:05,1,0.1
Webhook Close,0.0,1,0.0,100,746016292,746016067,4704.45,3.5,0.0,GOLD.i#,737490407,1776945331,2026-04-23 11:55:31,0,0.1
CT-SELL-c91%,0.0,0,0.0,100,746016855,746016855,4705.94,0.0,0.0,GOLD.i#,737490976,1776945374,2026-04-23 11:56:14,1,0.1
CT-SELL-c91%,0.0,0,0.0,100,746017696,746017696,4706.19,0.0,0.0,GOLD.i#,737491800,1776945439,2026-04-23 11:57:19,1,0.1
CT-SELL-c91%,0.0,0,0.0,100,746017923,746017923,4706.16,0.0,0.0,GOLD.i#,737492021,1776945464,2026-04-23 11:57:44,1,0.1
Webhook Close,0.0,1,0.0,100,746018235,746016855,4705.01,9.3,0.0,GOLD.i#,737492334,1776945499,2026-04-23 11:58:19,0,0.1
Webhook Close,0.0,1,0.0,100,746018264,746017696,4705.22,9.7,0.0,GOLD.i#,737492363,1776945501,2026-04-23 11:58:21,0,0.1
Webhook Close,0.0,1,0.0,100,746018286,746017923,4705.22,9.4,0.0,GOLD.i#,737492386,1776945503,2026-04-23 11:58:23,0,0.1
CT-SELL-c91%,0.0,0,0.0,100,746018382,746018382,4704.92,0.0,0.0,GOLD.i#,737492479,1776945515,2026-04-23 11:58:35,1,0.1
CT-SELL-c91%,0.0,0,0.0,100,746019209,746019209,4704.5,0.0,0.0,GOLD.i#,737493311,1776945580,2026-04-23 11:59:40,1,0.1
Webhook Close,0.0,1,0.0,100,746019484,746018382,4704.02,9.0,0.0,GOLD.i#,737493586,1776945594,2026-04-23 11:59:54,0,0.1
Webhook Close,0.0,1,0.0,100,746019524,746019209,4703.88,6.2,0.0,GOLD.i#,737493626,1776945595,2026-04-23 11:59:55,0,0.1
CT-SELL-c63%,0.0,0,0.0,100,746020168,746020168,75.565,0.0,0.0,SILVER.i#,737494233,1776945610,2026-04-23 12:00:10,1,0.1
Webhook Close,0.0,1,0.0,100,746020393,746020168,75.638,-36.5,0.0,SILVER.i#,737494447,1776945628,2026-04-23 12:00:28,0,0.1
CT-SELL-c92%,0.0,0,0.0,100,746020977,746020977,4702.05,0.0,0.0,GOLD.i#,737495045,1776945661,2026-04-23 12:01:01,1,0.1
Webhook Close,0.0,1,0.0,100,746024439,746020977,4699.88,21.7,0.0,GOLD.i#,737498582,1776945733,2026-04-23 12:02:13,0,0.1
CT-SELL-c92%,0.0,0,0.0,100,746024898,746024898,4701.25,0.0,0.0,GOLD.i#,737499043,1776945742,2026-04-23 12:02:22,1,0.1
Webhook Close,0.0,1,0.0,100,746026252,746024898,4699.57,16.8,0.0,GOLD.i#,737500379,1776945766,2026-04-23 12:02:46,0,0.1
CT-SELL-c92%,0.0,0,0.0,100,746027806,746027806,4699.93,0.0,0.0,GOLD.i#,737501873,1776945817,2026-04-23 12:03:37,1,0.1
Webhook Close,0.0,1,0.0,100,746028661,746027806,4699.68,2.5,0.0,GOLD.i#,737502729,1776945841,2026-04-23 12:04:01,0,0.1
CT-SELL-c89%,0.0,0,0.0,100,746030816,746030816,4695.94,0.0,0.0,GOLD.i#,737504937,1776945880,2026-04-23 12:04:40,1,0.1
CT-SELL-c67%,0.0,0,0.0,100,746031019,746031019,75.309,0.0,0.0,SILVER.i#,737505146,1776945886,2026-04-23 12:04:46,1,0.1
Webhook Close,0.0,1,0.0,100,746031711,746031019,75.389,-40.0,0.0,SILVER.i#,737505825,1776945904,2026-04-23 12:05:04,0,0.1
[sl 4699.02],0.0,1,0.0,100,746032300,746030816,4699.08,-31.4,0.0,GOLD.i#,737506397,1776945920,2026-04-23 12:05:20,0,0.1
CT-SELL-c89%,0.0,0,0.0,100,746040821,746040821,4696.69,0.0,0.0,GOLD.i#,737514874,1776946190,2026-04-23 12:09:50,1,0.1
CT-SELL-c89%,0.0,0,0.0,100,746040929,746040929,4696.49,0.0,0.0,GOLD.i#,737514985,1776946197,2026-04-23 12:09:57,1,0.1
CT-SELL-c65%,0.0,0,0.0,100,746040944,746040944,75.122,0.0,0.0,SILVER.i#,737515000,1776946198,2026-04-23 12:09:58,1,0.1
Webhook Close,0.0,1,0.0,100,746041397,746040944,75.177,-27.5,0.0,SILVER.i#,737515401,1776946216,2026-04-23 12:10:16,0,0.1
[sl 4698.48],0.0,1,0.0,100,746041841,746040821,4698.57,-18.8,0.0,GOLD.i#,737515843,1776946235,2026-04-23 12:10:35,0,0.1
CT-SELL-c92%,0.0,0,0.0,100,746041940,746041940,4697.95,0.0,0.0,GOLD.i#,737515933,1776946240,2026-04-23 12:10:40,1,0.1
[sl 4699.74],0.0,1,0.0,100,746042718,746040929,4699.78,-32.9,0.0,GOLD.i#,737516706,1776946278,2026-04-23 12:11:18,0,0.1
Webhook Close,0.0,1,0.0,100,746043432,746041940,4700.62,-26.7,0.0,GOLD.i#,737517450,1776946296,2026-04-23 12:11:36,0,0.1
CT-SELL-c64%,0.0,0,0.0,100,746047147,746047147,75.072,0.0,0.0,SILVER.i#,737521144,1776946460,2026-04-23 12:14:20,1,0.1
Webhook Close,0.0,1,0.0,100,746047511,746047147,75.156,-42.0,0.0,SILVER.i#,737521510,1776946478,2026-04-23 12:14:38,0,0.1
CT-SELL-c90%,0.0,0,0.0,100,746049565,746049565,4695.77,0.0,0.0,GOLD.i#,737523589,1776946538,2026-04-23 12:15:38,1,0.1
Webhook Close,0.0,1,0.0,100,746050455,746049565,4698.32,-25.5,0.0,GOLD.i#,737524457,1776946561,2026-04-23 12:16:01,0,0.1
CT-SELL-c72%,0.0,0,0.0,100,746051857,746051857,4698.18,0.0,0.0,GOLD.i#,737525815,1776946608,2026-04-23 12:16:48,1,0.1
CT-SELL-c85%,0.0,0,0.0,100,746052716,746052716,4699.22,0.0,0.0,GOLD.i#,737526641,1776946660,2026-04-23 12:17:40,1,0.1
[sl 4701.18],0.0,1,0.0,100,746053490,746051857,4701.26,-30.8,0.0,GOLD.i#,737527377,1776946698,2026-04-23 12:18:18,0,0.1
[sl 4701.37],0.0,1,0.0,100,746053607,746052716,4701.38,-21.6,0.0,GOLD.i#,737527486,1776946702,2026-04-23 12:18:22,0,0.1
CT-SELL-c88%,0.0,0,0.0,100,746054643,746054643,75.396,0.0,0.0,SILVER.i#,737528509,1776946725,2026-04-23 12:18:45,1,0.1
CT-SELL-c82%,0.0,0,0.0,100,746055895,746055895,75.286,0.0,0.0,SILVER.i#,737529753,1776946757,2026-04-23 12:19:17,1,0.1
Webhook Close,0.0,1,0.0,100,746055988,746054643,75.358,19.0,0.0,SILVER.i#,737529846,1776946760,2026-04-23 12:19:20,0,0.1
Webhook Close,0.0,1,0.0,100,746056031,746055895,75.382,-48.0,0.0,SILVER.i#,737529890,1776946762,2026-04-23 12:19:22,0,0.1
CT-SELL-c90%,0.0,0,0.0,100,746057950,746057950,4700.8,0.0,0.0,GOLD.i#,737531724,1776946895,2026-04-23 12:21:35,1,0.1
CT-SELL-c82%,0.0,0,0.0,100,746059624,746059624,4702.3,0.0,0.0,GOLD.i#,737533352,1776946960,2026-04-23 12:22:40,1,0.1
CT-SELL-c82%,0.0,0,0.0,100,746059960,746059960,75.402,0.0,0.0,SILVER.i#,737533689,1776946982,2026-04-23 12:23:02,1,0.1
CT-SELL-c82%,0.0,0,0.0,100,746060021,746060021,4701.58,0.0,0.0,GOLD.i#,737533754,1776946988,2026-04-23 12:23:08,1,0.1
CT-SELL-c88%,0.0,0,0.0,100,746060177,746060177,75.397,0.0,0.0,SILVER.i#,737533909,1776946997,2026-04-23 12:23:17,1,0.1
Webhook Close,0.0,1,0.0,100,746060237,746059624,4701.43,8.7,0.0,GOLD.i#,737533966,1776947000,2026-04-23 12:23:20,0,0.1
Webhook Close,0.0,1,0.0,100,746060534,746060177,75.449,-26.0,0.0,SILVER.i#,737534263,1776947018,2026-04-23 12:23:38,0,0.1
CT-SELL-c85%,0.0,0,0.0,100,746060746,746060746,4701.31,0.0,0.0,GOLD.i#,737534472,1776947036,2026-04-23 12:23:56,1,0.1
Webhook Close,0.0,1,0.0,100,746061693,746059960,75.487,-42.5,0.0,SILVER.i#,737535396,1776947087,2026-04-23 12:24:47,0,0.1
Webhook Close,0.0,1,0.0,100,746062406,746060021,4701.02,5.6,0.0,GOLD.i#,737536096,1776947136,2026-04-23 12:25:36,0,0.1
Webhook Close,0.0,1,0.0,100,746062423,746060746,4701.1,2.1,0.0,GOLD.i#,737536113,1776947138,2026-04-23 12:25:38,0,0.1
Webhook Close,0.0,1,0.0,100,746062670,746057950,4700.06,7.4,0.0,GOLD.i#,737536356,1776947156,2026-04-23 12:25:56,0,0.1
CT-SELL-c90%,0.0,0,0.0,100,746063105,746063105,4700.54,0.0,0.0,GOLD.i#,737536768,1776947175,2026-04-23 12:26:15,1,0.1
CT-SELL-c90%,0.0,0,0.0,100,746063519,746063519,4702.37,0.0,0.0,GOLD.i#,737537188,1776947228,2026-04-23 12:27:08,1,0.1
Webhook Close,0.0,1,0.0,100,746064003,746063519,4701.74,6.3,0.0,GOLD.i#,737537658,1776947258,2026-04-23 12:27:38,0,0.1
CT-SELL-c82%,0.0,0,0.0,100,746064201,746064201,75.49,0.0,0.0,SILVER.i#,737537847,1776947277,2026-04-23 12:27:57,1,0.1
Webhook Close,0.0,1,0.0,100,746064321,746064201,75.555,-32.5,0.0,SILVER.i#,737537951,1776947290,2026-04-23 12:28:10,0,0.1
[sl 4702.79],0.0,1,0.0,100,746064495,746063105,4702.97,-24.3,0.0,GOLD.i#,737538128,1776947306,2026-04-23 12:28:26,0,0.1
CT-SELL-c90%,0.0,0,0.0,100,746064734,746064734,4703.01,0.0,0.0,GOLD.i#,737538364,1776947311,2026-04-23 12:28:31,1,0.1
Webhook Close,0.0,1,0.0,100,746065076,746064734,4702.07,9.4,0.0,GOLD.i#,737538770,1776947330,2026-04-23 12:28:50,0,0.1
CT-SELL-c88%,0.0,0,0.0,100,746065904,746065904,75.474,0.0,0.0,SILVER.i#,737539572,1776947393,2026-04-23 12:29:53,1,0.1
Webhook Close,0.0,1,0.0,100,746065963,746065904,75.528,-27.0,0.0,SILVER.i#,737539632,1776947400,2026-04-23 12:30:00,0,0.1
CT-SELL-c82%,0.0,0,0.0,100,746067079,746067079,75.504,0.0,0.0,SILVER.i#,737540691,1776947451,2026-04-23 12:30:51,1,0.1
Webhook Close,0.0,1,0.0,100,746067134,746067079,75.556,-26.0,0.0,SILVER.i#,737540744,1776947457,2026-04-23 12:30:57,0,0.1
CT-SELL-c92%,0.0,0,0.0,100,746067457,746067457,4701.77,0.0,0.0,GOLD.i#,737541063,1776947495,2026-04-23 12:31:35,1,0.1
CT-SELL-c92%,0.0,0,0.0,100,746067524,746067524,75.5,0.0,0.0,SILVER.i#,737541130,1776947503,2026-04-23 12:31:43,1,0.1
Webhook Close,0.0,1,0.0,100,746067659,746067524,75.563,-31.5,0.0,SILVER.i#,737541255,1776947522,2026-04-23 12:32:02,0,0.1
CT-SELL-c95%,0.0,0,0.0,100,746067714,746067714,4701.06,0.0,0.0,GOLD.i#,737541298,1776947528,2026-04-23 12:32:08,1,0.1
CT-SELL-c92%,0.0,0,0.0,100,746068176,746068176,4701.99,0.0,0.0,GOLD.i#,737541765,1776947565,2026-04-23 12:32:45,1,0.1
CT-SELL-c95%,0.0,0,0.0,100,746068221,746068221,4701.75,0.0,0.0,GOLD.i#,737541812,1776947572,2026-04-23 12:32:52,1,0.1
Webhook Close,0.0,1,0.0,100,746069978,746068176,4701.5,4.9,0.0,GOLD.i#,737543502,1776947727,2026-04-23 12:35:27,0,0.1
Webhook Close,0.0,1,0.0,100,746070061,746067457,4701.37,4.0,0.0,GOLD.i#,737543583,1776947735,2026-04-23 12:35:35,0,0.1
Webhook Close,0.0,1,0.0,100,746070070,746068221,4701.3,4.5,0.0,GOLD.i#,737543590,1776947736,2026-04-23 12:35:36,0,0.1
CT-SELL-c95%,0.0,0,0.0,100,746070480,746070480,4702.57,0.0,0.0,GOLD.i#,737543997,1776947752,2026-04-23 12:35:52,1,0.1
CT-SELL-c82%,0.0,0,0.0,100,746070588,746070588,75.501,0.0,0.0,SILVER.i#,737544103,1776947759,2026-04-23 12:35:59,1,0.1
CT-SELL-c95%,0.0,0,0.0,100,746070623,746070623,4702.24,0.0,0.0,GOLD.i#,737544128,1776947762,2026-04-23 12:36:02,1,0.1
Webhook Close,0.0,1,0.0,100,746071036,746070480,4701.06,15.1,0.0,GOLD.i#,737544530,1776947790,2026-04-23 12:36:30,0,0.1
Webhook Close,0.0,1,0.0,100,746071066,746070623,4701.14,11.0,0.0,GOLD.i#,737544560,1776947792,2026-04-23 12:36:32,0,0.1
Webhook Close,0.0,1,0.0,100,746071467,746067714,4700.09,9.7,0.0,GOLD.i#,737544957,1776947811,2026-04-23 12:36:51,0,0.1
CT-SELL-c90%,0.0,0,0.0,100,746071593,746071593,4699.58,0.0,0.0,GOLD.i#,737545086,1776947819,2026-04-23 12:36:59,1,0.1
CT-SELL-c92%,0.0,0,0.0,100,746071729,746071729,75.471,0.0,0.0,SILVER.i#,737545217,1776947826,2026-04-23 12:37:06,1,0.1
CT-SELL-c92%,0.0,0,0.0,100,746071962,746071962,75.479,0.0,0.0,SILVER.i#,737545446,1776947844,2026-04-23 12:37:24,1,0.1
Webhook Close,0.0,1,0.0,100,746071965,746071729,75.527,-28.0,0.0,SILVER.i#,737545449,1776947844,2026-04-23 12:37:24,0,0.1
Webhook Close,0.0,1,0.0,100,746072145,746071962,75.544,-32.5,0.0,SILVER.i#,737545633,1776947862,2026-04-23 12:37:42,0,0.1
CT-SELL-c90%,0.0,0,0.0,100,746072548,746072548,4700.5,0.0,0.0,GOLD.i#,737546020,1776947900,2026-04-23 12:38:20,1,0.1
Webhook Close,0.0,1,0.0,100,746072799,746072548,4700.39,1.1,0.0,GOLD.i#,737546264,1776947926,2026-04-23 12:38:46,0,0.1
CT-SELL-c90%,0.0,0,0.0,100,746073368,746073368,4700.17,0.0,0.0,GOLD.i#,737546825,1776947960,2026-04-23 12:39:20,1,0.1
CT-SELL-c92%,0.0,0,0.0,100,746074284,746074284,4700.34,0.0,0.0,GOLD.i#,737547698,1776948029,2026-04-23 12:40:29,1,0.1
Webhook Close,0.0,1,0.0,100,746074713,746073368,4699.77,4.0,0.0,GOLD.i#,737548109,1776948059,2026-04-23 12:40:59,0,0.1
Webhook Close,0.0,1,0.0,100,746074720,746074284,4699.81,5.3,0.0,GOLD.i#,737548116,1776948060,2026-04-23 12:41:00,0,0.1
Webhook Close,0.0,1,0.0,100,746075605,746070588,75.482,9.5,0.0,SILVER.i#,737548995,1776948091,2026-04-23 12:41:31,0,0.1
CT-SELL-c92%,0.0,0,0.0,100,746075795,746075795,75.462,0.0,0.0,SILVER.i#,737549187,1776948108,2026-04-23 12:41:48,1,0.1
CT-SELL-c92%,0.0,0,0.0,100,746076498,746076498,75.454,0.0,0.0,SILVER.i#,737549850,1776948177,2026-04-23 12:42:57,1,0.1
Webhook Close,0.0,1,0.0,100,746076710,746075795,75.513,-25.5,0.0,SILVER.i#,737550045,1776948196,2026-04-23 12:43:16,0,0.1
Webhook Close,0.0,1,0.0,100,746076725,746076498,75.537,-41.5,0.0,SILVER.i#,737550060,1776948197,2026-04-23 12:43:17,0,0.1
Webhook Close,0.0,1,0.0,100,746080905,746071593,4699.02,5.6,0.0,GOLD.i#,737554088,1776948496,2026-04-23 12:48:16,0,0.1
CT-SELL-c90%,0.0,0,0.0,100,746082692,746082692,4698.1,0.0,0.0,GOLD.i#,737555830,1776948614,2026-04-23 12:50:14,1,0.1
Webhook Close,0.0,1,0.0,100,746083498,746082692,4697.71,3.9,0.0,GOLD.i#,737556645,1776948648,2026-04-23 12:50:48,0,0.1
CT-SELL-c90%,0.0,0,0.0,100,746091494,746091494,4699.14,0.0,0.0,GOLD.i#,737564545,1776948924,2026-04-23 12:55:24,1,0.1
Webhook Close,0.0,1,0.0,100,746091758,746091494,4698.74,4.0,0.0,GOLD.i#,737564798,1776948942,2026-04-23 12:55:42,0,0.1
CT-SELL-c90%,0.0,0,0.0,100,746096913,746096913,4698.82,0.0,0.0,GOLD.i#,737569811,1776949236,2026-04-23 13:00:36,1,0.1
Webhook Close,0.0,1,0.0,100,746098412,746096913,4701.27,-24.5,0.0,GOLD.i#,737571271,1776949292,2026-04-23 13:01:32,0,0.1
CT-SELL-c82%,0.0,0,0.0,100,746100968,746100968,75.383,0.0,0.0,SILVER.i#,737573812,1776949437,2026-04-23 13:03:57,1,0.1
CT-SELL-c90%,0.0,0,0.0,100,746102391,746102391,75.311,0.0,0.0,SILVER.i#,737575209,1776949518,2026-04-23 13:05:18,1,0.1
Webhook Close,0.0,1,0.0,100,746102660,746102391,75.396,-42.5,0.0,SILVER.i#,737575481,1776949536,2026-04-23 13:05:36,0,0.1
CT-SELL-c82%,0.0,0,0.0,100,746103193,746103193,4700.61,0.0,0.0,GOLD.i#,737576014,1776949562,2026-04-23 13:06:02,1,0.1
Webhook Close,0.0,1,0.0,100,746103493,746103193,4700.14,4.7,0.0,GOLD.i#,737576308,1776949587,2026-04-23 13:06:27,0,0.1
CT-SELL-c90%,0.0,0,0.0,100,746103967,746103967,4700.08,0.0,0.0,GOLD.i#,737576784,1776949626,2026-04-23 13:07:06,1,0.1
Webhook Close,0.0,1,0.0,100,746104863,746103967,4699.27,8.1,0.0,GOLD.i#,737577659,1776949685,2026-04-23 13:08:05,0,0.1
CT-SELL-c85%,0.0,0,0.0,100,746105113,746105113,4697.87,0.0,0.0,GOLD.i#,737577913,1776949696,2026-04-23 13:08:16,1,0.1
Webhook Close,0.0,1,0.0,100,746105565,746100968,75.328,27.5,0.0,SILVER.i#,737578359,1776949725,2026-04-23 13:08:45,0,0.1
Webhook Close,0.0,1,0.0,100,746105941,746105113,4695.73,21.4,0.0,GOLD.i#,737578744,1776949736,2026-04-23 13:08:56,0,0.1
CT-SELL-c82%,0.0,0,0.0,100,746113037,746113037,75.155,0.0,0.0,SILVER.i#,737585960,1776949858,2026-04-23 13:10:58,1,0.1
Webhook Close,0.0,1,0.0,100,746113663,746113037,75.222,-33.5,0.0,SILVER.i#,737586579,1776949876,2026-04-23 13:11:16,0,0.1
CT-SELL-c68%,0.0,0,0.0,100,746120226,746120226,4688.93,0.0,0.0,GOLD.i#,737593142,1776949983,2026-04-23 13:13:03,1,0.1
Webhook Close,0.0,1,0.0,100,746120599,746120226,4687.65,12.8,0.0,GOLD.i#,737593505,1776949999,2026-04-23 13:13:19,0,0.1
CT-SELL-c70%,0.0,0,0.0,100,746121887,746121887,4685.96,0.0,0.0,GOLD.i#,737594772,1776950048,2026-04-23 13:14:08,1,0.1
[sl 4689.16],0.0,1,0.0,100,746122566,746121887,4689.17,-32.1,0.0,GOLD.i#,737595426,1776950068,2026-04-23 13:14:28,0,0.1
CT-SELL-c90%,0.0,0,0.0,100,746123903,746123903,4690.71,0.0,0.0,GOLD.i#,737596732,1776950115,2026-04-23 13:15:15,1,0.1
CT-SELL-c85%,0.0,0,0.0,100,746126184,746126184,4690.85,0.0,0.0,GOLD.i#,737598998,1776950184,2026-04-23 13:16:24,1,0.1
CT-SELL-c90%,0.0,0,0.0,100,746128138,746128138,4690.21,0.0,0.0,GOLD.i#,737600884,1776950267,2026-04-23 13:17:47,1,0.1
Webhook Close,0.0,1,0.0,100,746128482,746123903,4689.79,9.2,0.0,GOLD.i#,737601222,1776950276,2026-04-23 13:17:56,0,0.1
Webhook Close,0.0,1,0.0,100,746128597,746126184,4689.22,16.3,0.0,GOLD.i#,737601341,1776950278,2026-04-23 13:17:58,0,0.1
Webhook Close,0.0,1,0.0,100,746128652,746128138,4689.01,12.0,0.0,GOLD.i#,737601393,1776950280,2026-04-23 13:18:00,0,0.1
CT-SELL-c90%,0.0,0,0.0,100,746141818,746141818,4690.25,0.0,0.0,GOLD.i#,737614184,1776950796,2026-04-23 13:26:36,1,0.1
CT-SELL-c90%,0.0,0,0.0,100,746142836,746142836,4691.43,0.0,0.0,GOLD.i#,737615164,1776950844,2026-04-23 13:27:24,1,0.1
Webhook Close,0.0,1,0.0,100,746143739,746142836,4690.75,6.8,0.0,GOLD.i#,737616052,1776950877,2026-04-23 13:27:57,0,0.1
Webhook Close,0.0,1,0.0,100,746144497,746141818,4689.36,8.9,0.0,GOLD.i#,737616764,1776950911,2026-04-23 13:28:31,0,0.1
CT-SELL-c90%,0.0,0,0.0,100,746155038,746155038,4690.3,0.0,0.0,GOLD.i#,737627060,1776951401,2026-04-23 13:36:41,1,0.1
Webhook Close,0.0,1,0.0,100,746158594,746155038,4693.93,-36.3,0.0,GOLD.i#,737630518,1776951593,2026-04-23 13:39:53,0,0.1
CT-SELL-c90%,0.0,0,0.0,100,746174170,746174170,4691.51,0.0,0.0,GOLD.i#,737645418,1776952326,2026-04-23 13:52:06,1,0.1
Webhook Close,0.0,1,0.0,100,746175504,746174170,4691.01,5.0,0.0,GOLD.i#,737646709,1776952439,2026-04-23 13:53:59,0,0.1
CT-SELL-c92%,0.0,0,0.0,100,746178988,746178988,4694.32,0.0,0.0,GOLD.i#,737650119,1776952636,2026-04-23 13:57:16,1,0.1
Webhook Close,0.0,1,0.0,100,746183164,746178988,4697.91,-35.9,0.0,GOLD.i#,737654193,1776952812,2026-04-23 14:00:12,0,0.1
CT-SELL-c92%,0.0,0,0.0,100,746197236,746197236,4699.29,0.0,0.0,GOLD.i#,737668254,1776953576,2026-04-23 14:12:56,1,0.1
Webhook Close,0.0,1,0.0,100,746198653,746197236,4699.31,-0.2,0.0,GOLD.i#,737669701,1776953659,2026-04-23 14:14:19,0,0.1
CT-SELL-c92%,0.0,0,0.0,100,746202877,746202877,4698.64,0.0,0.0,GOLD.i#,737673897,1776953900,2026-04-23 14:18:20,1,0.1
Webhook Close,0.0,1,0.0,100,746207830,746202877,4702.34,-37.0,0.0,GOLD.i#,737678833,1776954059,2026-04-23 14:20:59,0,0.1
CT-SELL-c89%,0.0,0,0.0,100,746220575,746220575,4697.45,0.0,0.0,GOLD.i#,737691646,1776954806,2026-04-23 14:33:26,1,0.1
Webhook Close,0.0,1,0.0,100,746222015,746220575,4696.82,6.3,0.0,GOLD.i#,737693074,1776954872,2026-04-23 14:34:32,0,0.1
CT-SELL-c89%,0.0,0,0.0,100,746228396,746228396,4702.68,0.0,0.0,GOLD.i#,737699474,1776955116,2026-04-23 14:38:36,1,0.1
Webhook Close,0.0,1,0.0,100,746229055,746228396,4701.28,14.0,0.0,GOLD.i#,737700140,1776955152,2026-04-23 14:39:12,0,0.1
CT-SELL-c80%,0.0,0,0.0,100,746283770,746283770,4729.61,0.0,0.0,GOLD.i#,737754802,1776956663,2026-04-23 15:04:23,1,0.1
Webhook Close,0.0,1,0.0,100,746286900,746283770,4734.56,-49.5,0.0,GOLD.i#,737757924,1776956760,2026-04-23 15:06:00,0,0.1
CT-SELL-c82%,0.0,0,0.0,100,746321891,746321891,4732.46,0.0,0.0,GOLD.i#,737792859,1776957592,2026-04-23 15:19:52,1,0.1
Webhook Close,0.0,1,0.0,100,746323960,746321891,4731.48,9.8,0.0,GOLD.i#,737794910,1776957657,2026-04-23 15:20:57,0,0.1
CT-SELL-c82%,0.0,0,0.0,100,746336356,746336356,4734.24,0.0,0.0,GOLD.i#,737807205,1776958222,2026-04-23 15:30:22,1,0.1
Webhook Close,0.0,1,0.0,100,746336747,746336356,4734.07,1.7,0.0,GOLD.i#,737807593,1776958244,2026-04-23 15:30:44,0,0.1
CT-SELL-c82%,0.0,0,0.0,100,746349475,746349475,4738.81,0.0,0.0,GOLD.i#,737820342,1776958523,2026-04-23 15:35:23,1,0.1
Webhook Close,0.0,1,0.0,100,746350857,746349475,4738.19,6.2,0.0,GOLD.i#,737821725,1776958604,2026-04-23 15:36:44,0,0.1
CT-SELL-c78%,0.0,0,0.0,100,746375366,746375366,4735.79,0.0,0.0,GOLD.i#,737845885,1776959437,2026-04-23 15:50:37,1,0.1
Webhook Close,0.0,1,0.0,100,746375989,746375366,4734.84,9.5,0.0,GOLD.i#,737846493,1776959462,2026-04-23 15:51:02,0,0.1
CT-SELL-c82%,0.0,0,0.0,100,746391334,746391334,4738.06,0.0,0.0,GOLD.i#,737861632,1776960032,2026-04-23 16:00:32,1,0.1
Webhook Close,0.0,1,0.0,100,746392101,746391334,4736.04,20.2,0.0,GOLD.i#,737862383,1776960050,2026-04-23 16:00:50,0,0.1
CT-SELL-c74%,0.0,0,0.0,100,746679349,746679349,4723.79,0.0,0.0,GOLD.i#,738148436,1776969990,2026-04-23 18:46:30,1,0.1
Webhook Close,0.0,1,0.0,100,746680675,746679349,4721.12,26.7,0.0,GOLD.i#,738149771,1776970008,2026-04-23 18:46:48,0,0.1
CT-SELL-c74%,0.0,0,0.0,100,746687816,746687816,4722.33,0.0,0.0,GOLD.i#,738156699,1776970302,2026-04-23 18:51:42,1,0.1
Webhook Close,0.0,1,0.0,100,746689417,746687816,4720.71,16.2,0.0,GOLD.i#,738158257,1776970367,2026-04-23 18:52:47,0,0.1
CT-SELL-c95%,0.0,0,0.0,100,746698810,746698810,4721.23,0.0,0.0,GOLD.i#,738167553,1776970611,2026-04-23 18:56:51,1,0.1
Webhook Close,0.0,1,0.0,100,746699443,746698810,4720.97,2.6,0.0,GOLD.i#,738168171,1776970628,2026-04-23 18:57:08,0,0.1
CT-SELL-c90%,0.0,0,0.0,100,746713669,746713669,4718.36,0.0,0.0,GOLD.i#,738182134,1776971220,2026-04-23 19:07:00,1,0.1
Webhook Close,0.0,1,0.0,100,746719830,746713669,4722.17,-38.1,0.0,GOLD.i#,738188139,1776971552,2026-04-23 19:12:32,0,0.1
CT-SELL-c88%,0.0,0,0.0,100,746739192,746739192,4724.34,0.0,0.0,GOLD.i#,738207026,1776972457,2026-04-23 19:27:37,1,0.1
Webhook Close,0.0,1,0.0,100,746740171,746739192,4723.96,3.8,0.0,GOLD.i#,738207991,1776972491,2026-04-23 19:28:11,0,0.1
CT-SELL-c88%,0.0,0,0.0,100,746746710,746746710,4726.21,0.0,0.0,GOLD.i#,738214382,1776972779,2026-04-23 19:32:59,1,0.1
Webhook Close,0.0,1,0.0,100,746750996,746746710,4729.94,-37.3,0.0,GOLD.i#,738218647,1776972917,2026-04-23 19:35:17,0,0.1
CT-SELL-c88%,0.0,0,0.0,100,746793735,746793735,4729.45,0.0,0.0,GOLD.i#,738261368,1776974600,2026-04-23 20:03:20,1,0.1
Webhook Close,0.0,1,0.0,100,746794242,746793735,4728.25,12.0,0.0,GOLD.i#,738261876,1776974617,2026-04-23 20:03:37,0,0.1
CT-SELL-c92%,0.0,0,0.0,100,746804124,746804124,4719.27,0.0,0.0,GOLD.i#,738271756,1776974913,2026-04-23 20:08:33,1,0.1
Webhook Close,0.0,1,0.0,100,746805340,746804124,4717.71,15.6,0.0,GOLD.i#,738272980,1776974931,2026-04-23 20:08:51,0,0.1
CT-SELL-c90%,0.0,0,0.0,100,746821689,746821689,4713.29,0.0,0.0,GOLD.i#,738289274,1776975228,2026-04-23 20:13:48,1,0.1
[sl 4717.32],0.0,1,0.0,100,746827006,746821689,4717.32,-40.3,0.0,GOLD.i#,738294555,1776975396,2026-04-23 20:16:36,0,0.1
CT-SELL-c92%,0.0,0,0.0,100,746863806,746863806,4711.64,0.0,0.0,GOLD.i#,738330979,1776976483,2026-04-23 20:34:43,1,0.1
[tp 4702.57],0.0,1,0.0,100,746868330,746863806,4702.5,91.4,0.0,GOLD.i#,738335420,1776976609,2026-04-23 20:36:49,0,0.1
CT-SELL-c68%,0.0,0,0.0,100,746917207,746917207,4682.96,0.0,0.0,GOLD.i#,738384506,1776977405,2026-04-23 20:50:05,1,0.1
Webhook Close,0.0,1,0.0,100,746918467,746917207,4680.57,23.9,0.0,GOLD.i#,738385755,1776977422,2026-04-23 20:50:22,0,0.1
CT-SELL-c95%,0.0,0,0.0,100,746947471,746947471,4711.81,0.0,0.0,GOLD.i#,738414163,1776978018,2026-04-23 21:00:18,1,0.1
Webhook Close,0.0,1,0.0,100,746949482,746947471,4707.8,40.1,0.0,GOLD.i#,738416167,1776978068,2026-04-23 21:01:08,0,0.1
CT-SELL-c95%,0.0,0,0.0,100,746966445,746966445,4713.28,0.0,0.0,GOLD.i#,738432887,1776978623,2026-04-23 21:10:23,1,0.1
[sl 4716.35],0.0,1,0.0,100,746966861,746966445,4716.37,-30.9,0.0,GOLD.i#,738433297,1776978627,2026-04-23 21:10:27,0,0.1
CT-SELL-c95%,0.0,0,0.0,100,746976955,746976955,4712.87,0.0,0.0,GOLD.i#,738443433,1776978933,2026-04-23 21:15:33,1,0.1
Webhook Close,0.0,1,0.0,100,746978790,746976955,4716.72,-38.5,0.0,GOLD.i#,738445265,1776979046,2026-04-23 21:17:26,0,0.1
CT-SELL-c95%,0.0,0,0.0,100,746997724,746997724,4717.17,0.0,0.0,GOLD.i#,738464070,1776979860,2026-04-23 21:31:00,1,0.1
Webhook Close,0.0,1,0.0,100,747005461,746997724,4715.93,12.4,0.0,GOLD.i#,738471786,1776980329,2026-04-23 21:38:49,0,0.1
CT-SELL-c95%,0.0,0,0.0,100,747007611,747007611,4713.5,0.0,0.0,GOLD.i#,738473937,1776980479,2026-04-23 21:41:19,1,0.1
Webhook Close,0.0,1,0.0,100,747007840,747007611,4712.67,8.3,0.0,GOLD.i#,738474171,1776980497,2026-04-23 21:41:37,0,0.1
CT-SELL-c82%,0.0,0,0.0,100,747024710,747024710,4708.41,0.0,0.0,GOLD.i#,738491137,1776981300,2026-04-23 21:55:00,1,0.1
Webhook Close,0.0,1,0.0,100,747025547,747024710,4707.36,10.5,0.0,GOLD.i#,738491982,1776981349,2026-04-23 21:55:49,0,0.1
CT-SELL-c72%,0.0,0,0.0,100,747213732,747213732,4708.21,0.0,0.0,GOLD.i#,738683435,1777004061,2026-04-24 04:14:21,1,0.04
Webhook Close,0.0,1,0.0,100,747217542,747213732,4703.55,18.64,0.0,GOLD.i#,738687207,1777004420,2026-04-24 04:20:20,0,0.04
CT-SELL-c92%,0.0,0,0.0,100,747372583,747372583,4668.74,0.0,0.0,GOLD.i#,738840165,1777016767,2026-04-24 07:46:07,1,0.04
[sl 4676.87],0.0,1,0.0,100,747378410,747372583,4676.88,-32.56,0.0,GOLD.i#,738845961,1777016963,2026-04-24 07:49:23,0,0.04
