time,o,h,l,c,vol
2026-02-15 23:15:00+00:00,77.96399688720703,77.96399688720703,76.56999969482422,76.58499908447266,42.0
2026-02-15 23:30:00+00:00,76.62999725341797,76.75,76.2300033569336,76.30999755859375,164.0
2026-02-15 23:45:00+00:00,76.34500122070312,76.38999938964844,75.69999694824219,76.27999877929688,217.0
2026-02-16 00:00:00+00:00,76.26499938964844,76.66000366210938,75.87000274658203,76.44499969482422,159.0
2026-02-16 00:15:00+00:00,76.38999938964844,76.5250015258789,76.0,76.18000030517578,94.0
2026-02-16 00:30:00+00:00,76.27999877929688,76.45999908447266,76.20500183105469,76.34500122070312,51.0
2026-02-16 00:45:00+00:00,76.30000305175781,76.93000030517578,76.2699966430664,76.75499725341797,130.0
2026-02-16 01:00:00+00:00,76.65499877929688,76.91000366210938,76.41000366210938,76.83499908447266,132.0
2026-02-16 01:15:00+00:00,76.77999877929688,77.44000244140625,76.77999877929688,77.18499755859375,341.0
2026-02-16 01:30:00+00:00,77.16000366210938,77.26499938964844,76.9800033569336,77.04000091552734,129.0
2026-02-16 01:45:00+00:00,77.1050033569336,77.25499725341797,77.05500030517578,77.20500183105469,121.0
2026-02-16 02:00:00+00:00,77.25,77.3550033569336,76.62999725341797,76.66500091552734,222.0
2026-02-16 02:15:00+00:00,76.6500015258789,76.78500366210938,76.43000030517578,76.43000030517578,94.0
2026-02-16 02:30:00+00:00,76.43000030517578,76.6050033569336,76.09500122070312,76.33000183105469,169.0
2026-02-16 02:45:00+00:00,76.29499816894531,76.29499816894531,75.68000030517578,75.68000030517578,322.0
2026-02-16 03:00:00+00:00,75.7249984741211,75.78500366210938,75.31999969482422,75.58499908447266,301.0
2026-02-16 03:15:00+00:00,75.5999984741211,75.73500061035156,75.52999877929688,75.56999969482422,120.0
2026-02-16 03:30:00+00:00,75.59500122070312,75.7249984741211,75.05999755859375,75.27999877929688,194.0
2026-02-16 03:45:00+00:00,75.30500030517578,75.34500122070312,74.69000244140625,75.18000030517578,267.0
2026-02-16 04:00:00+00:00,75.21499633789062,75.33999633789062,74.88999938964844,75.03500366210938,124.0
2026-02-16 04:15:00+00:00,75.08000183105469,75.28500366210938,74.9800033569336,75.12000274658203,84.0
2026-02-16 04:30:00+00:00,75.04000091552734,75.04000091552734,74.69999694824219,75.0,99.0
2026-02-16 04:45:00+00:00,75.0,75.30999755859375,75.0,75.08999633789062,112.0
2026-02-17 05:00:00+00:00,75.01499938964844,75.125,74.36499786376953,74.38500213623047,250.0
2026-02-17 05:15:00+00:00,74.36000061035156,74.36000061035156,72.73500061035156,73.2699966430664,1885.0
2026-02-17 05:30:00+00:00,73.30000305175781,74.13500213623047,72.50499725341797,73.87999725341797,828.0
2026-02-17 05:45:00+00:00,73.9000015258789,73.98500061035156,73.54499816894531,73.7249984741211,253.0
2026-02-17 06:00:00+00:00,73.76499938964844,74.36499786376953,73.76499938964844,74.04000091552734,281.0
2026-02-17 06:15:00+00:00,74.08499908447266,74.37000274658203,73.90499877929688,74.08499908447266,163.0
2026-02-17 06:30:00+00:00,74.09500122070312,74.72000122070312,74.08999633789062,74.48500061035156,420.0
2026-02-17 06:45:00+00:00,74.41500091552734,74.69999694824219,74.25,74.46499633789062,216.0
2026-02-17 07:00:00+00:00,74.54000091552734,74.5999984741211,74.18499755859375,74.24500274658203,149.0
2026-02-17 07:15:00+00:00,74.19499969482422,74.51499938964844,74.07499694824219,74.3499984741211,147.0
2026-02-17 07:30:00+00:00,74.30999755859375,74.70500183105469,74.16999816894531,74.51000213623047,194.0
2026-02-17 07:45:00+00:00,74.44999694824219,75.01000213623047,74.40499877929688,74.87000274658203,351.0
2026-02-17 08:00:00+00:00,74.82499694824219,75.0999984741211,74.80000305175781,75.08999633789062,339.0
2026-02-17 08:15:00+00:00,75.09500122070312,75.33000183105469,74.875,74.94999694824219,222.0
2026-02-17 08:30:00+00:00,74.93499755859375,75.08999633789062,74.70999908447266,74.75499725341797,173.0
2026-02-17 08:45:00+00:00,74.72000122070312,74.93499755859375,74.71499633789062,74.8499984741211,140.0
2026-02-17 09:00:00+00:00,74.79499816894531,74.93499755859375,74.4000015258789,74.40499877929688,343.0
2026-02-17 09:15:00+00:00,74.45999908447266,74.63500213623047,74.32499694824219,74.53500366210938,213.0
2026-02-17 09:30:00+00:00,74.49500274658203,74.68499755859375,74.36000061035156,74.45999908447266,154.0
2026-02-17 09:45:00+00:00,74.47000122070312,74.58499908447266,73.86499786376953,74.43499755859375,690.0
2026-02-17 10:00:00+00:00,74.43499755859375,74.84500122070312,74.37999725341797,74.82499694824219,414.0
2026-02-17 10:15:00+00:00,74.80000305175781,74.80000305175781,74.51000213623047,74.51000213623047,203.0
2026-02-17 10:30:00+00:00,74.5,74.5,74.15499877929688,74.19999694824219,201.0
2026-02-17 10:45:00+00:00,74.19000244140625,74.19999694824219,73.51499938964844,73.80999755859375,588.0
2026-02-17 11:00:00+00:00,73.81999969482422,74.37999725341797,73.81999969482422,74.37000274658203,386.0
2026-02-17 11:15:00+00:00,74.30999755859375,74.41500091552734,74.19000244140625,74.26000213623047,206.0
2026-02-17 11:30:00+00:00,74.30999755859375,74.33499908447266,74.19000244140625,74.24500274658203,123.0
2026-02-17 11:45:00+00:00,74.26499938964844,74.75,74.11499786376953,74.56500244140625,384.0
2026-02-17 12:00:00+00:00,74.55500030517578,74.96499633789062,74.37000274658203,74.83999633789062,679.0
2026-02-17 12:15:00+00:00,74.86000061035156,75.1449966430664,74.80999755859375,74.94999694824219,307.0
2026-02-17 12:30:00+00:00,74.95999908447266,74.98999786376953,74.56500244140625,74.66000366210938,305.0
2026-02-17 12:45:00+00:00,74.66999816894531,74.84500122070312,74.41999816894531,74.48500061035156,238.0
2026-02-17 13:00:00+00:00,74.44999694824219,74.51499938964844,73.83999633789062,73.93499755859375,442.0
2026-02-17 13:15:00+00:00,73.99500274658203,74.26499938964844,73.83499908447266,74.25,574.0
2026-02-17 13:30:00+00:00,74.19000244140625,74.45999908447266,73.68000030517578,74.45999908447266,1161.0
2026-02-17 13:45:00+00:00,74.4800033569336,74.50499725341797,72.80000305175781,72.82499694824219,1571.0
2026-02-17 14:00:00+00:00,72.83000183105469,74.25,72.26000213623047,74.0199966430664,2927.0
2026-02-17 14:15:00+00:00,74.0250015258789,74.45999908447266,73.84500122070312,74.13999938964844,917.0
2026-02-17 14:30:00+00:00,74.13500213623047,74.68000030517578,72.80000305175781,72.91000366210938,2686.0
2026-02-17 14:45:00+00:00,72.91999816894531,73.09500122070312,72.05000305175781,72.19499969482422,2297.0
2026-02-17 15:00:00+00:00,72.19499969482422,72.95999908447266,71.81500244140625,72.4000015258789,2069.0
2026-02-17 15:15:00+00:00,72.44499969482422,73.07499694824219,72.32499694824219,72.56500244140625,1221.0
2026-02-17 15:30:00+00:00,72.55000305175781,73.3499984741211,72.3550033569336,72.91000366210938,1338.0
2026-02-17 15:45:00+00:00,72.98999786376953,73.27999877929688,72.5,73.12000274658203,1114.0
2026-02-17 16:00:00+00:00,73.15499877929688,73.80000305175781,73.15499877929688,73.43499755859375,1742.0
2026-02-17 16:15:00+00:00,73.46499633789062,73.88500213623047,73.37000274658203,73.58000183105469,856.0
2026-02-17 16:30:00+00:00,73.62999725341797,73.83999633789062,73.32499694824219,73.62999725341797,890.0
2026-02-17 16:45:00+00:00,73.63999938964844,73.70999908447266,73.0999984741211,73.1449966430664,780.0
2026-02-17 17:00:00+00:00,73.1050033569336,73.16500091552734,72.32499694824219,72.45999908447266,1008.0
2026-02-17 17:15:00+00:00,72.44000244140625,72.8499984741211,72.38999938964844,72.80999755859375,817.0
2026-02-17 17:30:00+00:00,72.79499816894531,72.95999908447266,72.18000030517578,72.20500183105469,1075.0
2026-02-17 17:45:00+00:00,72.20500183105469,72.76000213623047,72.0,72.69000244140625,1469.0
2026-02-17 18:00:00+00:00,72.66500091552734,73.20999908447266,72.57499694824219,73.08999633789062,1418.0
2026-02-17 18:15:00+00:00,73.09500122070312,73.79499816894531,73.06500244140625,73.56500244140625,3350.0
2026-02-17 18:30:00+00:00,73.58999633789062,73.76000213623047,73.41000366210938,73.53500366210938,490.0
2026-02-17 18:45:00+00:00,73.5250015258789,74.12000274658203,73.44999694824219,73.80500030517578,690.0
2026-02-17 19:00:00+00:00,73.80500030517578,74.04499816894531,73.6500015258789,73.79499816894531,595.0
2026-02-17 19:15:00+00:00,73.79000091552734,73.91999816894531,73.4749984741211,73.55000305175781,372.0
2026-02-17 19:30:00+00:00,73.52999877929688,73.7249984741211,73.47000122070312,73.62000274658203,307.0
2026-02-17 19:45:00+00:00,73.62999725341797,73.7249984741211,73.5199966430664,73.54499816894531,158.0
2026-02-17 20:00:00+00:00,73.5199966430664,73.61499786376953,73.23999786376953,73.4000015258789,243.0
2026-02-17 20:15:00+00:00,73.41999816894531,73.43000030517578,73.20500183105469,73.20999908447266,152.0
2026-02-17 20:30:00+00:00,73.21499633789062,73.62000274658203,73.06999969482422,73.41999816894531,361.0
2026-02-17 20:45:00+00:00,73.48500061035156,73.5,73.22000122070312,73.28500366210938,266.0
2026-02-17 21:00:00+00:00,73.2699966430664,73.56999969482422,73.25499725341797,73.5199966430664,121.0
2026-02-17 21:15:00+00:00,73.54000091552734,73.66500091552734,73.5,73.56999969482422,92.0
2026-02-17 21:30:00+00:00,73.54000091552734,73.54000091552734,73.41500091552734,73.5,49.0
2026-02-17 21:45:00+00:00,73.5,73.56500244140625,73.41500091552734,73.55000305175781,74.0
2026-02-17 23:00:00+00:00,73.58000183105469,73.79499816894531,72.88500213623047,73.7300033569336,102.0
2026-02-17 23:15:00+00:00,73.73999786376953,73.75499725341797,73.1050033569336,73.51000213623047,225.0
2026-02-17 23:30:00+00:00,73.625,73.625,72.80500030517578,73.20500183105469,268.0
2026-02-17 23:45:00+00:00,73.17500305175781,73.20500183105469,72.25,72.44999694824219,606.0
2026-02-18 00:00:00+00:00,72.38500213623047,72.68000030517578,72.30000305175781,72.53500366210938,334.0
2026-02-18 00:15:00+00:00,72.55500030517578,72.80000305175781,72.375,72.58000183105469,289.0
2026-02-18 00:30:00+00:00,72.59500122070312,72.95999908447266,72.59500122070312,72.8949966430664,101.0
2026-02-18 00:45:00+00:00,72.88500213623047,72.91999816894531,72.38999938964844,72.4749984741211,284.0
2026-02-18 01:00:00+00:00,72.5250015258789,73.02999877929688,72.5250015258789,72.91000366210938,204.0
2026-02-18 01:15:00+00:00,72.91999816894531,73.23500061035156,72.91999816894531,73.1500015258789,417.0
2026-02-18 01:30:00+00:00,73.13999938964844,73.48999786376953,73.0199966430664,73.30999755859375,251.0
2026-02-18 01:45:00+00:00,73.23999786376953,73.43499755859375,73.13999938964844,73.43499755859375,134.0
2026-02-18 02:00:00+00:00,73.37999725341797,73.71499633789062,73.2699966430664,73.58000183105469,258.0
2026-02-18 02:15:00+00:00,73.58000183105469,73.625,73.20999908447266,73.4000015258789,126.0
2026-02-18 02:30:00+00:00,73.3949966430664,73.80000305175781,73.33000183105469,73.68499755859375,152.0
2026-02-18 02:45:00+00:00,73.6500015258789,73.7249984741211,73.42500305175781,73.48500061035156,123.0
2026-02-18 03:00:00+00:00,73.55999755859375,74.20999908447266,73.48500061035156,73.95500183105469,457.0
2026-02-18 03:15:00+00:00,73.98999786376953,74.38999938964844,73.98500061035156,74.33000183105469,199.0
2026-02-18 03:30:00+00:00,74.3550033569336,74.61000061035156,74.33499908447266,74.61000061035156,166.0
2026-02-18 03:45:00+00:00,74.56999969482422,74.68499755859375,74.4800033569336,74.6449966430664,122.0
2026-02-18 04:00:00+00:00,74.59500122070312,75.09500122070312,74.45999908447266,75.01000213623047,298.0
2026-02-18 04:15:00+00:00,75.0,75.36000061035156,74.82499694824219,75.32499694824219,230.0
2026-02-18 04:30:00+00:00,75.29000091552734,75.58000183105469,75.25,75.5250015258789,374.0
2026-02-18 04:45:00+00:00,75.58000183105469,75.7699966430664,75.40499877929688,75.63500213623047,263.0
2026-02-18 05:00:00+00:00,75.86000061035156,75.99500274658203,75.43000030517578,75.49500274658203,417.0
2026-02-18 05:15:00+00:00,75.55000305175781,75.80500030517578,75.43000030517578,75.55999755859375,148.0
2026-02-18 05:30:00+00:00,75.53500366210938,76.18000030517578,75.52999877929688,75.79499816894531,259.0
2026-02-18 05:45:00+00:00,75.76499938964844,75.90499877929688,75.58499908447266,75.6050033569336,139.0
2026-02-18 06:00:00+00:00,75.56999969482422,75.61000061035156,75.1050033569336,75.33999633789062,397.0
2026-02-18 06:15:00+00:00,75.3550033569336,75.71499633789062,75.20500183105469,75.48500061035156,233.0
2026-02-18 06:30:00+00:00,75.5,75.62000274658203,75.38999938964844,75.5250015258789,77.0
2026-02-18 06:45:00+00:00,75.61499786376953,75.73999786376953,75.49500274658203,75.49500274658203,82.0
2026-02-18 07:00:00+00:00,75.48999786376953,75.75,75.42500305175781,75.69499969482422,147.0
2026-02-18 07:15:00+00:00,75.72000122070312,75.8550033569336,75.6050033569336,75.80999755859375,154.0
2026-02-18 07:30:00+00:00,75.80000305175781,76.04499816894531,75.69999694824219,75.76000213623047,239.0
2026-02-18 07:45:00+00:00,75.73500061035156,75.73500061035156,75.54499816894531,75.69499969482422,148.0
2026-02-18 08:00:00+00:00,75.70500183105469,75.94000244140625,75.63999938964844,75.70999908447266,395.0
2026-02-18 08:15:00+00:00,75.69000244140625,75.81500244140625,75.4800033569336,75.72000122070312,383.0
2026-02-18 08:30:00+00:00,75.73500061035156,76.04499816894531,75.73500061035156,75.7699966430664,558.0
2026-02-18 08:45:00+00:00,75.81500244140625,76.0,75.76000213623047,75.80500030517578,412.0
2026-02-18 09:00:00+00:00,75.80000305175781,76.05000305175781,75.69999694824219,75.87999725341797,366.0
2026-02-18 09:15:00+00:00,75.83499908447266,76.08000183105469,75.6449966430664,75.94000244140625,294.0
2026-02-18 09:30:00+00:00,75.94499969482422,75.98500061035156,75.75,75.8499984741211,83.0
2026-02-18 09:45:00+00:00,75.86000061035156,75.88999938964844,75.66000366210938,75.66000366210938,91.0
2026-02-18 10:00:00+00:00,75.72000122070312,76.27999877929688,75.72000122070312,76.08000183105469,274.0
2026-02-18 10:15:00+00:00,76.08499908447266,76.1050033569336,75.86499786376953,75.91000366210938,203.0
2026-02-18 10:30:00+00:00,75.86000061035156,75.86000061035156,75.4800033569336,75.5250015258789,263.0
2026-02-18 10:45:00+00:00,75.55500030517578,75.73999786376953,75.41500091552734,75.70500183105469,209.0
2026-02-18 11:00:00+00:00,75.68000030517578,75.75,75.58999633789062,75.66500091552734,79.0
2026-02-18 11:15:00+00:00,75.72000122070312,75.83499908447266,75.65499877929688,75.69999694824219,126.0
2026-02-18 11:30:00+00:00,75.68499755859375,75.79499816894531,75.63500213623047,75.71499633789062,83.0
2026-02-18 11:45:00+00:00,75.70500183105469,75.81500244140625,75.20999908447266,75.41999816894531,488.0
2026-02-18 12:00:00+00:00,75.3949966430664,75.74500274658203,75.29000091552734,75.49500274658203,685.0
2026-02-18 12:15:00+00:00,75.54000091552734,75.8499984741211,75.40499877929688,75.40499877929688,232.0
2026-02-18 12:30:00+00:00,75.37000274658203,75.58999633789062,75.33499908447266,75.45500183105469,214.0
2026-02-18 12:45:00+00:00,75.43499755859375,75.70500183105469,75.25499725341797,75.65499877929688,312.0
2026-02-18 13:00:00+00:00,75.68499755859375,76.0,75.55500030517578,75.90499877929688,728.0
2026-02-18 13:15:00+00:00,75.90499877929688,76.5,75.87999725341797,76.31999969482422,985.0
2026-02-18 13:30:00+00:00,76.32499694824219,76.93499755859375,76.30999755859375,76.6500015258789,1231.0
2026-02-18 13:45:00+00:00,76.6449966430664,76.67500305175781,76.38500213623047,76.6500015258789,665.0
2026-02-18 14:00:00+00:00,76.66000366210938,77.0,76.63999938964844,76.84500122070312,751.0
2026-02-18 14:15:00+00:00,76.92500305175781,77.05500030517578,76.80500030517578,76.91500091552734,519.0
2026-02-18 14:30:00+00:00,76.9000015258789,77.75,76.61499786376953,77.375,2518.0
2026-02-18 14:45:00+00:00,77.37999725341797,77.66000366210938,77.18000030517578,77.62000274658203,1389.0
2026-02-18 15:00:00+00:00,77.63500213623047,78.12000274658203,77.6050033569336,78.11499786376953,1870.0
2026-02-18 15:15:00+00:00,78.12999725341797,78.25499725341797,77.83000183105469,77.94999694824219,1246.0
2026-02-18 15:30:00+00:00,77.9749984741211,78.0,77.58999633789062,77.8550033569336,1187.0
2026-02-18 15:45:00+00:00,77.8499984741211,77.86499786376953,77.49500274658203,77.5999984741211,734.0
2026-02-18 16:00:00+00:00,77.68000030517578,77.90499877929688,77.58999633789062,77.83000183105469,1036.0
2026-02-18 16:15:00+00:00,77.78500366210938,78.05999755859375,77.63999938964844,77.69999694824219,820.0
2026-02-18 16:30:00+00:00,77.69999694824219,78.1500015258789,77.62999725341797,78.07499694824219,689.0
2026-02-18 16:45:00+00:00,78.03500366210938,78.21499633789062,77.76499938964844,77.76499938964844,715.0
2026-02-18 17:00:00+00:00,77.7750015258789,77.94000244140625,77.6500015258789,77.83999633789062,984.0
2026-02-18 17:15:00+00:00,77.81999969482422,78.00499725341797,77.78500366210938,77.95999908447266,655.0
2026-02-18 17:30:00+00:00,77.94999694824219,78.12999725341797,77.83000183105469,78.11000061035156,880.0
2026-02-18 17:45:00+00:00,78.12000274658203,78.31999969482422,78.03500366210938,78.1500015258789,851.0
2026-02-18 18:00:00+00:00,78.19999694824219,78.30500030517578,77.90499877929688,77.91500091552734,1101.0
2026-02-18 18:15:00+00:00,77.91000366210938,77.91500091552734,77.33999633789062,77.51000213623047,3050.0
2026-02-18 18:30:00+00:00,77.5,77.59500122070312,76.83000183105469,77.11000061035156,1375.0
2026-02-18 18:45:00+00:00,77.12999725341797,77.27999877929688,77.05999755859375,77.24500274658203,365.0
2026-02-18 19:00:00+00:00,77.19499969482422,77.41500091552734,77.1449966430664,77.2750015258789,664.0
2026-02-18 19:15:00+00:00,77.2300033569336,77.3949966430664,76.61499786376953,76.72000122070312,638.0
2026-02-18 19:30:00+00:00,76.68499755859375,76.76499938964844,76.2300033569336,76.70999908447266,814.0
2026-02-18 19:45:00+00:00,76.75,76.86000061035156,76.6050033569336,76.62999725341797,291.0
2026-02-18 20:00:00+00:00,76.625,76.80999755859375,76.4749984741211,76.625,354.0
2026-02-18 20:15:00+00:00,76.63999938964844,77.0199966430664,76.5250015258789,76.87999725341797,331.0
2026-02-18 20:30:00+00:00,76.86000061035156,77.22000122070312,76.82499694824219,77.11000061035156,378.0
2026-02-18 20:45:00+00:00,77.0999984741211,77.3499984741211,77.07499694824219,77.30000305175781,310.0
2026-02-18 21:00:00+00:00,77.30999755859375,77.30999755859375,77.08499908447266,77.16999816894531,178.0
2026-02-18 21:15:00+00:00,77.18000030517578,77.2750015258789,77.15499877929688,77.2750015258789,69.0
2026-02-18 21:30:00+00:00,77.28500366210938,77.29000091552734,77.125,77.1500015258789,79.0
2026-02-18 21:45:00+00:00,77.13500213623047,77.16999816894531,77.0,77.12999725341797,118.0
2026-02-18 23:00:00+00:00,77.1449966430664,77.6050033569336,77.06999969482422,77.4000015258789,180.0
2026-02-18 23:15:00+00:00,77.44999694824219,77.51000213623047,77.1500015258789,77.25,195.0
2026-02-18 23:30:00+00:00,77.32499694824219,77.49500274658203,77.18000030517578,77.2249984741211,67.0
2026-02-18 23:45:00+00:00,77.1050033569336,77.1500015258789,76.61000061035156,77.08000183105469,306.0
2026-02-19 00:00:00+00:00,77.05999755859375,77.1050033569336,76.69999694824219,76.75499725341797,122.0
2026-02-19 00:15:00+00:00,76.7750015258789,76.93000030517578,76.58000183105469,76.63999938964844,199.0
2026-02-19 00:30:00+00:00,76.68499755859375,76.81999969482422,76.30000305175781,76.6050033569336,241.0
2026-02-19 00:45:00+00:00,76.55000305175781,76.6500015258789,76.3499984741211,76.38500213623047,108.0
2026-02-19 01:00:00+00:00,76.38500213623047,76.92500305175781,76.3550033569336,76.86000061035156,191.0
2026-02-19 01:15:00+00:00,76.8949966430664,76.8949966430664,76.54499816894531,76.72000122070312,140.0
2026-02-19 01:30:00+00:00,76.77999877929688,76.9000015258789,76.53500366210938,76.78500366210938,101.0
2026-02-19 01:45:00+00:00,76.87000274658203,77.18000030517578,76.81999969482422,77.16999816894531,250.0
2026-02-19 02:00:00+00:00,77.18000030517578,77.34500122070312,77.1050033569336,77.11499786376953,221.0
2026-02-19 02:15:00+00:00,77.11499786376953,77.1500015258789,76.87999725341797,77.1500015258789,139.0
2026-02-19 02:30:00+00:00,77.13999938964844,77.27999877929688,77.03500366210938,77.21499633789062,106.0
2026-02-19 02:45:00+00:00,77.18000030517578,77.30000305175781,77.02999877929688,77.07499694824219,134.0
2026-02-19 03:00:00+00:00,77.02999877929688,77.1500015258789,76.94999694824219,77.1050033569336,69.0
2026-02-19 03:15:00+00:00,77.06999969482422,77.2249984741211,77.00499725341797,77.19499969482422,45.0
2026-02-19 03:30:00+00:00,77.23500061035156,77.80000305175781,77.22000122070312,77.76000213623047,445.0
2026-02-19 03:45:00+00:00,77.75,77.94499969482422,77.70500183105469,77.87000274658203,183.0
2026-02-19 04:00:00+00:00,77.8550033569336,78.13500213623047,77.76499938964844,77.96499633789062,266.0
2026-02-19 04:15:00+00:00,77.95999908447266,78.00499725341797,77.7699966430664,77.7699966430664,104.0
2026-02-19 04:30:00+00:00,77.76499938964844,77.88999938964844,77.68000030517578,77.76000213623047,78.0
2026-02-19 04:45:00+00:00,77.71499633789062,77.80000305175781,77.56500244140625,77.80000305175781,119.0
2026-02-19 05:00:00+00:00,77.80999755859375,78.01499938964844,77.80999755859375,77.92500305175781,136.0
2026-02-19 05:15:00+00:00,77.91999816894531,77.91999816894531,77.7699966430664,77.81999969482422,52.0
2026-02-19 05:30:00+00:00,77.80000305175781,77.91000366210938,77.7750015258789,77.8499984741211,45.0
2026-02-19 05:45:00+00:00,77.87000274658203,77.94999694824219,77.7699966430664,77.84500122070312,112.0
2026-02-19 06:00:00+00:00,77.83999633789062,78.02999877929688,77.80500030517578,77.9749984741211,126.0
2026-02-19 06:15:00+00:00,77.98999786376953,78.06999969482422,77.87000274658203,78.06999969482422,72.0
2026-02-19 06:30:00+00:00,78.06999969482422,78.59500122070312,78.06999969482422,78.44499969482422,418.0
2026-02-19 06:45:00+00:00,78.51499938964844,78.8550033569336,78.47000122070312,78.73999786376953,282.0
2026-02-19 07:00:00+00:00,78.7750015258789,79.06500244140625,78.7750015258789,78.81500244140625,281.0
2026-02-19 07:15:00+00:00,78.81999969482422,79.1500015258789,78.79000091552734,79.0199966430664,184.0
2026-02-19 07:30:00+00:00,79.03500366210938,79.05999755859375,78.94499969482422,78.9800033569336,166.0
2026-02-19 07:45:00+00:00,78.93499755859375,79.01499938964844,78.69499969482422,78.77999877929688,204.0
2026-02-19 08:00:00+00:00,78.76000213623047,78.83499908447266,78.53500366210938,78.83000183105469,261.0
2026-02-19 08:15:00+00:00,78.83999633789062,79.29499816894531,78.83499908447266,79.19499969482422,315.0
2026-02-19 08:30:00+00:00,79.19499969482422,79.19499969482422,79.06999969482422,79.15499877929688,615.0
2026-02-19 08:45:00+00:00,79.20500183105469,79.40499877929688,78.95999908447266,79.05999755859375,365.0
2026-02-19 09:00:00+00:00,79.11000061035156,79.16999816894531,78.96499633789062,79.13500213623047,202.0
2026-02-19 09:15:00+00:00,79.1449966430664,79.19000244140625,78.6500015258789,78.6500015258789,254.0
2026-02-19 09:30:00+00:00,78.61499786376953,78.79000091552734,78.26000213623047,78.67500305175781,545.0
2026-02-19 09:45:00+00:00,78.66999816894531,78.73999786376953,78.43499755859375,78.48999786376953,177.0
2026-02-19 10:00:00+00:00,78.44999694824219,78.5,78.0,78.1050033569336,541.0
2026-02-19 10:15:00+00:00,78.13999938964844,78.50499725341797,78.0999984741211,78.20500183105469,284.0
2026-02-19 10:30:00+00:00,78.1500015258789,78.45999908447266,78.0250015258789,78.28500366210938,198.0
2026-02-19 10:45:00+00:00,78.26499938964844,78.41500091552734,78.19499969482422,78.375,148.0
2026-02-19 11:00:00+00:00,78.33499908447266,78.50499725341797,78.22000122070312,78.30000305175781,263.0
2026-02-19 11:15:00+00:00,78.28500366210938,78.33999633789062,77.81999969482422,77.91000366210938,501.0
2026-02-19 11:30:00+00:00,77.97000122070312,78.125,77.84500122070312,77.98999786376953,230.0
2026-02-19 11:45:00+00:00,77.93499755859375,78.0,77.17500305175781,77.80999755859375,975.0
2026-02-19 12:00:00+00:00,77.80000305175781,77.8499984741211,77.24500274658203,77.62000274658203,597.0
2026-02-19 12:15:00+00:00,77.6449966430664,77.83000183105469,77.43000030517578,77.83000183105469,207.0
2026-02-19 12:30:00+00:00,77.78500366210938,78.01499938964844,77.69999694824219,77.99500274658203,509.0
2026-02-19 12:45:00+00:00,77.99500274658203,78.1500015258789,77.8499984741211,77.95999908447266,519.0
2026-02-19 13:00:00+00:00,77.94499969482422,77.94499969482422,77.43499755859375,77.67500305175781,568.0
2026-02-19 13:15:00+00:00,77.70500183105469,78.04499816894531,77.5250015258789,77.90499877929688,871.0
2026-02-19 13:30:00+00:00,77.86000061035156,78.25,77.58999633789062,78.16500091552734,946.0
2026-02-19 13:45:00+00:00,78.16500091552734,78.33499908447266,78.1050033569336,78.24500274658203,405.0
2026-02-19 14:00:00+00:00,78.2300033569336,78.2300033569336,77.51499938964844,77.55000305175781,793.0
2026-02-19 14:15:00+00:00,77.54499816894531,77.95500183105469,77.48999786376953,77.91999816894531,484.0
2026-02-19 14:30:00+00:00,77.92500305175781,77.92500305175781,76.8949966430664,77.71499633789062,1792.0
2026-02-19 14:45:00+00:00,77.70999908447266,78.1050033569336,77.2750015258789,77.86000061035156,1314.0
2026-02-19 15:00:00+00:00,77.93499755859375,78.30000305175781,77.83999633789062,78.03500366210938,1297.0
2026-02-19 15:15:00+00:00,78.07499694824219,78.3550033569336,77.95999908447266,78.33999633789062,1071.0
2026-02-19 15:30:00+00:00,78.30999755859375,79.08499908447266,78.29000091552734,78.83999633789062,1583.0
2026-02-19 15:45:00+00:00,78.83000183105469,78.88500213623047,78.1050033569336,78.56999969482422,1567.0
2026-02-19 16:00:00+00:00,78.55500030517578,78.58999633789062,77.80500030517578,78.19999694824219,1118.0
2026-02-19 16:15:00+00:00,78.25499725341797,78.37999725341797,77.7750015258789,77.9800033569336,847.0
2026-02-19 16:30:00+00:00,78.02999877929688,78.19499969482422,77.9000015258789,78.05500030517578,815.0
2026-02-19 16:45:00+00:00,78.02999877929688,78.11499786376953,77.26000213623047,77.4800033569336,1253.0
2026-02-19 17:00:00+00:00,77.48500061035156,77.80000305175781,77.31500244140625,77.65499877929688,589.0
2026-02-19 17:15:00+00:00,77.63999938964844,77.98999786376953,77.5199966430664,77.83999633789062,666.0
2026-02-19 17:30:00+00:00,77.81500244140625,78.01000213623047,77.7699966430664,77.91500091552734,603.0
2026-02-19 17:45:00+00:00,77.9000015258789,77.94999694824219,77.42500305175781,77.4800033569336,611.0
2026-02-19 18:00:00+00:00,77.49500274658203,77.80999755859375,77.44999694824219,77.69999694824219,608.0
2026-02-19 18:15:00+00:00,77.68499755859375,77.76499938964844,77.37999725341797,77.4000015258789,1470.0
2026-02-19 18:30:00+00:00,77.4000015258789,77.70500183105469,77.4000015258789,77.49500274658203,363.0
2026-02-19 18:45:00+00:00,77.50499725341797,77.86000061035156,77.48999786376953,77.7300033569336,491.0
2026-02-19 19:00:00+00:00,77.7249984741211,77.93000030517578,77.66500091552734,77.81500244140625,657.0
2026-02-19 19:15:00+00:00,77.80999755859375,78.04499816894531,77.79499816894531,77.90499877929688,344.0
2026-02-19 19:30:00+00:00,77.90499877929688,77.92500305175781,77.44499969482422,77.69999694824219,427.0
2026-02-19 19:45:00+00:00,77.68499755859375,77.71499633789062,77.55500030517578,77.66999816894531,83.0
2026-02-19 20:00:00+00:00,77.71499633789062,77.91000366210938,77.68499755859375,77.8949966430664,121.0
2026-02-19 20:15:00+00:00,77.91000366210938,78.1449966430664,77.83000183105469,78.08999633789062,184.0
2026-02-19 20:30:00+00:00,78.08999633789062,78.3550033569336,78.07499694824219,78.3550033569336,245.0
2026-02-19 20:45:00+00:00,78.33499908447266,78.44999694824219,78.26499938964844,78.30000305175781,235.0
2026-02-19 21:00:00+00:00,78.33999633789062,78.34500122070312,78.20500183105469,78.31500244140625,226.0
2026-02-19 21:15:00+00:00,78.30999755859375,78.40499877929688,78.08999633789062,78.12000274658203,182.0
2026-02-19 21:30:00+00:00,78.13999938964844,78.26000213623047,78.13999938964844,78.1449966430664,49.0
2026-02-19 21:45:00+00:00,78.13500213623047,78.5,78.12999725341797,78.44000244140625,33.0
2026-02-19 23:00:00+00:00,78.4749984741211,78.66500091552734,78.13500213623047,78.16999816894531,329.0
2026-02-19 23:15:00+00:00,78.16999816894531,78.48999786376953,78.12000274658203,78.23500061035156,145.0
2026-02-19 23:30:00+00:00,78.20999908447266,78.31999969482422,78.08999633789062,78.13500213623047,132.0
2026-02-19 23:45:00+00:00,78.19499969482422,78.33000183105469,77.83499908447266,77.87000274658203,166.0
2026-02-20 00:00:00+00:00,77.91000366210938,78.16000366210938,77.75499725341797,78.0999984741211,190.0
2026-02-20 00:15:00+00:00,78.07499694824219,78.17500305175781,77.78500366210938,77.97000122070312,89.0
2026-02-20 00:30:00+00:00,77.98500061035156,78.27999877929688,77.94999694824219,78.23999786376953,94.0
2026-02-20 00:45:00+00:00,78.2249984741211,78.58000183105469,78.20999908447266,78.58000183105469,140.0
2026-02-20 01:00:00+00:00,78.56500244140625,78.65499877929688,78.29000091552734,78.43000030517578,358.0
2026-02-20 01:15:00+00:00,78.41000366210938,78.41000366210938,78.05500030517578,78.23500061035156,111.0
2026-02-20 01:30:00+00:00,78.26499938964844,78.30000305175781,78.02999877929688,78.1500015258789,111.0
2026-02-20 01:45:00+00:00,78.1500015258789,78.31999969482422,78.11000061035156,78.24500274658203,102.0
2026-02-20 02:00:00+00:00,78.20500183105469,78.56999969482422,78.16000366210938,78.18000030517578,250.0
2026-02-20 02:15:00+00:00,78.26000213623047,78.33000183105469,78.05999755859375,78.08000183105469,66.0
2026-02-20 02:30:00+00:00,78.1050033569336,78.30999755859375,78.1050033569336,78.24500274658203,71.0
2026-02-20 02:45:00+00:00,78.23999786376953,78.25,77.80000305175781,78.0,141.0
2026-02-20 03:00:00+00:00,78.01499938964844,78.41000366210938,78.0,78.29499816894531,232.0
2026-02-20 03:15:00+00:00,78.32499694824219,78.38500213623047,78.19999694824219,78.19999694824219,30.0
2026-02-20 03:30:00+00:00,78.2300033569336,78.5250015258789,77.28500366210938,77.55000305175781,662.0
2026-02-20 03:45:00+00:00,77.5999984741211,77.90499877929688,77.5199966430664,77.54499816894531,161.0
2026-02-20 04:00:00+00:00,77.55999755859375,77.875,77.55999755859375,77.87000274658203,93.0
2026-02-20 04:15:00+00:00,77.9000015258789,77.9000015258789,77.73999786376953,77.87000274658203,50.0
2026-02-20 04:30:00+00:00,77.9000015258789,78.18000030517578,77.88500213623047,78.07499694824219,133.0
2026-02-20 04:45:00+00:00,78.09500122070312,78.13500213623047,78.0,78.0,40.0
2026-02-20 05:00:00+00:00,78.0999984741211,78.31999969482422,78.0999984741211,78.18000030517578,82.0
2026-02-20 05:15:00+00:00,78.18000030517578,78.4000015258789,78.1449966430664,78.32499694824219,79.0
2026-02-20 05:30:00+00:00,78.33499908447266,78.3949966430664,78.1449966430664,78.18000030517578,120.0
2026-02-20 05:45:00+00:00,78.19000244140625,78.53500366210938,78.19000244140625,78.5250015258789,122.0
2026-02-20 06:00:00+00:00,78.5250015258789,78.75,78.375,78.62999725341797,280.0
2026-02-20 06:15:00+00:00,78.61499786376953,78.83499908447266,78.61000061035156,78.69999694824219,168.0
2026-02-20 06:30:00+00:00,78.70500183105469,78.86499786376953,78.69999694824219,78.79499816894531,104.0
2026-02-20 06:45:00+00:00,78.78500366210938,78.78500366210938,78.5250015258789,78.62999725341797,123.0
2026-02-20 07:00:00+00:00,78.67500305175781,78.94999694824219,78.52999877929688,78.8550033569336,271.0
2026-02-20 07:15:00+00:00,78.88999938964844,78.9000015258789,78.62000274658203,78.75,166.0
2026-02-20 07:30:00+00:00,78.75,78.87999725341797,78.67500305175781,78.83499908447266,72.0
2026-02-20 07:45:00+00:00,78.86499786376953,78.86499786376953,78.52999877929688,78.625,215.0
2026-02-20 08:00:00+00:00,78.65499877929688,78.875,78.59500122070312,78.80000305175781,317.0
2026-02-20 08:15:00+00:00,78.80000305175781,79.08999633789062,78.80000305175781,79.0,239.0
2026-02-20 08:30:00+00:00,79.04499816894531,79.4800033569336,78.95999908447266,79.33499908447266,576.0
2026-02-20 08:45:00+00:00,79.33499908447266,79.87999725341797,79.33499908447266,79.80000305175781,389.0
2026-02-20 09:00:00+00:00,79.78500366210938,81.06500244140625,79.73999786376953,81.04499816894531,1421.0
2026-02-20 09:15:00+00:00,81.06999969482422,81.0999984741211,80.56999969482422,80.57499694824219,736.0
2026-02-20 09:30:00+00:00,80.56999969482422,80.69499969482422,80.43000030517578,80.51499938964844,457.0
2026-02-20 09:45:00+00:00,80.5,80.5,80.20999908447266,80.29499816894531,328.0
2026-02-20 10:00:00+00:00,80.30999755859375,80.45500183105469,80.13999938964844,80.40499877929688,328.0
2026-02-20 10:15:00+00:00,80.4000015258789,80.69000244140625,80.38500213623047,80.63999938964844,302.0
2026-02-20 10:30:00+00:00,80.6449966430664,80.79000091552734,80.54000091552734,80.58499908447266,226.0
2026-02-20 10:45:00+00:00,80.55999755859375,80.93499755859375,80.4800033569336,80.71499633789062,370.0
2026-02-20 11:00:00+00:00,80.71499633789062,80.93499755859375,80.63500213623047,80.73999786376953,194.0
2026-02-20 11:15:00+00:00,80.73999786376953,80.875,80.41500091552734,80.58000183105469,488.0
2026-02-20 11:30:00+00:00,80.55500030517578,80.55500030517578,80.11000061035156,80.1500015258789,343.0
2026-02-20 11:45:00+00:00,80.20500183105469,80.50499725341797,80.08000183105469,80.42500305175781,505.0
2026-02-20 12:00:00+00:00,80.40499877929688,80.67500305175781,80.25,80.54499816894531,471.0
2026-02-20 12:15:00+00:00,80.48999786376953,80.48999786376953,80.06500244140625,80.11499786376953,239.0
2026-02-20 12:30:00+00:00,80.08999633789062,80.41999816894531,79.93000030517578,80.38999938964844,441.0
2026-02-20 12:45:00+00:00,80.3949966430664,80.57499694824219,80.20500183105469,80.52999877929688,216.0
2026-02-20 13:00:00+00:00,80.55500030517578,80.63999938964844,80.45999908447266,80.46499633789062,498.0
2026-02-20 13:15:00+00:00,80.5,80.62000274658203,80.37000274658203,80.51000213623047,395.0
2026-02-20 13:30:00+00:00,80.5999984741211,80.69999694824219,80.08499908447266,80.51499938964844,915.0
2026-02-20 13:45:00+00:00,80.52999877929688,80.88500213623047,80.48500061035156,80.76499938964844,1050.0
2026-02-20 14:00:00+00:00,80.75,80.93499755859375,80.55500030517578,80.69999694824219,841.0
2026-02-20 14:15:00+00:00,80.7699966430664,80.7699966430664,80.61000061035156,80.69000244140625,476.0
2026-02-20 14:30:00+00:00,80.66500091552734,81.4800033569336,80.47000122070312,81.41500091552734,1962.0
2026-02-20 14:45:00+00:00,81.44499969482422,81.98999786376953,81.2699966430664,81.66999816894531,2196.0
2026-02-20 15:00:00+00:00,81.73999786376953,82.12000274658203,79.75,80.79499816894531,5389.0
2026-02-20 15:15:00+00:00,80.80500030517578,81.51499938964844,80.57499694824219,81.04000091552734,2123.0
2026-02-20 15:30:00+00:00,81.08499908447266,82.31999969482422,80.7300033569336,82.23500061035156,2328.0
2026-02-20 15:45:00+00:00,82.26499938964844,82.54000091552734,81.69999694824219,81.7750015258789,2232.0
2026-02-20 16:00:00+00:00,81.80500030517578,82.17500305175781,81.41999816894531,82.05500030517578,1094.0
2026-02-20 16:15:00+00:00,82.1500015258789,82.33000183105469,81.76000213623047,82.19999694824219,959.0
2026-02-20 16:30:00+00:00,82.22000122070312,82.56999969482422,82.13500213623047,82.41500091552734,907.0
2026-02-20 16:45:00+00:00,82.44999694824219,82.58499908447266,82.25,82.43000030517578,849.0
2026-02-20 17:00:00+00:00,82.48999786376953,82.73999786376953,82.36000061035156,82.43499755859375,916.0
2026-02-20 17:15:00+00:00,82.43000030517578,82.46499633789062,81.87000274658203,82.43499755859375,1070.0
2026-02-20 17:30:00+00:00,82.43000030517578,82.79499816894531,82.41999816894531,82.68000030517578,1621.0
2026-02-20 17:45:00+00:00,82.69999694824219,82.94999694824219,82.6449966430664,82.76000213623047,1082.0
2026-02-20 18:00:00+00:00,82.7750015258789,82.91999816894531,82.67500305175781,82.83000183105469,879.0
2026-02-20 18:15:00+00:00,82.7750015258789,82.79499816894531,82.23999786376953,82.43499755859375,2062.0
2026-02-20 18:30:00+00:00,82.38999938964844,82.86000061035156,82.34500122070312,82.71499633789062,999.0
2026-02-20 18:45:00+00:00,82.71499633789062,82.95999908447266,82.66000366210938,82.93000030517578,580.0
2026-02-20 19:00:00+00:00,82.91500091552734,83.08000183105469,82.8550033569336,82.92500305175781,710.0
2026-02-20 19:15:00+00:00,82.81999969482422,83.05999755859375,82.76000213623047,82.8949966430664,713.0
2026-02-20 19:30:00+00:00,82.94000244140625,83.25499725341797,82.93000030517578,83.2300033569336,492.0
2026-02-20 19:45:00+00:00,83.2249984741211,83.43000030517578,83.20999908447266,83.34500122070312,510.0
2026-02-20 20:00:00+00:00,83.33000183105469,83.6500015258789,83.29499816894531,83.62000274658203,520.0
2026-02-20 20:15:00+00:00,83.625,84.2249984741211,83.6050033569336,84.16999816894531,711.0
2026-02-20 20:30:00+00:00,84.17500305175781,84.58999633789062,83.94499969482422,84.1050033569336,1453.0
2026-02-20 20:45:00+00:00,84.12999725341797,84.54499816894531,83.81500244140625,84.43000030517578,966.0
2026-02-20 21:00:00+00:00,84.42500305175781,84.44999694824219,83.79000091552734,83.92500305175781,513.0
2026-02-20 21:15:00+00:00,83.88999938964844,84.3499984741211,83.83000183105469,84.3499984741211,345.0
2026-02-20 21:30:00+00:00,84.31500244140625,84.41500091552734,84.2249984741211,84.30000305175781,259.0
2026-02-20 21:45:00+00:00,84.33999633789062,84.6449966430664,84.31500244140625,84.54000091552734,474.0
2026-02-22 23:00:00+00:00,85.80999755859375,86.05000305175781,85.79000091552734,86.05000305175781,162.0
2026-02-22 23:15:00+00:00,86.04000091552734,86.3499984741211,85.87000274658203,86.21499633789062,982.0
2026-02-22 23:30:00+00:00,86.18000030517578,86.5999984741211,86.08499908447266,86.55000305175781,991.0
2026-02-22 23:45:00+00:00,86.51499938964844,87.16000366210938,86.33999633789062,86.88999938964844,817.0
2026-02-23 00:00:00+00:00,86.87999725341797,87.01000213623047,86.2750015258789,86.48999786376953,808.0
2026-02-23 00:15:00+00:00,86.48999786376953,86.59500122070312,86.17500305175781,86.54499816894531,605.0
2026-02-23 00:30:00+00:00,86.57499694824219,86.75,86.1500015258789,86.24500274658203,303.0
2026-02-23 00:45:00+00:00,86.21499633789062,86.25,85.83499908447266,86.17500305175781,496.0
2026-02-23 01:00:00+00:00,86.17500305175781,86.65499877929688,85.80500030517578,86.375,591.0
2026-02-23 01:15:00+00:00,86.37000274658203,86.9800033569336,86.37000274658203,86.95500183105469,566.0
2026-02-23 01:30:00+00:00,86.94999694824219,87.46499633789062,86.92500305175781,87.44499969482422,595.0
2026-02-23 01:45:00+00:00,87.44499969482422,87.5,86.6500015258789,86.69499969482422,315.0
2026-02-23 02:00:00+00:00,86.76499938964844,87.23999786376953,86.625,87.12000274658203,235.0
2026-02-23 02:15:00+00:00,87.11499786376953,87.4000015258789,87.07499694824219,87.31999969482422,450.0
2026-02-23 02:30:00+00:00,87.30999755859375,87.68499755859375,87.2699966430664,87.41000366210938,399.0
2026-02-23 02:45:00+00:00,87.43499755859375,87.53500366210938,87.19999694824219,87.3949966430664,241.0
2026-02-23 03:00:00+00:00,87.47000122070312,87.51000213623047,86.95500183105469,87.16999816894531,335.0
2026-02-23 03:15:00+00:00,87.08999633789062,87.17500305175781,86.94999694824219,87.02999877929688,164.0
2026-02-23 03:30:00+00:00,87.04499816894531,87.42500305175781,87.02999877929688,87.08000183105469,318.0
2026-02-23 03:45:00+00:00,87.09500122070312,87.33999633789062,87.0199966430664,87.02999877929688,139.0
2026-02-23 04:00:00+00:00,87.03500366210938,87.23500061035156,86.87999725341797,87.125,188.0
2026-02-23 04:15:00+00:00,87.1050033569336,87.23999786376953,87.01499938964844,87.20999908447266,144.0
2026-02-23 04:30:00+00:00,87.19999694824219,87.42500305175781,87.01499938964844,87.16999816894531,200.0
2026-02-23 04:45:00+00:00,87.18499755859375,87.18499755859375,86.8949966430664,87.00499725341797,183.0
2026-02-23 05:00:00+00:00,86.9800033569336,87.125,86.82499694824219,87.06999969482422,190.0
2026-02-23 05:15:00+00:00,87.05500030517578,87.0999984741211,86.63999938964844,86.81500244140625,195.0
2026-02-23 05:30:00+00:00,86.88500213623047,86.88500213623047,86.6500015258789,86.70999908447266,133.0
2026-02-23 05:45:00+00:00,86.72000122070312,86.88999938964844,86.69999694824219,86.83000183105469,88.0
2026-02-23 06:00:00+00:00,86.8550033569336,86.9749984741211,86.78500366210938,86.87000274658203,134.0
2026-02-23 06:15:00+00:00,86.8550033569336,86.96499633789062,86.57499694824219,86.6500015258789,163.0
2026-02-23 06:30:00+00:00,86.65499877929688,86.76499938964844,86.36000061035156,86.43000030517578,264.0
2026-02-23 06:45:00+00:00,86.4000015258789,86.5199966430664,86.1449966430664,86.30000305175781,462.0
2026-02-23 07:00:00+00:00,86.25499725341797,86.51000213623047,86.22000122070312,86.33999633789062,300.0
2026-02-23 07:15:00+00:00,86.34500122070312,86.36000061035156,85.25499725341797,85.55000305175781,2036.0
2026-02-23 07:30:00+00:00,85.55999755859375,85.58999633789062,85.05000305175781,85.5,634.0
2026-02-23 07:45:00+00:00,85.53500366210938,85.83000183105469,85.51000213623047,85.67500305175781,267.0
2026-02-23 08:00:00+00:00,85.66000366210938,85.78500366210938,85.48500061035156,85.7699966430664,413.0
2026-02-23 08:15:00+00:00,85.79499816894531,86.05000305175781,85.78500366210938,85.83499908447266,399.0
2026-02-23 08:30:00+00:00,85.8499984741211,86.19499969482422,85.69999694824219,85.90499877929688,417.0
2026-02-23 08:45:00+00:00,85.93000030517578,86.25,85.93000030517578,86.18499755859375,1076.0
2026-02-23 09:00:00+00:00,86.16999816894531,86.44000244140625,86.1050033569336,86.38999938964844,228.0
2026-02-23 09:15:00+00:00,86.42500305175781,86.52999877929688,86.30999755859375,86.5,311.0
2026-02-23 09:30:00+00:00,86.54000091552734,86.6449966430664,86.3499984741211,86.46499633789062,324.0
2026-02-23 09:45:00+00:00,86.43499755859375,86.625,86.41000366210938,86.51499938964844,223.0
2026-02-23 10:00:00+00:00,86.53500366210938,86.66999816894531,86.45999908447266,86.56500244140625,237.0
2026-02-23 10:15:00+00:00,86.58000183105469,86.73999786376953,86.51000213623047,86.70999908447266,255.0
2026-02-23 10:30:00+00:00,86.69499969482422,86.8550033569336,86.55000305175781,86.70500183105469,277.0
2026-02-23 10:45:00+00:00,86.68499755859375,86.88999938964844,86.66999816894531,86.80500030517578,483.0
2026-02-23 11:00:00+00:00,86.80000305175781,86.81999969482422,86.42500305175781,86.43000030517578,264.0
2026-02-23 11:15:00+00:00,86.43000030517578,86.44499969482422,86.16999816894531,86.21499633789062,719.0
2026-02-23 11:30:00+00:00,86.18000030517578,86.55000305175781,86.06500244140625,86.36499786376953,315.0
2026-02-23 11:45:00+00:00,86.38999938964844,86.50499725341797,86.18000030517578,86.33499908447266,482.0
2026-02-23 12:00:00+00:00,86.33499908447266,86.75,86.17500305175781,86.41000366210938,649.0
2026-02-23 12:15:00+00:00,86.43000030517578,86.44999694824219,86.2300033569336,86.44499969482422,167.0
2026-02-23 12:30:00+00:00,86.44999694824219,86.8499984741211,86.43000030517578,86.79499816894531,211.0
2026-02-23 12:45:00+00:00,86.76000213623047,86.95999908447266,86.67500305175781,86.8949966430664,257.0
2026-02-23 13:00:00+00:00,86.88999938964844,86.94499969482422,86.68000030517578,86.74500274658203,444.0
2026-02-23 13:15:00+00:00,86.7249984741211,86.76499938964844,86.29000091552734,86.30999755859375,949.0
2026-02-23 13:30:00+00:00,86.2750015258789,86.30000305175781,85.88500213623047,86.12999725341797,1486.0
2026-02-23 13:45:00+00:00,86.15499877929688,86.30999755859375,85.4800033569336,85.48999786376953,1538.0
2026-02-23 14:00:00+00:00,85.5,86.31500244140625,85.44999694824219,86.18499755859375,1259.0
2026-02-23 14:15:00+00:00,86.16500091552734,86.47000122070312,86.13500213623047,86.27999877929688,1092.0
2026-02-23 14:30:00+00:00,86.29000091552734,87.73999786376953,86.26000213623047,87.70500183105469,2569.0
2026-02-23 14:45:00+00:00,87.69000244140625,87.84500122070312,86.91999816894531,87.09500122070312,2115.0
2026-02-23 15:00:00+00:00,87.1050033569336,87.375,86.53500366210938,87.16500091552734,2116.0
2026-02-23 15:15:00+00:00,87.18499755859375,87.19999694824219,86.59500122070312,87.03500366210938,1756.0
2026-02-23 15:30:00+00:00,87.09500122070312,87.2750015258789,86.79000091552734,87.02999877929688,1034.0
2026-02-23 15:45:00+00:00,86.9749984741211,87.13500213623047,86.12000274658203,86.46499633789062,1790.0
2026-02-23 16:00:00+00:00,86.41999816894531,86.9800033569336,85.72000122070312,86.84500122070312,1795.0
2026-02-23 16:15:00+00:00,86.83999633789062,87.25,86.67500305175781,87.0199966430664,1251.0
2026-02-23 16:30:00+00:00,87.05000305175781,87.22000122070312,86.9000015258789,86.99500274658203,815.0
2026-02-23 16:45:00+00:00,87.0199966430664,87.06500244140625,86.43499755859375,86.49500274658203,1184.0
2026-02-23 17:00:00+00:00,86.50499725341797,86.68499755859375,86.16999816894531,86.41999816894531,1852.0
2026-02-23 17:15:00+00:00,86.41000366210938,86.81500244140625,86.30999755859375,86.69499969482422,1171.0
2026-02-23 17:30:00+00:00,86.69999694824219,86.79000091552734,86.08499908447266,86.43000030517578,1073.0
2026-02-23 17:45:00+00:00,86.44499969482422,86.71499633789062,86.0999984741211,86.69499969482422,1454.0
2026-02-23 18:00:00+00:00,86.69999694824219,86.8949966430664,86.61000061035156,86.80000305175781,907.0
2026-02-23 18:15:00+00:00,86.76499938964844,86.83999633789062,86.45999908447266,86.80500030517578,2101.0
2026-02-23 18:30:00+00:00,86.80500030517578,87.43000030517578,86.80500030517578,87.33499908447266,793.0
2026-02-23 18:45:00+00:00,87.3550033569336,87.54000091552734,87.30500030517578,87.47000122070312,544.0
2026-02-23 19:00:00+00:00,87.44000244140625,87.55000305175781,87.25,87.50499725341797,476.0
2026-02-23 19:15:00+00:00,87.5199966430664,87.63999938964844,87.33000183105469,87.41999816894531,504.0
2026-02-23 19:30:00+00:00,87.44999694824219,87.66999816894531,87.41999816894531,87.58000183105469,360.0
2026-02-23 19:45:00+00:00,87.5199966430664,87.5999984741211,87.37999725341797,87.51499938964844,202.0
2026-02-23 20:00:00+00:00,87.51499938964844,87.9000015258789,87.49500274658203,87.68499755859375,557.0
2026-02-23 20:15:00+00:00,87.70999908447266,88.18499755859375,87.70999908447266,88.16000366210938,409.0
2026-02-23 20:30:00+00:00,88.1449966430664,88.66500091552734,88.125,88.4800033569336,654.0
2026-02-23 20:45:00+00:00,88.48999786376953,88.86000061035156,88.33999633789062,88.69499969482422,723.0
2026-02-23 21:00:00+00:00,88.68000030517578,88.70500183105469,88.30999755859375,88.40499877929688,411.0
2026-02-23 21:15:00+00:00,88.37000274658203,88.44499969482422,88.30999755859375,88.33999633789062,98.0
2026-02-23 21:30:00+00:00,88.31500244140625,88.37999725341797,87.75499725341797,87.91000366210938,384.0
2026-02-23 21:45:00+00:00,87.87000274658203,88.06999969482422,87.83999633789062,88.0,334.0
2026-02-23 23:00:00+00:00,88.04000091552734,88.75,88.04000091552734,88.53500366210938,223.0
2026-02-23 23:15:00+00:00,88.55000305175781,88.66500091552734,88.1449966430664,88.34500122070312,421.0
2026-02-23 23:30:00+00:00,88.34500122070312,88.62000274658203,88.13999938964844,88.31999969482422,383.0
2026-02-23 23:45:00+00:00,88.29499816894531,88.29499816894531,87.87999725341797,87.94499969482422,236.0
2026-02-24 00:00:00+00:00,87.94499969482422,88.08000183105469,87.5,87.70999908447266,471.0
2026-02-24 00:15:00+00:00,87.66000366210938,87.87000274658203,87.52999877929688,87.56999969482422,274.0
2026-02-24 00:30:00+00:00,87.62999725341797,87.68499755859375,87.25,87.68000030517578,313.0
2026-02-24 00:45:00+00:00,87.6449966430664,87.80000305175781,87.13999938964844,87.49500274658203,581.0
2026-02-24 01:00:00+00:00,87.5,87.5,86.4800033569336,86.63999938964844,1731.0
2026-02-24 01:15:00+00:00,86.66000366210938,86.76499938964844,84.6050033569336,86.0250015258789,2410.0
2026-02-24 01:30:00+00:00,86.00499725341797,86.63500213623047,85.8499984741211,86.41000366210938,1102.0
2026-02-24 01:45:00+00:00,86.5,86.57499694824219,85.74500274658203,86.32499694824219,648.0
2026-02-24 02:00:00+00:00,86.33000183105469,86.88500213623047,86.30500030517578,86.73500061035156,526.0
2026-02-24 02:15:00+00:00,86.7300033569336,86.73999786376953,86.1500015258789,86.4000015258789,254.0
2026-02-24 02:30:00+00:00,86.4000015258789,87.01000213623047,86.4000015258789,86.8949966430664,507.0
2026-02-24 02:45:00+00:00,86.8949966430664,87.4000015258789,86.88500213623047,87.30000305175781,371.0
2026-02-24 03:00:00+00:00,87.31500244140625,87.31500244140625,86.8550033569336,87.1050033569336,233.0
2026-02-24 03:15:00+00:00,87.19000244140625,87.48999786376953,87.0250015258789,87.11499786376953,255.0
2026-02-24 03:30:00+00:00,87.11499786376953,87.28500366210938,86.87999725341797,86.94499969482422,242.0
2026-02-24 03:45:00+00:00,87.0,87.07499694824219,86.74500274658203,86.79499816894531,211.0
2026-02-24 04:00:00+00:00,86.74500274658203,86.88500213623047,86.5250015258789,86.56999969482422,256.0
2026-02-24 04:15:00+00:00,86.57499694824219,86.87999725341797,86.56999969482422,86.83499908447266,105.0
2026-02-24 04:30:00+00:00,86.86000061035156,86.94000244140625,86.58000183105469,86.61000061035156,98.0
2026-02-24 04:45:00+00:00,86.6050033569336,86.7699966430664,86.56999969482422,86.67500305175781,70.0
2026-02-24 05:00:00+00:00,86.67500305175781,87.17500305175781,86.55500030517578,87.125,173.0
2026-02-24 05:15:00+00:00,87.125,87.3499984741211,86.94000244140625,86.95500183105469,228.0
2026-02-24 05:30:00+00:00,86.94999694824219,87.67500305175781,86.90499877929688,87.67500305175781,415.0
2026-02-24 05:45:00+00:00,87.6500015258789,88.08499908447266,87.55000305175781,87.91999816894531,530.0
2026-02-24 06:00:00+00:00,87.96499633789062,88.69999694824219,87.8550033569336,88.63500213623047,728.0
2026-02-24 06:15:00+00:00,88.68499755859375,88.7249984741211,87.62999725341797,87.7300033569336,658.0
2026-02-24 06:30:00+00:00,87.65499877929688,88.18499755859375,87.6449966430664,88.0,646.0
2026-02-24 06:45:00+00:00,88.05000305175781,88.19999694824219,87.83000183105469,87.96499633789062,421.0
2026-02-24 07:00:00+00:00,87.9000015258789,88.0999984741211,87.70500183105469,88.05000305175781,283.0
2026-02-24 07:15:00+00:00,88.08499908447266,88.21499633789062,87.75,87.93000030517578,271.0
2026-02-24 07:30:00+00:00,87.95999908447266,88.20500183105469,87.83999633789062,88.1500015258789,253.0
2026-02-24 07:45:00+00:00,88.06500244140625,88.08000183105469,87.68499755859375,87.72000122070312,218.0
2026-02-24 08:00:00+00:00,87.69000244140625,88.08499908447266,87.45500183105469,88.0,442.0
2026-02-24 08:15:00+00:00,88.05000305175781,88.05500030517578,87.48999786376953,87.76000213623047,421.0
2026-02-24 08:30:00+00:00,87.79499816894531,88.12999725341797,87.79499816894531,87.88500213623047,350.0
2026-02-24 08:45:00+00:00,87.8550033569336,88.06500244140625,87.7699966430664,87.94000244140625,226.0
2026-02-24 09:00:00+00:00,88.01499938964844,88.19000244140625,87.76499938964844,87.84500122070312,335.0
2026-02-24 09:15:00+00:00,87.83499908447266,88.05000305175781,87.79000091552734,87.8550033569336,246.0
2026-02-24 09:30:00+00:00,87.87000274658203,88.01000213623047,87.7249984741211,87.8949966430664,971.0
2026-02-24 09:45:00+00:00,87.86000061035156,87.95500183105469,87.73500061035156,87.91000366210938,640.0
2026-02-24 10:00:00+00:00,87.94000244140625,88.3550033569336,87.94000244140625,88.3550033569336,582.0
2026-02-24 10:15:00+00:00,88.3499984741211,88.47000122070312,88.20500183105469,88.27999877929688,429.0
2026-02-24 10:30:00+00:00,88.28500366210938,88.30999755859375,87.68499755859375,87.71499633789062,466.0
2026-02-24 10:45:00+00:00,87.75499725341797,87.98500061035156,87.75,87.92500305175781,268.0
2026-02-24 11:00:00+00:00,87.91000366210938,87.98999786376953,87.82499694824219,87.94499969482422,154.0
2026-02-24 11:15:00+00:00,87.93499755859375,87.95500183105469,87.65499877929688,87.86000061035156,218.0
2026-02-24 11:30:00+00:00,87.87999725341797,88.05000305175781,87.76000213623047,87.98999786376953,216.0
2026-02-24 11:45:00+00:00,87.98999786376953,88.17500305175781,87.6500015258789,87.95500183105469,520.0
2026-02-24 12:00:00+00:00,87.88500213623047,88.05999755859375,87.69000244140625,87.78500366210938,482.0
2026-02-24 12:15:00+00:00,87.78500366210938,87.78500366210938,87.125,87.54000091552734,1127.0
2026-02-24 12:30:00+00:00,87.55500030517578,87.71499633789062,87.4000015258789,87.56500244140625,417.0
2026-02-24 12:45:00+00:00,87.54000091552734,87.6500015258789,87.30000305175781,87.59500122070312,369.0
2026-02-24 13:00:00+00:00,87.59500122070312,88.11000061035156,87.59500122070312,88.05500030517578,1290.0
2026-02-24 13:15:00+00:00,88.04000091552734,88.08999633789062,87.76000213623047,87.83499908447266,865.0
2026-02-24 13:30:00+00:00,87.84500122070312,87.93499755859375,87.16500091552734,87.5250015258789,1475.0
2026-02-24 13:45:00+00:00,87.51000213623047,87.5199966430664,85.86499786376953,85.98999786376953,2731.0
2026-02-24 14:00:00+00:00,86.0,86.12000274658203,85.19999694824219,85.54499816894531,3582.0
2026-02-24 14:15:00+00:00,85.59500122070312,86.3550033569336,85.49500274658203,86.19000244140625,1783.0
2026-02-24 14:30:00+00:00,86.16500091552734,87.11499786376953,85.90499877929688,87.05000305175781,2620.0
2026-02-24 14:45:00+00:00,87.03500366210938,87.3949966430664,86.83000183105469,87.02999877929688,1694.0
2026-02-24 15:00:00+00:00,86.9800033569336,87.46499633789062,86.80999755859375,87.41000366210938,1415.0
2026-02-24 15:15:00+00:00,87.38500213623047,87.8499984741211,87.31500244140625,87.55000305175781,1967.0
2026-02-24 15:30:00+00:00,87.5250015258789,87.86000061035156,87.43000030517578,87.80000305175781,1406.0
2026-02-24 15:45:00+00:00,87.81999969482422,87.94999694824219,87.65499877929688,87.7249984741211,768.0
2026-02-24 16:00:00+00:00,87.66999816894531,88.06999969482422,87.63500213623047,88.01000213623047,1236.0
2026-02-24 16:15:00+00:00,88.01000213623047,88.12999725341797,87.57499694824219,87.68499755859375,984.0
2026-02-24 16:30:00+00:00,87.69999694824219,87.875,87.16000366210938,87.73999786376953,948.0
2026-02-24 16:45:00+00:00,87.75,87.75499725341797,86.8949966430664,87.2699966430664,1453.0
2026-02-24 17:00:00+00:00,87.29000091552734,87.80500030517578,87.29000091552734,87.76499938964844,878.0
2026-02-24 17:15:00+00:00,87.76499938964844,87.98999786376953,87.72000122070312,87.87000274658203,1119.0
2026-02-24 17:30:00+00:00,87.90499877929688,88.04000091552734,87.75499725341797,87.91999816894531,924.0
2026-02-24 17:45:00+00:00,87.94499969482422,87.96499633789062,87.8499984741211,87.95999908447266,1169.0
2026-02-24 18:00:00+00:00,87.95999908447266,88.2249984741211,87.8550033569336,88.12999725341797,932.0
2026-02-24 18:15:00+00:00,88.11000061035156,88.1449966430664,87.43499755859375,87.66000366210938,3261.0
2026-02-24 18:30:00+00:00,87.6050033569336,87.68000030517578,87.0199966430664,87.41000366210938,1067.0
2026-02-24 18:45:00+00:00,87.43499755859375,87.48500061035156,87.19499969482422,87.19499969482422,592.0
2026-02-24 19:00:00+00:00,87.19499969482422,87.22000122070312,86.5199966430664,86.83499908447266,1049.0
2026-02-24 19:15:00+00:00,86.83999633789062,87.04499816894531,86.53500366210938,87.04000091552734,481.0
2026-02-24 19:30:00+00:00,87.06999969482422,87.29499816894531,86.8550033569336,87.05999755859375,420.0
2026-02-24 19:45:00+00:00,87.05500030517578,87.13500213623047,86.91500091552734,86.91500091552734,247.0
2026-02-24 20:00:00+00:00,86.90499877929688,87.0999984741211,86.59500122070312,86.80000305175781,253.0
2026-02-24 20:15:00+00:00,86.76000213623047,87.375,86.68499755859375,87.30500030517578,416.0
2026-02-24 20:30:00+00:00,87.31999969482422,87.66000366210938,87.19000244140625,87.63500213623047,380.0
2026-02-24 20:45:00+00:00,87.625,87.625,87.125,87.26000213623047,427.0
2026-02-24 21:00:00+00:00,87.27999877929688,87.29499816894531,87.12999725341797,87.29499816894531,284.0
2026-02-24 21:15:00+00:00,87.27999877929688,87.28500366210938,87.06500244140625,87.08499908447266,118.0
2026-02-24 21:30:00+00:00,87.05000305175781,87.25,86.95999908447266,87.20999908447266,110.0
2026-02-24 21:45:00+00:00,87.18499755859375,87.37000274658203,87.05500030517578,87.06999969482422,189.0
2026-02-24 23:00:00+00:00,87.16500091552734,87.16500091552734,86.57499694824219,86.8499984741211,272.0
2026-02-24 23:15:00+00:00,86.87000274658203,86.90499877929688,86.62999725341797,86.62999725341797,139.0
2026-02-24 23:30:00+00:00,86.70500183105469,87.32499694824219,86.50499725341797,87.32499694824219,157.0
2026-02-24 23:45:00+00:00,87.30500030517578,87.4000015258789,87.19999694824219,87.19999694824219,150.0
2026-02-25 00:00:00+00:00,87.18000030517578,87.25499725341797,86.73500061035156,86.93499755859375,96.0
2026-02-25 00:15:00+00:00,86.9000015258789,87.16999816894531,86.8949966430664,86.93000030517578,146.0
2026-02-25 00:30:00+00:00,86.94499969482422,87.26000213623047,86.83000183105469,87.13500213623047,217.0
2026-02-25 00:45:00+00:00,87.125,87.44000244140625,87.01000213623047,87.375,74.0
2026-02-25 01:00:00+00:00,87.3949966430664,88.1500015258789,87.31999969482422,87.98999786376953,591.0
2026-02-25 01:15:00+00:00,87.97000122070312,88.56999969482422,87.91500091552734,88.52999877929688,406.0
2026-02-25 01:30:00+00:00,88.52999877929688,88.75,88.19999694824219,88.26499938964844,330.0
2026-02-25 01:45:00+00:00,88.30500030517578,88.5,88.28500366210938,88.30999755859375,128.0
2026-02-25 02:00:00+00:00,88.31999969482422,88.73999786376953,88.31999969482422,88.71499633789062,173.0
2026-02-25 02:15:00+00:00,88.75,89.13999938964844,88.75,89.13999938964844,273.0
2026-02-25 02:30:00+00:00,89.15499877929688,89.62000274658203,89.08499908447266,89.62000274658203,435.0
2026-02-25 02:45:00+00:00,89.625,89.70999908447266,89.0999984741211,89.41000366210938,297.0
2026-02-25 03:00:00+00:00,89.44499969482422,89.8499984741211,89.38999938964844,89.80000305175781,287.0
2026-02-25 03:15:00+00:00,89.76000213623047,89.76000213623047,89.30500030517578,89.52999877929688,223.0
2026-02-25 03:30:00+00:00,89.56500244140625,89.5999984741211,88.75,89.19999694824219,310.0
2026-02-25 03:45:00+00:00,89.18499755859375,89.61000061035156,89.13999938964844,89.54499816894531,168.0
2026-02-25 04:00:00+00:00,89.5199966430664,89.5199966430664,89.13500213623047,89.44000244140625,201.0
2026-02-25 04:15:00+00:00,89.41500091552734,89.54499816894531,89.30000305175781,89.51000213623047,68.0
2026-02-25 04:30:00+00:00,89.48500061035156,89.48500061035156,89.3949966430664,89.41999816894531,59.0
2026-02-25 04:45:00+00:00,89.54499816894531,89.54499816894531,89.29499816894531,89.42500305175781,43.0
2026-02-25 05:00:00+00:00,89.41000366210938,89.80000305175781,89.41000366210938,89.50499725341797,111.0
2026-02-25 05:15:00+00:00,89.61000061035156,89.73500061035156,89.55999755859375,89.73500061035156,72.0
2026-02-25 05:30:00+00:00,89.76000213623047,90.91999816894531,89.76000213623047,90.81999969482422,366.0
2026-02-25 05:45:00+00:00,90.75499725341797,91.18000030517578,90.72000122070312,90.72000122070312,534.0
2026-02-25 06:00:00+00:00,90.70999908447266,90.72000122070312,90.01000213623047,90.44000244140625,343.0
2026-02-25 06:15:00+00:00,90.44000244140625,90.70999908447266,90.19000244140625,90.2249984741211,131.0
2026-02-25 06:30:00+00:00,90.16999816894531,90.56999969482422,90.16999816894531,90.375,100.0
2026-02-25 06:45:00+00:00,90.28500366210938,90.52999877929688,90.11499786376953,90.48500061035156,287.0
2026-02-25 07:00:00+00:00,90.45999908447266,90.4749984741211,90.34500122070312,90.41000366210938,260.0
2026-02-25 07:15:00+00:00,90.43499755859375,90.5,90.24500274658203,90.5,86.0
2026-02-25 07:30:00+00:00,90.52999877929688,90.52999877929688,90.29000091552734,90.30000305175781,85.0
2026-02-25 07:45:00+00:00,90.27999877929688,90.38999938964844,90.22000122070312,90.33000183105469,306.0
2026-02-25 08:00:00+00:00,90.25499725341797,90.5250015258789,90.25,90.51000213623047,260.0
2026-02-25 08:15:00+00:00,90.48500061035156,90.8949966430664,90.48500061035156,90.81999969482422,294.0
2026-02-25 08:30:00+00:00,90.82499694824219,91.6500015258789,90.74500274658203,91.61000061035156,7641.0
2026-02-25 08:45:00+00:00,91.6050033569336,91.6449966430664,91.46499633789062,91.51000213623047,311.0
2026-02-25 09:00:00+00:00,91.44499969482422,91.44499969482422,90.9749984741211,91.30999755859375,602.0
2026-02-25 09:15:00+00:00,91.22000122070312,91.5199966430664,91.19000244140625,91.44999694824219,768.0
2026-02-25 09:30:00+00:00,91.4800033569336,91.56999969482422,91.25,91.28500366210938,742.0
2026-02-25 09:45:00+00:00,91.33000183105469,91.42500305175781,91.17500305175781,91.30500030517578,384.0
2026-02-25 10:00:00+00:00,91.3550033569336,91.47000122070312,91.30500030517578,91.3499984741211,689.0
2026-02-25 10:15:00+00:00,91.36499786376953,91.37000274658203,90.9000015258789,91.08000183105469,594.0
2026-02-25 10:30:00+00:00,91.08000183105469,91.29499816894531,91.05999755859375,91.09500122070312,398.0
2026-02-25 10:45:00+00:00,91.1050033569336,91.15499877929688,90.96499633789062,91.08499908447266,432.0
2026-02-25 11:00:00+00:00,91.05500030517578,91.05500030517578,90.29000091552734,90.375,708.0
2026-02-25 11:15:00+00:00,90.41999816894531,90.70500183105469,90.04000091552734,90.68000030517578,1339.0
2026-02-25 11:30:00+00:00,90.69499969482422,90.88500213623047,90.63500213623047,90.81999969482422,373.0
2026-02-25 11:45:00+00:00,90.83499908447266,91.04000091552734,90.52999877929688,91.04000091552734,557.0
2026-02-25 12:00:00+00:00,91.05500030517578,91.25,90.92500305175781,90.95999908447266,910.0
2026-02-25 12:15:00+00:00,90.96499633789062,91.06500244140625,90.84500122070312,90.84500122070312,796.0
2026-02-25 12:30:00+00:00,90.83999633789062,91.08499908447266,90.6500015258789,91.04000091552734,750.0
2026-02-25 12:45:00+00:00,91.02999877929688,91.19999694824219,90.90499877929688,91.08999633789062,365.0
2026-02-25 13:00:00+00:00,91.1500015258789,91.54499816894531,91.11499786376953,91.31999969482422,1229.0
2026-02-25 13:15:00+00:00,91.32499694824219,91.56500244140625,91.26000213623047,91.31999969482422,1404.0
2026-02-25 13:30:00+00:00,91.31500244140625,91.5199966430664,90.96499633789062,91.0250015258789,1390.0
2026-02-25 13:45:00+00:00,91.04000091552734,91.2300033569336,90.80000305175781,91.12000274658203,943.0
2026-02-25 14:00:00+00:00,91.09500122070312,91.42500305175781,90.8550033569336,91.31500244140625,1430.0
2026-02-25 14:15:00+00:00,91.33999633789062,91.42500305175781,90.95500183105469,90.95500183105469,899.0
2026-02-25 14:30:00+00:00,90.95999908447266,91.36499786376953,89.93499755859375,90.72000122070312,5838.0
2026-02-25 14:45:00+00:00,90.72000122070312,91.31500244140625,90.55000305175781,91.16999816894531,2505.0
2026-02-25 15:00:00+00:00,91.17500305175781,91.37000274658203,90.6050033569336,90.93000030517578,1936.0
2026-02-25 15:15:00+00:00,90.91999816894531,91.13500213623047,90.38999938964844,90.70999908447266,1654.0
2026-02-25 15:30:00+00:00,90.71499633789062,91.02999877929688,90.4000015258789,90.80999755859375,1404.0
2026-02-25 15:45:00+00:00,90.80000305175781,91.25499725341797,90.7249984741211,91.25,1132.0
2026-02-25 16:00:00+00:00,91.2300033569336,91.25499725341797,90.93499755859375,91.0250015258789,978.0
2026-02-25 16:15:00+00:00,91.05999755859375,91.43000030517578,90.93000030517578,91.23999786376953,1137.0
2026-02-25 16:30:00+00:00,91.2300033569336,91.42500305175781,91.01499938964844,91.33499908447266,1058.0
2026-02-25 16:45:00+00:00,91.33499908447266,91.5999984741211,91.33499908447266,91.43499755859375,804.0
2026-02-25 17:00:00+00:00,91.44999694824219,91.54000091552734,91.25,91.40499877929688,728.0
2026-02-25 17:15:00+00:00,91.43000030517578,91.52999877929688,91.19499969482422,91.4000015258789,698.0
2026-02-25 17:30:00+00:00,91.43000030517578,91.48999786376953,91.25,91.36000061035156,886.0
2026-02-25 17:45:00+00:00,91.36499786376953,91.74500274658203,91.28500366210938,91.66000366210938,1316.0
2026-02-25 18:00:00+00:00,91.6500015258789,91.6500015258789,91.6500015258789,91.6500015258789,1.0
2026-02-25 19:45:00+00:00,91.6500015258789,91.98500061035156,91.31999969482422,91.7699966430664,1698.0
2026-02-25 20:00:00+00:00,91.79000091552734,91.86499786376953,91.4800033569336,91.58999633789062,804.0
2026-02-25 20:15:00+00:00,91.56999969482422,91.61000061035156,90.47000122070312,90.47000122070312,1386.0
2026-02-25 20:30:00+00:00,90.44999694824219,90.62999725341797,90.0199966430664,90.25,1584.0
2026-02-25 20:45:00+00:00,90.2249984741211,90.2249984741211,88.83499908447266,89.02999877929688,2472.0
2026-02-25 21:00:00+00:00,89.01000213623047,89.80500030517578,88.95999908447266,89.53500366210938,1189.0
2026-02-25 21:15:00+00:00,89.5,89.9000015258789,89.42500305175781,89.83000183105469,517.0
2026-02-25 21:30:00+00:00,89.80000305175781,90.29499816894531,89.75499725341797,90.26499938964844,446.0
2026-02-25 21:45:00+00:00,90.26499938964844,90.26499938964844,89.73999786376953,89.86000061035156,455.0
2026-02-25 23:00:00+00:00,89.55999755859375,90.25499725341797,89.55000305175781,89.66500091552734,178.0
2026-02-25 23:15:00+00:00,89.69499969482422,90.0250015258789,89.55000305175781,89.80999755859375,265.0
2026-02-25 23:30:00+00:00,89.77999877929688,89.81500244140625,89.37000274658203,89.67500305175781,268.0
2026-02-25 23:45:00+00:00,89.7300033569336,89.80000305175781,87.80000305175781,88.19000244140625,1513.0
2026-02-26 00:00:00+00:00,88.19000244140625,88.98999786376953,88.1050033569336,88.77999877929688,865.0
2026-02-26 00:15:00+00:00,88.80999755859375,89.56999969482422,88.70999908447266,89.55000305175781,718.0
2026-02-26 00:30:00+00:00,89.56999969482422,89.90499877929688,89.25499725341797,89.66999816894531,663.0
2026-02-26 00:45:00+00:00,89.68000030517578,90.1500015258789,89.58999633789062,89.93000030517578,380.0
2026-02-26 01:00:00+00:00,89.98500061035156,90.98999786376953,89.88999938964844,90.5,1429.0
2026-02-26 01:15:00+00:00,90.5,90.83000183105469,90.19999694824219,90.3499984741211,469.0
2026-02-26 01:30:00+00:00,90.27999877929688,90.66000366210938,90.15499877929688,90.43499755859375,445.0
2026-02-26 01:45:00+00:00,90.44000244140625,90.56999969482422,89.75,90.20999908447266,428.0
2026-02-26 02:00:00+00:00,90.21499633789062,90.40499877929688,89.74500274658203,89.75499725341797,413.0
2026-02-26 02:15:00+00:00,89.75499725341797,90.0999984741211,89.44999694824219,89.45999908447266,213.0
2026-02-26 02:30:00+00:00,89.48999786376953,89.55500030517578,88.42500305175781,88.7300033569336,832.0
2026-02-26 02:45:00+00:00,88.76000213623047,89.54499816894531,88.76000213623047,89.38999938964844,363.0
2026-02-26 03:00:00+00:00,89.45500183105469,89.71499633789062,89.29499816894531,89.63500213623047,255.0
2026-02-26 03:15:00+00:00,89.67500305175781,89.74500274658203,89.20999908447266,89.51000213623047,245.0
2026-02-26 03:30:00+00:00,89.54499816894531,89.81999969482422,89.54499816894531,89.68000030517578,160.0
2026-02-26 03:45:00+00:00,89.63500213623047,89.88999938964844,89.43499755859375,89.88500213623047,123.0
2026-02-26 04:00:00+00:00,89.86000061035156,90.29000091552734,89.86000061035156,90.09500122070312,283.0
2026-02-26 04:15:00+00:00,90.08499908447266,90.19499969482422,89.87999725341797,90.08499908447266,142.0
2026-02-26 04:30:00+00:00,90.06999969482422,90.08000183105469,89.82499694824219,89.91000366210938,72.0
2026-02-26 04:45:00+00:00,89.91000366210938,89.95999908447266,89.70999908447266,89.7699966430664,112.0
2026-02-26 05:00:00+00:00,89.87000274658203,90.4800033569336,89.78500366210938,90.44000244140625,301.0
2026-02-26 05:15:00+00:00,90.41500091552734,90.55500030517578,90.25499725341797,90.33499908447266,267.0
2026-02-26 05:30:00+00:00,90.32499694824219,90.47000122070312,89.98500061035156,90.15499877929688,320.0
2026-02-26 05:45:00+00:00,90.1449966430664,90.24500274658203,89.70500183105469,89.9800033569336,259.0
2026-02-26 06:00:00+00:00,89.9800033569336,90.19499969482422,89.8499984741211,90.16000366210938,172.0
2026-02-26 06:15:00+00:00,90.04499816894531,90.06500244140625,89.59500122070312,89.70500183105469,246.0
2026-02-26 06:30:00+00:00,89.7300033569336,90.02999877929688,89.7249984741211,89.98999786376953,251.0
2026-02-26 06:45:00+00:00,89.96499633789062,89.96499633789062,89.19000244140625,89.63999938964844,435.0
2026-02-26 07:00:00+00:00,89.72000122070312,89.82499694824219,88.72000122070312,89.0999984741211,763.0
2026-02-26 07:15:00+00:00,89.11499786376953,89.36499786376953,88.76000213623047,88.87999725341797,538.0
2026-02-26 07:30:00+00:00,88.875,89.20999908447266,88.65499877929688,88.91999816894531,554.0
2026-02-26 07:45:00+00:00,88.87999725341797,89.02999877929688,88.5999984741211,88.9749984741211,291.0
2026-02-26 08:00:00+00:00,88.99500274658203,89.06500244140625,88.375,88.5199966430664,823.0
2026-02-26 08:15:00+00:00,88.56999969482422,88.70500183105469,87.22000122070312,87.44000244140625,1361.0
2026-02-26 08:30:00+00:00,87.43000030517578,87.63999938964844,86.69999694824219,87.44999694824219,1957.0
2026-02-26 08:45:00+00:00,87.44499969482422,87.95999908447266,87.08999633789062,87.93499755859375,556.0
2026-02-26 09:00:00+00:00,87.9000015258789,88.19000244140625,87.6500015258789,88.19000244140625,350.0
2026-02-26 09:15:00+00:00,88.19000244140625,88.26499938964844,87.76000213623047,87.92500305175781,246.0
2026-02-26 09:30:00+00:00,87.90499877929688,88.08499908447266,87.86000061035156,87.9000015258789,118.0
2026-02-26 09:45:00+00:00,87.875,88.2300033569336,87.875,88.01499938964844,273.0
2026-02-26 10:00:00+00:00,87.98500061035156,88.18000030517578,87.88500213623047,87.92500305175781,131.0
2026-02-26 10:15:00+00:00,87.96499633789062,87.9749984741211,87.51499938964844,87.55500030517578,318.0
2026-02-26 10:30:00+00:00,87.5,87.91999816894531,87.47000122070312,87.53500366210938,363.0
2026-02-26 10:45:00+00:00,87.4800033569336,87.68000030517578,87.11499786376953,87.28500366210938,509.0
2026-02-26 11:00:00+00:00,87.26000213623047,87.99500274658203,87.26000213623047,87.875,380.0
2026-02-26 11:15:00+00:00,87.8550033569336,88.08999633789062,87.71499633789062,87.9800033569336,392.0
2026-02-26 11:30:00+00:00,87.9800033569336,88.12999725341797,87.8949966430664,87.94999694824219,278.0
2026-02-26 11:45:00+00:00,87.9749984741211,87.9749984741211,87.41999816894531,87.56500244140625,296.0
2026-02-26 12:00:00+00:00,87.59500122070312,87.80000305175781,86.30999755859375,86.87999725341797,1542.0
2026-02-26 12:15:00+00:00,86.80999755859375,87.2750015258789,86.5999984741211,87.24500274658203,544.0
2026-02-26 12:30:00+00:00,87.2750015258789,87.61499786376953,87.23999786376953,87.51499938964844,889.0
2026-02-26 12:45:00+00:00,87.52999877929688,87.72000122070312,87.21499633789062,87.66000366210938,442.0
2026-02-26 13:00:00+00:00,87.66000366210938,87.91999816894531,86.91999816894531,87.12000274658203,1240.0
2026-02-26 13:15:00+00:00,87.19000244140625,87.81500244140625,87.12000274658203,87.6050033569336,684.0
2026-02-26 13:30:00+00:00,87.66500091552734,87.87999725341797,87.41000366210938,87.5199966430664,869.0
2026-02-26 13:45:00+00:00,87.53500366210938,88.0,87.5199966430664,87.625,549.0
2026-02-26 14:00:00+00:00,87.63500213623047,87.63999938964844,87.01499938964844,87.36499786376953,952.0
2026-02-26 14:15:00+00:00,87.4000015258789,87.56999969482422,87.19000244140625,87.36000061035156,655.0
2026-02-26 14:30:00+00:00,87.3949966430664,87.48500061035156,86.12000274658203,87.31999969482422,3257.0
2026-02-26 14:45:00+00:00,87.32499694824219,87.41999816894531,86.80500030517578,87.08499908447266,966.0
2026-02-26 15:00:00+00:00,87.08999633789062,87.50499725341797,86.82499694824219,87.05000305175781,1195.0
2026-02-26 15:15:00+00:00,87.0,87.1050033569336,85.54499816894531,86.16500091552734,3131.0
2026-02-26 15:30:00+00:00,86.1500015258789,87.08499908447266,86.12999725341797,87.06999969482422,1290.0
2026-02-26 15:45:00+00:00,87.06999969482422,88.09500122070312,87.06999969482422,87.94999694824219,1676.0
2026-02-26 16:00:00+00:00,87.98500061035156,88.0250015258789,87.37999725341797,87.44000244140625,1048.0
2026-02-26 16:15:00+00:00,87.45500183105469,87.8550033569336,87.33000183105469,87.80000305175781,523.0
2026-02-26 16:30:00+00:00,87.78500366210938,87.78500366210938,87.45999908447266,87.47000122070312,349.0
2026-02-26 16:45:00+00:00,87.47000122070312,87.56500244140625,87.08999633789062,87.19999694824219,515.0
2026-02-26 17:00:00+00:00,87.21499633789062,87.8499984741211,87.1500015258789,87.38999938964844,483.0
2026-02-26 17:15:00+00:00,87.40499877929688,87.45999908447266,87.08000183105469,87.11499786376953,408.0
2026-02-26 17:30:00+00:00,87.13500213623047,87.56500244140625,87.0999984741211,87.25499725341797,472.0
2026-02-26 17:45:00+00:00,87.29000091552734,87.31500244140625,86.79499816894531,87.16500091552734,565.0
2026-02-26 18:00:00+00:00,87.18000030517578,87.30000305175781,86.83499908447266,87.19000244140625,535.0
2026-02-26 18:15:00+00:00,87.20999908447266,87.66000366210938,87.11000061035156,87.51499938964844,1614.0
2026-02-26 18:30:00+00:00,87.48500061035156,88.0250015258789,87.23500061035156,87.94499969482422,929.0
2026-02-26 18:45:00+00:00,87.94999694824219,88.08999633789062,87.83999633789062,87.94499969482422,364.0
2026-02-26 19:00:00+00:00,87.91500091552734,88.3949966430664,87.91000366210938,88.30999755859375,794.0
2026-02-26 19:15:00+00:00,88.33499908447266,88.52999877929688,88.25,88.44499969482422,464.0
2026-02-26 19:30:00+00:00,88.48500061035156,88.66500091552734,88.37999725341797,88.56999969482422,375.0
2026-02-26 19:45:00+00:00,88.6050033569336,88.95999908447266,88.6050033569336,88.81999969482422,362.0
2026-02-26 20:00:00+00:00,88.80999755859375,89.36000061035156,88.78500366210938,89.31999969482422,524.0
2026-02-26 20:15:00+00:00,89.33000183105469,89.51000213623047,89.18000030517578,89.23999786376953,481.0
2026-02-26 20:30:00+00:00,89.26000213623047,89.42500305175781,89.0250015258789,89.38500213623047,411.0
2026-02-26 20:45:00+00:00,89.4000015258789,89.44499969482422,89.1050033569336,89.4000015258789,647.0
2026-02-26 21:00:00+00:00,89.41000366210938,89.50499725341797,89.4000015258789,89.45999908447266,220.0
2026-02-26 21:15:00+00:00,89.43000030517578,89.44000244140625,89.12000274658203,89.16000366210938,207.0
2026-02-26 21:30:00+00:00,89.13500213623047,89.13500213623047,88.95500183105469,89.11499786376953,183.0
2026-02-26 21:45:00+00:00,89.08499908447266,89.08499908447266,88.7750015258789,88.86499786376953,150.0
2026-02-26 23:00:00+00:00,89.07499694824219,89.17500305175781,88.49500274658203,88.62000274658203,82.0
2026-02-26 23:15:00+00:00,88.625,88.70500183105469,88.5,88.5999984741211,64.0
2026-02-26 23:30:00+00:00,88.58499908447266,88.81500244140625,88.51000213623047,88.68000030517578,140.0
2026-02-26 23:45:00+00:00,88.69000244140625,88.79499816894531,88.58000183105469,88.75499725341797,96.0
2026-02-27 00:00:00+00:00,88.7750015258789,89.19000244140625,88.62000274658203,89.16999816894531,223.0
2026-02-27 00:15:00+00:00,89.0999984741211,89.47000122070312,89.0999984741211,89.18000030517578,335.0
2026-02-27 00:30:00+00:00,89.19499969482422,89.29499816894531,88.69000244140625,88.86499786376953,486.0
2026-02-27 00:45:00+00:00,88.8499984741211,89.25,88.66999816894531,88.94999694824219,431.0
2026-02-27 01:00:00+00:00,88.9749984741211,89.19000244140625,88.30500030517578,88.61499786376953,691.0
2026-02-27 01:15:00+00:00,88.6050033569336,89.05000305175781,88.6050033569336,88.68000030517578,211.0
2026-02-27 01:30:00+00:00,88.66000366210938,89.41999816894531,88.5,89.29000091552734,462.0
2026-02-27 01:45:00+00:00,89.29499816894531,90.04499816894531,89.23500061035156,90.0199966430664,504.0
2026-02-27 02:00:00+00:00,90.05500030517578,90.61499786376953,89.9800033569336,90.5999984741211,659.0
2026-02-27 02:15:00+00:00,90.54000091552734,90.56500244140625,90.19000244140625,90.25499725341797,299.0
2026-02-27 02:30:00+00:00,90.2699966430664,90.38500213623047,89.79499816894531,90.13500213623047,450.0
2026-02-27 02:45:00+00:00,90.19000244140625,90.41000366210938,89.86000061035156,90.41000366210938,276.0
2026-02-27 03:00:00+00:00,90.41500091552734,90.45999908447266,90.28500366210938,90.33000183105469,138.0
2026-02-27 03:15:00+00:00,90.36000061035156,90.53500366210938,90.03500366210938,90.11000061035156,319.0
2026-02-27 03:30:00+00:00,90.1500015258789,90.44499969482422,90.06999969482422,90.33499908447266,213.0
2026-02-27 03:45:00+00:00,90.34500122070312,90.44999694824219,89.9000015258789,89.94999694824219,314.0
2026-02-27 04:00:00+00:00,89.94499969482422,90.25499725341797,89.88999938964844,90.2249984741211,97.0
2026-02-27 04:15:00+00:00,90.19499969482422,90.30500030517578,90.0199966430664,90.27999877929688,109.0
2026-02-27 04:30:00+00:00,90.25,90.4000015258789,90.20500183105469,90.28500366210938,37.0
2026-02-27 04:45:00+00:00,90.29499816894531,90.29499816894531,90.12999725341797,90.13500213623047,72.0
2026-02-27 05:00:00+00:00,90.1050033569336,90.29499816894531,90.05999755859375,90.2750015258789,102.0
2026-02-27 05:15:00+00:00,90.25499725341797,90.54000091552734,90.25499725341797,90.42500305175781,125.0
2026-02-27 05:30:00+00:00,90.41999816894531,90.59500122070312,90.30000305175781,90.36000061035156,268.0
2026-02-27 05:45:00+00:00,90.3949966430664,90.7300033569336,90.30999755859375,90.63999938964844,236.0
2026-02-27 06:00:00+00:00,90.6500015258789,91.1500015258789,90.61000061035156,91.05000305175781,393.0
2026-02-27 06:15:00+00:00,91.05000305175781,91.16500091552734,90.79000091552734,90.90499877929688,317.0
2026-02-27 06:30:00+00:00,90.94499969482422,91.04000091552734,90.56500244140625,90.76000213623047,387.0
2026-02-27 06:45:00+00:00,90.80000305175781,91.0250015258789,90.69000244140625,90.76000213623047,321.0
2026-02-27 07:00:00+00:00,90.7750015258789,90.88999938964844,90.66999816894531,90.80000305175781,222.0
2026-02-27 07:15:00+00:00,90.80000305175781,90.86499786376953,90.44999694824219,90.50499725341797,306.0
2026-02-27 07:30:00+00:00,90.5199966430664,90.6449966430664,90.3949966430664,90.5199966430664,225.0
2026-02-27 07:45:00+00:00,90.52999877929688,90.80999755859375,90.47000122070312,90.73999786376953,403.0
2026-02-27 08:00:00+00:00,90.7699966430664,90.93000030517578,90.5,90.51499938964844,226.0
2026-02-27 08:15:00+00:00,90.54000091552734,90.59500122070312,90.13500213623047,90.18000030517578,304.0
2026-02-27 08:30:00+00:00,90.13500213623047,90.51499938964844,90.0999984741211,90.44000244140625,177.0
2026-02-27 08:45:00+00:00,90.41999816894531,90.47000122070312,90.125,90.15499877929688,212.0
2026-02-27 09:00:00+00:00,90.16000366210938,90.37000274658203,90.0199966430664,90.2699966430664,235.0
2026-02-27 09:15:00+00:00,90.31500244140625,90.55999755859375,90.23500061035156,90.375,416.0
2026-02-27 09:30:00+00:00,90.30500030517578,90.56999969482422,90.26000213623047,90.56999969482422,131.0
2026-02-27 09:45:00+00:00,90.57499694824219,90.61499786376953,90.2300033569336,90.25,158.0
2026-02-27 10:00:00+00:00,90.25,90.31500244140625,89.63999938964844,89.94999694824219,456.0
2026-02-27 10:15:00+00:00,89.93499755859375,90.375,89.88500213623047,90.21499633789062,394.0
2026-02-27 10:30:00+00:00,90.19999694824219,90.28500366210938,89.95999908447266,90.06999969482422,132.0
2026-02-27 10:45:00+00:00,90.06999969482422,90.31500244140625,89.98500061035156,90.27999877929688,63.0
2026-02-27 11:00:00+00:00,90.30000305175781,90.55000305175781,90.25499725341797,90.37000274658203,178.0
2026-02-27 11:15:00+00:00,90.375,90.375,90.19999694824219,90.30000305175781,116.0
2026-02-27 11:30:00+00:00,90.33999633789062,90.45999908447266,90.19000244140625,90.25,109.0
2026-02-27 11:45:00+00:00,90.24500274658203,90.6449966430664,90.24500274658203,90.56999969482422,267.0
2026-02-27 12:00:00+00:00,90.56500244140625,90.71499633789062,90.1050033569336,90.19000244140625,623.0
2026-02-27 12:15:00+00:00,90.23999786376953,90.5,90.21499633789062,90.30999755859375,145.0
2026-02-27 12:30:00+00:00,90.3550033569336,90.42500305175781,90.1500015258789,90.17500305175781,156.0
2026-02-27 12:45:00+00:00,90.1449966430664,90.41999816894531,90.0250015258789,90.36499786376953,226.0
2026-02-27 13:00:00+00:00,90.34500122070312,91.20999908447266,90.27999877929688,91.0999984741211,1496.0
2026-02-27 13:15:00+00:00,91.0999984741211,93.33499908447266,91.07499694824219,93.04499816894531,3608.0
2026-02-27 13:30:00+00:00,93.05500030517578,93.09500122070312,92.01499938964844,92.47000122070312,1814.0
2026-02-27 13:45:00+00:00,92.50499725341797,92.84500122070312,92.2249984741211,92.76499938964844,886.0
2026-02-27 14:00:00+00:00,92.73500061035156,92.92500305175781,92.43000030517578,92.66000366210938,754.0
2026-02-27 14:15:00+00:00,92.62999725341797,92.91000366210938,92.19999694824219,92.51499938964844,1004.0
2026-02-27 14:30:00+00:00,92.48999786376953,92.5,91.5,91.94999694824219,2043.0
2026-02-27 14:45:00+00:00,91.93499755859375,92.61000061035156,91.54000091552734,92.23999786376953,1214.0
2026-02-27 15:00:00+00:00,92.18499755859375,93.1050033569336,92.13999938964844,92.95500183105469,1261.0
2026-02-27 15:15:00+00:00,92.9749984741211,93.12000274658203,92.51000213623047,92.79000091552734,1201.0
2026-02-27 15:30:00+00:00,92.80000305175781,93.67500305175781,92.80000305175781,93.5199966430664,1962.0
2026-02-27 15:45:00+00:00,93.53500366210938,94.45500183105469,93.5199966430664,94.16000366210938,2157.0
2026-02-27 16:00:00+00:00,94.18499755859375,94.55000305175781,93.83999633789062,94.43000030517578,1331.0
2026-02-27 16:15:00+00:00,94.41000366210938,94.76000213623047,93.83000183105469,94.12000274658203,2359.0
2026-02-27 16:30:00+00:00,94.1050033569336,94.3550033569336,93.68499755859375,94.12999725341797,943.0
2026-02-27 16:45:00+00:00,94.11499786376953,94.38500213623047,93.80500030517578,93.82499694824219,599.0
2026-02-27 17:00:00+00:00,93.84500122070312,94.26499938964844,93.58000183105469,94.07499694824219,928.0
2026-02-27 17:15:00+00:00,94.12000274658203,94.19499969482422,93.69000244140625,94.09500122070312,591.0
2026-02-27 17:30:00+00:00,94.06999969482422,94.41000366210938,93.77999877929688,94.375,1093.0
2026-02-27 17:45:00+00:00,94.4000015258789,94.5250015258789,94.11000061035156,94.25499725341797,690.0
2026-02-27 18:00:00+00:00,94.2699966430664,94.46499633789062,94.12000274658203,94.22000122070312,688.0
2026-02-27 18:15:00+00:00,94.16999816894531,94.2249984741211,92.91999816894531,93.46499633789062,3686.0
2026-02-27 18:30:00+00:00,93.44499969482422,93.63500213623047,93.1449966430664,93.63500213623047,663.0
2026-02-27 18:45:00+00:00,93.5999984741211,93.78500366210938,93.45999908447266,93.7750015258789,378.0
2026-02-27 19:00:00+00:00,93.7699966430664,94.12000274658203,93.69999694824219,93.94999694824219,582.0
2026-02-27 19:15:00+00:00,93.80999755859375,93.94000244140625,93.6050033569336,93.75,219.0
2026-02-27 19:30:00+00:00,93.72000122070312,93.9000015258789,93.5,93.52999877929688,198.0
2026-02-27 19:45:00+00:00,93.58000183105469,93.83499908447266,93.41000366210938,93.80500030517578,206.0
2026-02-27 20:00:00+00:00,93.80999755859375,93.875,93.6449966430664,93.86000061035156,168.0
2026-02-27 20:15:00+00:00,93.88500213623047,94.30999755859375,93.88500213623047,94.09500122070312,438.0
2026-02-27 20:30:00+00:00,94.05000305175781,94.31500244140625,93.91999816894531,94.21499633789062,251.0
2026-02-27 20:45:00+00:00,94.19000244140625,94.4800033569336,94.18499755859375,94.41500091552734,498.0
2026-02-27 21:00:00+00:00,94.41000366210938,94.41000366210938,94.23500061035156,94.25,182.0
2026-02-27 21:15:00+00:00,94.2699966430664,94.44499969482422,94.19499969482422,94.38999938964844,498.0
2026-02-27 21:30:00+00:00,94.38500213623047,94.5,94.29000091552734,94.38999938964844,195.0
2026-02-27 21:45:00+00:00,94.38500213623047,94.43000030517578,94.25499725341797,94.3499984741211,254.0
2026-03-01 23:00:00+00:00,95.68499755859375,95.80000305175781,95.0,95.41000366210938,428.0
2026-03-01 23:15:00+00:00,95.3499984741211,96.08000183105469,95.33499908447266,95.7249984741211,1012.0
2026-03-01 23:30:00+00:00,95.80500030517578,96.82499694824219,95.53500366210938,96.53500366210938,774.0
2026-03-01 23:45:00+00:00,96.55999755859375,96.58000183105469,96.01499938964844,96.18000030517578,554.0
2026-03-02 00:00:00+00:00,96.1500015258789,96.21499633789062,95.32499694824219,95.95999908447266,647.0
2026-03-02 00:15:00+00:00,95.92500305175781,95.92500305175781,94.87999725341797,95.2249984741211,681.0
2026-03-02 00:30:00+00:00,95.2750015258789,95.7300033569336,95.05000305175781,95.30000305175781,331.0
2026-03-02 00:45:00+00:00,95.20500183105469,95.46499633789062,94.51499938964844,94.62999725341797,574.0
2026-03-02 01:00:00+00:00,94.57499694824219,95.11499786376953,93.30500030517578,94.78500366210938,2571.0
2026-03-02 01:15:00+00:00,94.7300033569336,94.96499633789062,92.67500305175781,93.08999633789062,1294.0
2026-03-02 01:30:00+00:00,93.1050033569336,93.95999908447266,92.44499969482422,93.62000274658203,983.0
2026-03-02 01:45:00+00:00,93.61499786376953,93.79000091552734,92.30999755859375,92.63999938964844,969.0
2026-03-02 02:00:00+00:00,92.5999984741211,93.41999816894531,92.58499908447266,93.41000366210938,573.0
2026-03-02 02:15:00+00:00,93.44499969482422,94.20999908447266,93.4000015258789,93.83000183105469,591.0
2026-03-02 02:30:00+00:00,93.83499908447266,94.58999633789062,93.47000122070312,94.47000122070312,671.0
2026-03-02 02:45:00+00:00,94.46499633789062,94.46499633789062,94.05000305175781,94.36499786376953,213.0
2026-03-02 03:00:00+00:00,94.3499984741211,94.7699966430664,94.3499984741211,94.66999816894531,309.0
2026-03-02 03:15:00+00:00,94.62999725341797,94.74500274658203,94.13999938964844,94.44000244140625,270.0
2026-03-02 03:30:00+00:00,94.44499969482422,94.94000244140625,94.44000244140625,94.62000274658203,267.0
2026-03-02 03:45:00+00:00,94.68000030517578,94.98500061035156,94.61499786376953,94.7300033569336,164.0
2026-03-02 04:00:00+00:00,94.76499938964844,94.81999969482422,94.30000305175781,94.41999816894531,227.0
2026-03-02 04:15:00+00:00,94.4000015258789,94.69000244140625,94.16999816894531,94.26499938964844,152.0
2026-03-02 04:30:00+00:00,94.36000061035156,94.44999694824219,93.59500122070312,93.875,317.0
2026-03-02 04:45:00+00:00,93.88500213623047,94.2249984741211,93.77999877929688,94.08000183105469,86.0
2026-03-02 05:00:00+00:00,94.07499694824219,94.13999938964844,93.80500030517578,93.9800033569336,175.0
2026-03-02 05:15:00+00:00,93.8499984741211,94.05500030517578,93.77999877929688,93.98500061035156,130.0
2026-03-02 05:30:00+00:00,93.99500274658203,94.625,93.91999816894531,94.59500122070312,243.0
2026-03-02 05:45:00+00:00,94.58000183105469,94.7699966430664,94.30500030517578,94.45500183105469,206.0
2026-03-02 06:00:00+00:00,94.43499755859375,95.30500030517578,94.3949966430664,95.05000305175781,470.0
2026-03-02 06:15:00+00:00,95.06500244140625,95.55000305175781,95.05500030517578,95.4800033569336,433.0
2026-03-02 06:30:00+00:00,95.40499877929688,95.5250015258789,95.06500244140625,95.06500244140625,255.0
2026-03-02 06:45:00+00:00,95.11000061035156,95.69999694824219,95.11000061035156,95.33999633789062,375.0
2026-03-02 07:00:00+00:00,95.23999786376953,96.08000183105469,95.19999694824219,95.8949966430664,493.0
2026-03-02 07:15:00+00:00,95.91500091552734,96.31500244140625,95.8550033569336,95.92500305175781,523.0
2026-03-02 07:30:00+00:00,95.8949966430664,96.38500213623047,95.8949966430664,96.31500244140625,333.0
2026-03-02 07:45:00+00:00,96.30000305175781,96.48999786376953,96.08999633789062,96.48999786376953,379.0
2026-03-02 08:00:00+00:00,96.41500091552734,96.55000305175781,95.8550033569336,96.04499816894531,612.0
2026-03-02 08:15:00+00:00,96.0250015258789,96.18499755859375,95.72000122070312,96.16500091552734,435.0
2026-03-02 08:30:00+00:00,96.16999816894531,96.21499633789062,95.73500061035156,95.94000244140625,293.0
2026-03-02 08:45:00+00:00,95.94499969482422,96.16000366210938,95.76499938964844,95.77999877929688,120.0
2026-03-02 09:00:00+00:00,95.83499908447266,95.84500122070312,95.41000366210938,95.4800033569336,323.0
2026-03-02 09:15:00+00:00,95.51499938964844,95.77999877929688,95.38500213623047,95.75,211.0
2026-03-02 09:30:00+00:00,95.78500366210938,96.1449966430664,95.68000030517578,95.78500366210938,271.0
2026-03-02 09:45:00+00:00,95.72000122070312,95.8499984741211,95.42500305175781,95.73500061035156,211.0
2026-03-02 10:00:00+00:00,95.71499633789062,95.91500091552734,95.44000244140625,95.56999969482422,285.0
2026-03-02 10:15:00+00:00,95.55500030517578,95.75,95.45999908447266,95.70500183105469,243.0
2026-03-02 10:30:00+00:00,95.73999786376953,96.00499725341797,95.625,95.97000122070312,236.0
2026-03-02 10:45:00+00:00,95.95999908447266,95.96499633789062,95.4800033569336,95.6050033569336,199.0
2026-03-02 11:00:00+00:00,95.6449966430664,95.74500274658203,95.09500122070312,95.31999969482422,335.0
2026-03-02 11:15:00+00:00,95.33000183105469,95.76000213623047,95.30999755859375,95.66999816894531,340.0
2026-03-02 11:30:00+00:00,95.69499969482422,95.77999877929688,95.20500183105469,95.25499725341797,164.0
2026-03-02 11:45:00+00:00,95.24500274658203,95.24500274658203,94.66500091552734,94.97000122070312,638.0
2026-03-02 12:00:00+00:00,94.98500061035156,95.51000213623047,94.61000061035156,95.375,854.0
2026-03-02 12:15:00+00:00,95.37999725341797,95.50499725341797,95.01499938964844,95.47000122070312,311.0
2026-03-02 12:30:00+00:00,95.49500274658203,95.62999725341797,95.12000274658203,95.51000213623047,415.0
2026-03-02 12:45:00+00:00,95.54499816894531,95.65499877929688,95.32499694824219,95.44499969482422,339.0
2026-03-02 13:00:00+00:00,95.40499877929688,95.5,94.37000274658203,94.5,892.0
2026-03-02 13:15:00+00:00,94.48999786376953,95.15499877929688,94.15499877929688,94.51000213623047,997.0
2026-03-02 13:30:00+00:00,94.57499694824219,94.77999877929688,93.47000122070312,93.52999877929688,1251.0
2026-03-02 13:45:00+00:00,93.5199966430664,94.26000213623047,93.33999633789062,94.21499633789062,1501.0
2026-03-02 14:00:00+00:00,94.20500183105469,94.22000122070312,92.80000305175781,93.1449966430664,1476.0
2026-03-02 14:15:00+00:00,93.16000366210938,93.19499969482422,88.61000061035156,89.95999908447266,7688.0
2026-03-02 14:30:00+00:00,89.9749984741211,90.68499755859375,88.63999938964844,90.31500244140625,4666.0
2026-03-02 14:45:00+00:00,90.36000061035156,90.4800033569336,89.6500015258789,90.26499938964844,2005.0
2026-03-02 15:00:00+00:00,90.3550033569336,91.0,89.5999984741211,90.83000183105469,1918.0
2026-03-02 15:15:00+00:00,90.86499786376953,90.96499633789062,89.95999908447266,90.44999694824219,1421.0
2026-03-02 15:30:00+00:00,90.43499755859375,91.19499969482422,90.43000030517578,90.93000030517578,1112.0
2026-03-02 15:45:00+00:00,90.94499969482422,90.99500274658203,88.5999984741211,88.93499755859375,2332.0
2026-03-02 16:00:00+00:00,88.92500305175781,88.92500305175781,86.7249984741211,88.37999725341797,4989.0
2026-03-02 16:15:00+00:00,88.33999633789062,88.47000122070312,87.61499786376953,88.01000213623047,1566.0
2026-03-02 16:30:00+00:00,87.98999786376953,88.48999786376953,87.26000213623047,87.87000274658203,1598.0
2026-03-02 16:45:00+00:00,87.9000015258789,88.08999633789062,87.26499938964844,87.26499938964844,1397.0
2026-03-02 17:00:00+00:00,87.30000305175781,87.94000244140625,87.125,87.45999908447266,949.0
2026-03-02 17:15:00+00:00,87.45999908447266,88.19000244140625,87.22000122070312,87.72000122070312,725.0
2026-03-02 17:30:00+00:00,87.73999786376953,88.48500061035156,87.66500091552734,88.01499938964844,1002.0
2026-03-02 17:45:00+00:00,88.01499938964844,88.30999755859375,87.45999908447266,88.16999816894531,783.0
2026-03-02 18:00:00+00:00,88.18499755859375,88.29000091552734,87.72000122070312,87.93499755859375,751.0
2026-03-02 18:15:00+00:00,87.93499755859375,88.99500274658203,87.9000015258789,88.95999908447266,2493.0
2026-03-02 18:30:00+00:00,88.94999694824219,89.01000213623047,88.2699966430664,88.75499725341797,555.0
2026-03-02 18:45:00+00:00,88.7300033569336,89.18499755859375,88.67500305175781,89.08499908447266,555.0
2026-03-02 19:00:00+00:00,89.05500030517578,89.66000366210938,89.01499938964844,89.48500061035156,604.0
2026-03-02 19:15:00+00:00,89.5,89.7699966430664,89.29499816894531,89.7699966430664,432.0
2026-03-02 19:30:00+00:00,89.75499725341797,90.00499725341797,89.5199966430664,89.5199966430664,408.0
2026-03-02 19:45:00+00:00,89.5199966430664,89.76499938964844,89.31999969482422,89.625,414.0
2026-03-02 20:00:00+00:00,89.63500213623047,90.07499694824219,89.49500274658203,89.94499969482422,511.0
2026-03-02 20:15:00+00:00,89.80000305175781,90.2249984741211,89.51000213623047,89.94000244140625,421.0
2026-03-02 20:30:00+00:00,89.94999694824219,91.08499908447266,89.86000061035156,91.01000213623047,1138.0
2026-03-02 20:45:00+00:00,91.01000213623047,91.01499938964844,90.19000244140625,90.29000091552734,897.0
2026-03-02 21:00:00+00:00,90.30500030517578,90.41999816894531,90.06999969482422,90.125,315.0
2026-03-02 21:15:00+00:00,90.1500015258789,90.24500274658203,89.93499755859375,89.98999786376953,108.0
2026-03-02 21:30:00+00:00,89.94499969482422,90.04499816894531,89.66000366210938,89.8550033569336,181.0
2026-03-02 21:45:00+00:00,89.80000305175781,89.83000183105469,89.57499694824219,89.61000061035156,92.0
2026-03-02 23:00:00+00:00,89.69000244140625,90.56999969482422,89.69000244140625,90.23500061035156,461.0
2026-03-02 23:15:00+00:00,90.29000091552734,90.51499938964844,89.73500061035156,90.02999877929688,318.0
2026-03-02 23:30:00+00:00,90.07499694824219,90.08999633789062,89.80000305175781,89.90499877929688,56.0
2026-03-02 23:45:00+00:00,89.8499984741211,90.30000305175781,89.80999755859375,90.30000305175781,282.0
2026-03-03 00:00:00+00:00,90.30500030517578,90.6449966430664,90.04000091552734,90.58499908447266,224.0
2026-03-03 00:15:00+00:00,90.58499908447266,90.94499969482422,90.5,90.86000061035156,245.0
2026-03-03 00:30:00+00:00,90.87000274658203,91.44000244140625,90.80500030517578,91.29000091552734,414.0
2026-03-03 00:45:00+00:00,91.31500244140625,91.6050033569336,90.8550033569336,90.86000061035156,379.0
2026-03-03 01:00:00+00:00,90.86000061035156,91.30000305175781,90.31999969482422,90.71499633789062,877.0
2026-03-03 01:15:00+00:00,90.71499633789062,91.48999786376953,90.5199966430664,91.38999938964844,457.0
2026-03-03 01:30:00+00:00,91.40499877929688,91.55000305175781,90.5999984741211,90.63500213623047,385.0
2026-03-03 01:45:00+00:00,90.63500213623047,90.76000213623047,88.68499755859375,88.94999694824219,1519.0
2026-03-03 02:00:00+00:00,88.93000030517578,89.6500015258789,88.46499633789062,89.28500366210938,882.0
2026-03-03 02:15:00+00:00,89.30500030517578,89.7300033569336,89.0250015258789,89.69000244140625,325.0
2026-03-03 02:30:00+00:00,89.68000030517578,90.1500015258789,89.4800033569336,90.08999633789062,427.0
2026-03-03 02:45:00+00:00,90.05999755859375,90.51499938964844,89.69000244140625,90.33499908447266,493.0
2026-03-03 03:00:00+00:00,90.3499984741211,90.54000091552734,89.92500305175781,90.05500030517578,362.0
2026-03-03 03:15:00+00:00,90.12999725341797,90.4749984741211,90.08000183105469,90.2249984741211,246.0
2026-03-03 03:30:00+00:00,90.18000030517578,90.50499725341797,90.12000274658203,90.44000244140625,113.0
2026-03-03 03:45:00+00:00,90.37999725341797,90.45999908447266,90.19999694824219,90.40499877929688,55.0
2026-03-03 04:00:00+00:00,90.42500305175781,90.42500305175781,90.11499786376953,90.25499725341797,106.0
2026-03-03 04:15:00+00:00,90.19999694824219,90.51499938964844,89.98500061035156,90.3550033569336,104.0
2026-03-03 04:30:00+00:00,90.30999755859375,90.43000030517578,90.0250015258789,90.05999755859375,93.0
2026-03-03 04:45:00+00:00,90.0199966430664,90.04499816894531,89.69999694824219,89.88500213623047,104.0
2026-03-03 05:00:00+00:00,89.83000183105469,90.32499694824219,89.69499969482422,89.95500183105469,109.0
2026-03-03 05:15:00+00:00,89.9800033569336,90.12999725341797,89.55000305175781,90.0250015258789,169.0
2026-03-03 05:30:00+00:00,90.04499816894531,90.05000305175781,89.0250015258789,89.30000305175781,625.0
2026-03-03 05:45:00+00:00,89.19999694824219,89.34500122070312,86.15499877929688,87.01499938964844,2680.0
2026-03-03 06:00:00+00:00,87.05500030517578,87.56999969482422,84.5999984741211,85.0,2862.0
2026-03-03 06:15:00+00:00,85.05999755859375,86.55500030517578,85.03500366210938,86.37999725341797,1553.0
2026-03-03 06:30:00+00:00,86.36499786376953,86.48999786376953,83.00499725341797,84.4000015258789,3875.0
2026-03-03 06:45:00+00:00,84.41999816894531,85.2750015258789,83.79499816894531,85.19999694824219,1343.0
2026-03-03 07:00:00+00:00,85.1500015258789,86.31999969482422,84.81999969482422,86.18000030517578,1513.0
2026-03-03 07:15:00+00:00,86.1449966430664,86.48500061035156,85.9749984741211,86.2699966430664,887.0
2026-03-03 07:30:00+00:00,86.28500366210938,86.94999694824219,86.05999755859375,86.92500305175781,1266.0
2026-03-03 07:45:00+00:00,86.90499877929688,87.55999755859375,86.83000183105469,87.28500366210938,1319.0
2026-03-03 08:00:00+00:00,87.2750015258789,87.86000061035156,86.91500091552734,86.99500274658203,903.0
2026-03-03 08:15:00+00:00,87.0250015258789,87.19999694824219,86.3499984741211,86.36000061035156,1001.0
2026-03-03 08:30:00+00:00,86.44000244140625,86.44000244140625,85.375,85.75,1062.0
2026-03-03 08:45:00+00:00,85.76000213623047,86.2300033569336,85.00499725341797,85.11000061035156,784.0
2026-03-03 09:00:00+00:00,85.16500091552734,85.61000061035156,84.66500091552734,85.1050033569336,989.0
2026-03-03 09:15:00+00:00,85.11000061035156,85.63500213623047,83.11499786376953,83.48500061035156,1838.0
2026-03-03 09:30:00+00:00,83.48999786376953,84.49500274658203,83.3949966430664,83.86499786376953,951.0
2026-03-03 09:45:00+00:00,83.8550033569336,84.69000244140625,83.7249984741211,84.47000122070312,617.0
2026-03-03 10:00:00+00:00,84.48500061035156,84.87999725341797,84.06500244140625,84.25,514.0
2026-03-03 10:15:00+00:00,84.24500274658203,84.25499725341797,83.55000305175781,84.0,626.0
2026-03-03 10:30:00+00:00,83.91999816894531,83.91999816894531,82.19999694824219,82.70999908447266,2014.0
2026-03-03 10:45:00+00:00,82.63999938964844,82.68000030517578,81.66000366210938,82.08999633789062,1862.0
2026-03-03 11:00:00+00:00,81.94499969482422,82.6449966430664,79.19999694824219,81.28500366210938,4071.0
2026-03-03 11:15:00+00:00,81.34500122070312,81.55000305175781,79.5199966430664,79.71499633789062,2026.0
2026-03-03 11:30:00+00:00,79.71499633789062,81.01499938964844,78.05999755859375,80.84500122070312,4224.0
2026-03-03 11:45:00+00:00,80.80999755859375,81.94999694824219,80.80999755859375,81.36000061035156,1899.0
2026-03-03 12:00:00+00:00,81.42500305175781,82.61000061035156,81.08000183105469,82.33000183105469,1674.0
2026-03-03 12:15:00+00:00,82.2750015258789,83.05999755859375,81.94999694824219,82.87999725341797,1262.0
2026-03-03 12:30:00+00:00,82.83000183105469,83.16999816894531,82.11499786376953,82.91999816894531,765.0
2026-03-03 12:45:00+00:00,82.875,83.66999816894531,82.66500091552734,83.45999908447266,702.0
2026-03-03 13:00:00+00:00,83.45500183105469,83.45500183105469,81.58999633789062,82.24500274658203,2378.0
2026-03-03 13:15:00+00:00,82.31999969482422,83.20500183105469,82.18000030517578,83.13500213623047,1110.0
2026-03-03 13:30:00+00:00,83.0199966430664,83.44999694824219,82.36000061035156,82.66000366210938,944.0
2026-03-03 13:45:00+00:00,82.55000305175781,82.55999755859375,81.80000305175781,82.47000122070312,1051.0
2026-03-03 14:00:00+00:00,82.42500305175781,83.1050033569336,82.2300033569336,82.87000274658203,996.0
2026-03-03 14:15:00+00:00,82.91000366210938,82.94999694824219,81.63500213623047,82.2249984741211,969.0
2026-03-03 14:30:00+00:00,82.19000244140625,82.19000244140625,79.88999938964844,80.08999633789062,3504.0
2026-03-03 14:45:00+00:00,80.12999725341797,80.47000122070312,79.30000305175781,79.73999786376953,3404.0
2026-03-03 15:00:00+00:00,79.66500091552734,81.00499725341797,79.6449966430664,80.97000122070312,1896.0
2026-03-03 15:15:00+00:00,81.02999877929688,81.43499755859375,79.92500305175781,80.875,1773.0
2026-03-03 15:30:00+00:00,80.83499908447266,82.04000091552734,80.67500305175781,81.43499755859375,1730.0
2026-03-03 15:45:00+00:00,81.56999969482422,82.83999633789062,81.36000061035156,82.77999877929688,1473.0
2026-03-03 16:00:00+00:00,82.80000305175781,83.68000030517578,82.54000091552734,83.58000183105469,1294.0
2026-03-03 16:15:00+00:00,83.5199966430664,83.9800033569336,83.26499938964844,83.48999786376953,1324.0
2026-03-03 16:30:00+00:00,83.51000213623047,83.8499984741211,82.76499938964844,83.26499938964844,1026.0
2026-03-03 16:45:00+00:00,83.26499938964844,83.43000030517578,82.34500122070312,82.80000305175781,1072.0
2026-03-03 17:00:00+00:00,82.79000091552734,82.95500183105469,82.06500244140625,82.8949966430664,981.0
2026-03-03 17:15:00+00:00,82.92500305175781,83.33999633789062,82.62000274658203,82.66500091552734,898.0
2026-03-03 17:30:00+00:00,82.625,82.91999816894531,82.19499969482422,82.49500274658203,957.0
2026-03-03 17:45:00+00:00,82.52999877929688,82.79499816894531,81.88999938964844,82.44000244140625,896.0
2026-03-03 18:00:00+00:00,82.45500183105469,83.5,82.41500091552734,83.33000183105469,790.0
2026-03-03 18:15:00+00:00,83.3499984741211,83.80000305175781,83.29000091552734,83.63500213623047,2654.0
2026-03-03 18:30:00+00:00,83.63999938964844,84.34500122070312,83.43000030517578,84.20500183105469,992.0
2026-03-03 18:45:00+00:00,84.18000030517578,84.375,83.7699966430664,83.81500244140625,851.0
2026-03-03 19:00:00+00:00,83.8499984741211,84.1449966430664,82.81999969482422,83.02999877929688,858.0
2026-03-03 19:15:00+00:00,83.06999969482422,83.46499633789062,82.7300033569336,82.96499633789062,572.0
2026-03-03 19:30:00+00:00,83.0199966430664,83.69499969482422,82.44499969482422,83.625,828.0
2026-03-03 19:45:00+00:00,83.72000122070312,84.09500122070312,83.06500244140625,83.27999877929688,613.0
2026-03-03 20:00:00+00:00,83.33999633789062,83.68499755859375,83.15499877929688,83.30999755859375,259.0
2026-03-03 20:15:00+00:00,83.19999694824219,83.78500366210938,83.0,83.5199966430664,317.0
2026-03-03 20:30:00+00:00,83.57499694824219,83.68000030517578,82.68000030517578,83.05999755859375,580.0
2026-03-03 20:45:00+00:00,83.05500030517578,83.05500030517578,82.25499725341797,82.76499938964844,482.0
2026-03-03 21:00:00+00:00,82.78500366210938,83.0,82.6050033569336,82.75499725341797,162.0
2026-03-03 21:15:00+00:00,82.7699966430664,82.7750015258789,82.32499694824219,82.38500213623047,237.0
2026-03-03 21:30:00+00:00,82.41500091552734,82.5,82.17500305175781,82.33999633789062,151.0
2026-03-03 21:45:00+00:00,82.31500244140625,82.47000122070312,82.15499877929688,82.30000305175781,184.0
2026-03-03 23:00:00+00:00,82.4000015258789,82.79499816894531,81.73999786376953,82.56500244140625,132.0
2026-03-03 23:15:00+00:00,82.56999969482422,82.94000244140625,82.56999969482422,82.80500030517578,232.0
2026-03-03 23:30:00+00:00,82.82499694824219,83.31500244140625,82.73500061035156,83.29000091552734,280.0
2026-03-03 23:45:00+00:00,83.24500274658203,83.37999725341797,83.20500183105469,83.2249984741211,110.0
2026-03-04 00:00:00+00:00,83.25,83.25499725341797,82.0999984741211,82.7699966430664,257.0
2026-03-04 00:15:00+00:00,82.79499816894531,83.58999633789062,82.69499969482422,83.44000244140625,338.0
2026-03-04 00:30:00+00:00,83.44000244140625,83.56999969482422,83.04000091552734,83.29000091552734,118.0
2026-03-04 00:45:00+00:00,83.36499786376953,83.55000305175781,83.16500091552734,83.44000244140625,178.0
2026-03-04 01:00:00+00:00,83.5,84.2750015258789,83.41999816894531,83.87999725341797,713.0
2026-03-04 01:15:00+00:00,83.87999725341797,84.16500091552734,82.80500030517578,82.9000015258789,523.0
2026-03-04 01:30:00+00:00,82.92500305175781,83.55000305175781,82.44000244140625,83.55000305175781,466.0
2026-03-04 01:45:00+00:00,83.58499908447266,84.62000274658203,83.36000061035156,84.52999877929688,535.0
2026-03-04 02:00:00+00:00,84.55999755859375,85.7249984741211,84.51499938964844,85.61499786376953,919.0
2026-03-04 02:15:00+00:00,85.55000305175781,85.56500244140625,84.7750015258789,84.81999969482422,499.0
2026-03-04 02:30:00+00:00,84.8550033569336,85.0999984741211,84.37000274658203,85.04499816894531,323.0
2026-03-04 02:45:00+00:00,85.05999755859375,85.23999786376953,84.13999938964844,84.20500183105469,408.0
2026-03-04 03:00:00+00:00,84.17500305175781,84.44000244140625,83.46499633789062,84.33000183105469,576.0
2026-03-04 03:15:00+00:00,84.31999969482422,84.54000091552734,84.04499816894531,84.31500244140625,159.0
2026-03-04 03:30:00+00:00,84.33000183105469,84.61000061035156,83.7249984741211,84.0250015258789,173.0
2026-03-04 03:45:00+00:00,83.97000122070312,85.18000030517578,83.88999938964844,85.13999938964844,217.0
2026-03-04 04:00:00+00:00,85.11499786376953,85.5250015258789,84.87999725341797,85.49500274658203,372.0
2026-03-04 04:15:00+00:00,85.5199966430664,85.58000183105469,84.86000061035156,84.95500183105469,262.0
2026-03-04 04:30:00+00:00,84.87999725341797,85.16000366210938,84.6050033569336,84.81999969482422,146.0
2026-03-04 04:45:00+00:00,84.81999969482422,84.87000274658203,84.58000183105469,84.70500183105469,97.0
2026-03-04 05:00:00+00:00,84.74500274658203,85.06999969482422,84.47000122070312,84.79000091552734,220.0
2026-03-04 05:15:00+00:00,84.69999694824219,85.15499877929688,84.44000244140625,84.51499938964844,145.0
2026-03-04 05:30:00+00:00,84.57499694824219,85.07499694824219,84.3550033569336,84.69999694824219,201.0
2026-03-04 05:45:00+00:00,84.70500183105469,84.93000030517578,84.47000122070312,84.73500061035156,125.0
2026-03-04 06:00:00+00:00,84.61000061035156,84.61000061035156,83.80999755859375,84.01499938964844,569.0
2026-03-04 06:15:00+00:00,84.06999969482422,84.45999908447266,83.86499786376953,84.06999969482422,163.0
2026-03-04 06:30:00+00:00,84.1050033569336,85.03500366210938,84.05500030517578,84.7750015258789,273.0
2026-03-04 06:45:00+00:00,84.76499938964844,85.0250015258789,84.43499755859375,85.0250015258789,140.0
2026-03-04 07:00:00+00:00,84.95500183105469,85.36499786376953,84.9000015258789,85.2699966430664,246.0
2026-03-04 07:15:00+00:00,85.22000122070312,85.32499694824219,85.04499816894531,85.15499877929688,181.0
2026-03-04 07:30:00+00:00,85.18499755859375,85.37000274658203,85.0,85.1449966430664,181.0
2026-03-04 07:45:00+00:00,85.12999725341797,85.36000061035156,84.9749984741211,85.02999877929688,113.0
2026-03-04 08:00:00+00:00,84.95500183105469,85.125,84.5199966430664,84.92500305175781,367.0
2026-03-04 08:15:00+00:00,84.91999816894531,85.27999877929688,84.76000213623047,84.91500091552734,168.0
2026-03-04 08:30:00+00:00,84.93499755859375,85.66500091552734,84.93499755859375,85.625,279.0
2026-03-04 08:45:00+00:00,85.65499877929688,85.9800033569336,85.4000015258789,85.4749984741211,430.0
2026-03-04 09:00:00+00:00,85.44999694824219,86.20999908447266,85.23500061035156,86.02999877929688,524.0
2026-03-04 09:15:00+00:00,85.88500213623047,86.08999633789062,85.81999969482422,85.81999969482422,179.0
2026-03-04 09:30:00+00:00,85.8499984741211,86.26000213623047,85.7750015258789,86.0199966430664,164.0
2026-03-04 09:45:00+00:00,86.06500244140625,86.5,85.94000244140625,86.42500305175781,366.0
2026-03-04 10:00:00+00:00,86.44499969482422,86.87000274658203,86.43499755859375,86.61499786376953,803.0
2026-03-04 10:15:00+00:00,86.62999725341797,86.66500091552734,85.81999969482422,85.87999725341797,444.0
2026-03-04 10:30:00+00:00,85.95999908447266,86.17500305175781,85.79000091552734,86.00499725341797,291.0
2026-03-04 10:45:00+00:00,86.0,86.23500061035156,85.91000366210938,86.16999816894531,413.0
2026-03-04 11:00:00+00:00,86.1500015258789,86.58999633789062,86.1500015258789,86.55999755859375,325.0
2026-03-04 11:15:00+00:00,86.51499938964844,86.53500366210938,86.23999786376953,86.41500091552734,297.0
2026-03-04 11:30:00+00:00,86.43000030517578,86.72000122070312,86.36499786376953,86.375,375.0
2026-03-04 11:45:00+00:00,86.37000274658203,86.55000305175781,86.11000061035156,86.41000366210938,307.0
2026-03-04 12:00:00+00:00,86.3949966430664,87.06999969482422,86.375,86.7699966430664,905.0
2026-03-04 12:15:00+00:00,86.77999877929688,86.77999877929688,85.88999938964844,85.91000366210938,605.0
2026-03-04 12:30:00+00:00,85.97000122070312,85.97000122070312,85.05000305175781,85.49500274658203,861.0
2026-03-04 12:45:00+00:00,85.51000213623047,85.86499786376953,85.31999969482422,85.52999877929688,652.0
2026-03-04 13:00:00+00:00,85.5999984741211,86.4000015258789,85.5250015258789,86.25499725341797,711.0
2026-03-04 13:15:00+00:00,86.28500366210938,86.33999633789062,85.36499786376953,86.01000213623047,626.0
2026-03-04 13:30:00+00:00,86.02999877929688,86.0999984741211,85.65499877929688,85.93499755859375,346.0
2026-03-04 13:45:00+00:00,85.9000015258789,86.08999633789062,84.59500122070312,84.91500091552734,985.0
2026-03-04 14:00:00+00:00,84.88500213623047,85.45999908447266,84.05500030517578,84.56999969482422,1082.0
2026-03-04 14:15:00+00:00,84.53500366210938,84.8499984741211,83.76499938964844,84.3949966430664,1237.0
2026-03-04 14:30:00+00:00,84.375,85.19999694824219,84.29000091552734,84.50499725341797,1638.0
2026-03-04 14:45:00+00:00,84.42500305175781,84.9800033569336,83.33000183105469,83.7699966430664,2142.0
2026-03-04 15:00:00+00:00,83.55000305175781,84.4749984741211,83.5,83.55000305175781,1243.0
2026-03-04 15:15:00+00:00,83.5199966430664,84.7300033569336,83.2699966430664,84.58499908447266,1155.0
2026-03-04 15:30:00+00:00,84.6449966430664,84.83499908447266,83.81500244140625,83.94499969482422,662.0
2026-03-04 15:45:00+00:00,83.98500061035156,84.45500183105469,83.5199966430664,84.3949966430664,827.0
2026-03-04 16:00:00+00:00,84.43499755859375,84.81999969482422,83.80999755859375,83.99500274658203,804.0
2026-03-04 16:15:00+00:00,84.01499938964844,84.13999938964844,83.44000244140625,83.76499938964844,745.0
2026-03-04 16:30:00+00:00,83.7699966430664,84.30500030517578,83.5,83.8499984741211,573.0
2026-03-04 16:45:00+00:00,83.82499694824219,84.13500213623047,83.66500091552734,83.76000213623047,316.0
2026-03-04 17:00:00+00:00,83.7699966430664,84.125,83.58000183105469,83.86000061035156,292.0
2026-03-04 17:15:00+00:00,83.9000015258789,84.05000305175781,83.16999816894531,83.72000122070312,653.0
2026-03-04 17:30:00+00:00,83.70500183105469,83.81500244140625,83.2699966430664,83.34500122070312,548.0
2026-03-04 17:45:00+00:00,83.47000122070312,83.98999786376953,83.36499786376953,83.74500274658203,496.0
2026-03-04 18:00:00+00:00,83.7300033569336,83.81999969482422,82.4000015258789,82.80500030517578,1409.0
2026-03-04 18:15:00+00:00,82.8499984741211,83.48500061035156,82.32499694824219,83.36499786376953,2682.0
2026-03-04 18:30:00+00:00,83.37000274658203,83.41999816894531,82.7300033569336,83.28500366210938,1211.0
2026-03-04 18:45:00+00:00,83.28500366210938,83.7699966430664,83.27999877929688,83.50499725341797,412.0
2026-03-04 19:00:00+00:00,83.50499725341797,83.62999725341797,83.2249984741211,83.37999725341797,268.0
2026-03-04 19:15:00+00:00,83.5,83.58499908447266,83.33999633789062,83.58000183105469,220.0
2026-03-04 19:30:00+00:00,83.5199966430664,83.80999755859375,83.47000122070312,83.6500015258789,219.0
2026-03-04 19:45:00+00:00,83.6500015258789,83.94499969482422,83.6500015258789,83.75,229.0
2026-03-04 20:00:00+00:00,83.73500061035156,83.80000305175781,83.31999969482422,83.38500213623047,148.0
2026-03-04 20:15:00+00:00,83.2750015258789,83.8499984741211,83.04000091552734,83.80500030517578,334.0
2026-03-04 20:30:00+00:00,83.81500244140625,83.94999694824219,83.51499938964844,83.67500305175781,198.0
2026-03-04 20:45:00+00:00,83.63999938964844,83.63999938964844,83.16000366210938,83.36499786376953,244.0
2026-03-04 21:00:00+00:00,83.37000274658203,83.7699966430664,83.33499908447266,83.69999694824219,139.0
2026-03-04 21:15:00+00:00,83.63999938964844,83.65499877929688,83.56500244140625,83.63999938964844,26.0
2026-03-04 21:30:00+00:00,83.63500213623047,83.6500015258789,83.36000061035156,83.62999725341797,65.0
2026-03-04 21:45:00+00:00,83.56999969482422,83.7699966430664,83.55500030517578,83.76499938964844,73.0
2026-03-04 23:00:00+00:00,83.8949966430664,84.05999755859375,83.45500183105469,83.52999877929688,112.0
2026-03-04 23:15:00+00:00,83.53500366210938,83.8550033569336,83.53500366210938,83.66500091552734,86.0
2026-03-04 23:30:00+00:00,83.70999908447266,84.01000213623047,83.67500305175781,83.96499633789062,83.0
2026-03-04 23:45:00+00:00,83.98999786376953,84.19000244140625,83.94000244140625,84.16999816894531,116.0
2026-03-05 00:00:00+00:00,84.19999694824219,84.44999694824219,84.07499694824219,84.36499786376953,164.0
2026-03-05 00:15:00+00:00,84.36499786376953,84.5199966430664,84.36499786376953,84.48500061035156,120.0
2026-03-05 00:30:00+00:00,84.45500183105469,84.45500183105469,84.17500305175781,84.30000305175781,125.0
2026-03-05 00:45:00+00:00,84.23500061035156,84.41999816894531,84.11000061035156,84.28500366210938,105.0
2026-03-05 01:00:00+00:00,84.3499984741211,85.47000122070312,84.3499984741211,85.04000091552734,680.0
2026-03-05 01:15:00+00:00,85.03500366210938,85.30999755859375,84.81500244140625,84.98999786376953,255.0
2026-03-05 01:30:00+00:00,85.06500244140625,85.23500061035156,84.51000213623047,84.59500122070312,462.0
2026-03-05 01:45:00+00:00,84.59500122070312,84.91000366210938,84.37999725341797,84.45999908447266,220.0
2026-03-05 02:00:00+00:00,84.52999877929688,84.92500305175781,84.50499725341797,84.8550033569336,176.0
2026-03-05 02:15:00+00:00,84.79000091552734,84.97000122070312,84.5199966430664,84.62999725341797,164.0
2026-03-05 02:30:00+00:00,84.70500183105469,85.01000213623047,84.55000305175781,84.78500366210938,211.0
2026-03-05 02:45:00+00:00,84.82499694824219,85.3499984741211,84.68000030517578,85.3499984741211,389.0
2026-03-05 03:00:00+00:00,85.33999633789062,85.75,85.17500305175781,85.19499969482422,379.0
2026-03-05 03:15:00+00:00,85.16999816894531,85.36499786376953,84.93499755859375,84.9800033569336,161.0
2026-03-05 03:30:00+00:00,84.98999786376953,85.36000061035156,84.7750015258789,85.3499984741211,105.0
2026-03-05 03:45:00+00:00,85.34500122070312,85.45500183105469,84.93000030517578,85.0199966430664,93.0
2026-03-05 04:00:00+00:00,85.05500030517578,85.19999694824219,84.83499908447266,85.17500305175781,87.0
2026-03-05 04:15:00+00:00,85.19999694824219,85.2249984741211,85.05500030517578,85.16000366210938,53.0
2026-03-05 04:30:00+00:00,85.13500213623047,85.15499877929688,84.77999877929688,84.86499786376953,71.0
2026-03-05 04:45:00+00:00,84.83999633789062,84.90499877929688,84.4000015258789,84.7750015258789,327.0
2026-03-05 05:00:00+00:00,84.80999755859375,84.88999938964844,84.67500305175781,84.82499694824219,38.0
2026-03-05 05:15:00+00:00,84.88999938964844,84.94999694824219,84.63500213623047,84.81999969482422,59.0
2026-03-05 05:30:00+00:00,84.87999725341797,84.95999908447266,84.19000244140625,84.38500213623047,226.0
2026-03-05 05:45:00+00:00,84.43000030517578,84.61000061035156,82.56500244140625,82.56500244140625,618.0
2026-03-05 06:00:00+00:00,82.44999694824219,83.1050033569336,80.56500244140625,81.73999786376953,2921.0
2026-03-05 06:15:00+00:00,81.73999786376953,82.43000030517578,81.44999694824219,82.17500305175781,602.0
2026-03-05 06:30:00+00:00,82.1449966430664,82.53500366210938,81.80500030517578,82.41500091552734,286.0
2026-03-05 06:45:00+00:00,82.43000030517578,83.7300033569336,82.42500305175781,83.53500366210938,1055.0
2026-03-05 07:00:00+00:00,83.5,83.79499816894531,83.2249984741211,83.44499969482422,300.0
2026-03-05 07:15:00+00:00,83.44499969482422,83.61000061035156,83.22000122070312,83.38999938964844,171.0
2026-03-05 07:30:00+00:00,83.46499633789062,83.77999877929688,83.36000061035156,83.58999633789062,184.0
2026-03-05 07:45:00+00:00,83.66000366210938,83.93499755859375,83.6050033569336,83.74500274658203,296.0
2026-03-05 08:00:00+00:00,83.7249984741211,83.96499633789062,83.05500030517578,83.1050033569336,533.0
2026-03-05 08:15:00+00:00,83.11000061035156,83.36000061035156,82.91000366210938,83.04499816894531,282.0
2026-03-05 08:30:00+00:00,82.99500274658203,83.6449966430664,82.98999786376953,83.56999969482422,257.0
2026-03-05 08:45:00+00:00,83.6449966430664,84.08000183105469,83.6449966430664,84.06999969482422,407.0
2026-03-05 09:00:00+00:00,83.9749984741211,85.0250015258789,83.69999694824219,84.91500091552734,1090.0
2026-03-05 09:15:00+00:00,84.98500061035156,85.15499877929688,84.42500305175781,84.4749984741211,741.0
2026-03-05 09:30:00+00:00,84.45500183105469,84.66500091552734,84.16000366210938,84.3499984741211,514.0
2026-03-05 09:45:00+00:00,84.3499984741211,84.51499938964844,84.19999694824219,84.36000061035156,180.0
2026-03-05 10:00:00+00:00,84.28500366210938,84.30999755859375,83.9000015258789,84.18499755859375,277.0
2026-03-05 10:15:00+00:00,84.19999694824219,84.3499984741211,84.1500015258789,84.27999877929688,127.0
2026-03-05 10:30:00+00:00,84.3499984741211,84.3499984741211,83.8499984741211,84.08499908447266,130.0
2026-03-05 10:45:00+00:00,84.13999938964844,84.7249984741211,84.13999938964844,84.51499938964844,277.0
2026-03-05 11:00:00+00:00,84.48999786376953,84.65499877929688,84.33499908447266,84.63999938964844,95.0
2026-03-05 11:15:00+00:00,84.625,84.76000213623047,84.47000122070312,84.47000122070312,120.0
2026-03-05 11:30:00+00:00,84.44499969482422,84.57499694824219,84.38500213623047,84.43000030517578,106.0
2026-03-05 11:45:00+00:00,84.43000030517578,84.69999694824219,84.25,84.30000305175781,186.0
2026-03-05 12:00:00+00:00,84.33499908447266,84.79000091552734,84.18000030517578,84.6449966430664,510.0
2026-03-05 12:15:00+00:00,84.58999633789062,84.94499969482422,84.4000015258789,84.45999908447266,355.0
2026-03-05 12:30:00+00:00,84.43000030517578,84.5999984741211,84.36499786376953,84.37999725341797,141.0
2026-03-05 12:45:00+00:00,84.36000061035156,84.49500274658203,84.125,84.1500015258789,216.0
2026-03-05 13:00:00+00:00,84.20999908447266,84.31999969482422,82.94000244140625,83.49500274658203,1268.0
2026-03-05 13:15:00+00:00,83.4749984741211,83.51499938964844,81.70500183105469,82.6500015258789,3324.0
2026-03-05 13:30:00+00:00,82.61499786376953,83.2750015258789,82.59500122070312,82.97000122070312,1114.0
2026-03-05 13:45:00+00:00,82.93000030517578,83.15499877929688,82.44999694824219,82.74500274658203,781.0
2026-03-05 14:00:00+00:00,82.7300033569336,83.19000244140625,82.52999877929688,82.81999969482422,755.0
2026-03-05 14:15:00+00:00,82.84500122070312,82.97000122070312,82.19999694824219,82.8949966430664,1197.0
2026-03-05 14:30:00+00:00,82.8499984741211,83.50499725341797,82.04000091552734,82.37000274658203,1852.0
2026-03-05 14:45:00+00:00,82.33499908447266,83.04000091552734,82.15499877929688,82.83499908447266,1149.0
2026-03-05 15:00:00+00:00,82.81999969482422,83.66999816894531,81.81999969482422,82.38500213623047,2590.0
2026-03-05 15:15:00+00:00,82.37999725341797,82.66000366210938,81.61000061035156,82.19499969482422,985.0
2026-03-05 15:30:00+00:00,82.16500091552734,82.19999694824219,81.5250015258789,81.76000213623047,1631.0
2026-03-05 15:45:00+00:00,81.7249984741211,82.55000305175781,81.69000244140625,82.53500366210938,675.0
2026-03-05 16:00:00+00:00,82.56500244140625,82.56500244140625,81.70999908447266,82.1500015258789,669.0
2026-03-05 16:15:00+00:00,82.19499969482422,82.19499969482422,81.31500244140625,81.69000244140625,1290.0
2026-03-05 16:30:00+00:00,81.7300033569336,82.06999969482422,81.33999633789062,81.83499908447266,789.0
2026-03-05 16:45:00+00:00,81.80500030517578,82.1500015258789,81.74500274658203,81.95500183105469,694.0
2026-03-05 17:00:00+00:00,81.94999694824219,82.58499908447266,81.8550033569336,82.58499908447266,658.0
2026-03-05 17:15:00+00:00,82.5999984741211,82.62000274658203,82.02999877929688,82.04499816894531,555.0
2026-03-05 17:30:00+00:00,82.04499816894531,82.1050033569336,81.61499786376953,81.75,708.0
2026-03-05 17:45:00+00:00,81.76000213623047,81.94499969482422,81.51499938964844,81.69999694824219,400.0
2026-03-05 18:00:00+00:00,81.65499877929688,82.37999725341797,81.4749984741211,82.32499694824219,844.0
2026-03-05 18:15:00+00:00,82.31999969482422,82.68499755859375,81.7300033569336,82.06500244140625,1820.0
2026-03-05 18:30:00+00:00,82.07499694824219,82.3499984741211,81.80999755859375,82.2300033569336,243.0
2026-03-05 18:45:00+00:00,82.30500030517578,82.30500030517578,81.7249984741211,81.80000305175781,202.0
2026-03-05 19:00:00+00:00,81.75499725341797,82.20999908447266,81.75499725341797,81.87999725341797,136.0
2026-03-05 19:15:00+00:00,81.82499694824219,81.8499984741211,81.36499786376953,81.44999694824219,457.0
2026-03-05 19:30:00+00:00,81.3499984741211,81.3499984741211,80.7699966430664,81.28500366210938,740.0
2026-03-05 19:45:00+00:00,81.25,81.41000366210938,81.04000091552734,81.16500091552734,332.0
2026-03-05 20:00:00+00:00,81.19000244140625,81.91999816894531,80.91000366210938,81.8550033569336,485.0
2026-03-05 20:15:00+00:00,81.8550033569336,82.56500244140625,81.8550033569336,82.05500030517578,698.0
2026-03-05 20:30:00+00:00,81.9749984741211,82.29000091552734,81.96499633789062,82.27999877929688,314.0
2026-03-05 20:45:00+00:00,82.22000122070312,82.41500091552734,82.08000183105469,82.2300033569336,227.0
2026-03-05 21:00:00+00:00,82.25499725341797,82.50499725341797,82.11000061035156,82.18499755859375,208.0
2026-03-05 21:15:00+00:00,82.18499755859375,82.37000274658203,82.18000030517578,82.33999633789062,59.0
2026-03-05 21:30:00+00:00,82.3499984741211,82.43499755859375,82.18499755859375,82.22000122070312,104.0
2026-03-05 21:45:00+00:00,82.26499938964844,82.62000274658203,82.19000244140625,82.5199966430664,176.0
2026-03-05 23:00:00+00:00,82.55500030517578,83.12000274658203,82.44499969482422,82.45500183105469,107.0
2026-03-05 23:15:00+00:00,82.5199966430664,82.9000015258789,82.34500122070312,82.80000305175781,289.0
2026-03-05 23:30:00+00:00,82.8499984741211,83.51000213623047,82.7249984741211,83.44499969482422,258.0
2026-03-05 23:45:00+00:00,83.49500274658203,83.52999877929688,83.00499725341797,83.00499725341797,101.0
2026-03-06 00:00:00+00:00,82.95999908447266,83.3499984741211,82.78500366210938,83.30999755859375,224.0
2026-03-06 00:15:00+00:00,83.18499755859375,83.58499908447266,83.09500122070312,83.36000061035156,174.0
2026-03-06 00:30:00+00:00,83.33999633789062,83.3550033569336,82.95500183105469,83.05000305175781,117.0
2026-03-06 00:45:00+00:00,83.12000274658203,83.16999816894531,82.5199966430664,82.54499816894531,390.0
2026-03-06 01:00:00+00:00,82.5,82.7750015258789,82.0199966430664,82.47000122070312,422.0
2026-03-06 01:15:00+00:00,82.4800033569336,83.16000366210938,82.42500305175781,82.92500305175781,209.0
2026-03-06 01:30:00+00:00,82.96499633789062,84.09500122070312,82.96499633789062,84.0250015258789,531.0
2026-03-06 01:45:00+00:00,84.0,84.68000030517578,83.8499984741211,84.33499908447266,926.0
2026-03-06 02:00:00+00:00,84.34500122070312,84.36499786376953,83.81999969482422,84.11000061035156,354.0
2026-03-06 02:15:00+00:00,84.09500122070312,84.20999908447266,84.0,84.01000213623047,76.0
2026-03-06 02:30:00+00:00,84.05500030517578,84.05999755859375,83.5999984741211,83.75,217.0
2026-03-06 02:45:00+00:00,83.69999694824219,84.19000244140625,83.68499755859375,84.05999755859375,281.0
2026-03-06 03:00:00+00:00,84.06999969482422,84.54499816894531,84.05500030517578,84.31999969482422,288.0
2026-03-06 03:15:00+00:00,84.30000305175781,84.9000015258789,84.19000244140625,84.7249984741211,602.0
2026-03-06 03:30:00+00:00,84.7300033569336,84.7750015258789,84.47000122070312,84.5250015258789,103.0
2026-03-06 03:45:00+00:00,84.5199966430664,84.73999786376953,84.5199966430664,84.61499786376953,66.0
2026-03-06 04:00:00+00:00,84.61499786376953,84.79499816894531,84.4800033569336,84.6500015258789,78.0
2026-03-06 04:15:00+00:00,84.69999694824219,84.69999694824219,84.37000274658203,84.38999938964844,66.0
2026-03-06 04:30:00+00:00,84.3550033569336,84.58999633789062,84.33000183105469,84.54499816894531,84.0
2026-03-06 04:45:00+00:00,84.58499908447266,84.7249984741211,84.41999816894531,84.45500183105469,124.0
2026-03-06 05:00:00+00:00,84.41500091552734,84.5999984741211,84.31999969482422,84.44499969482422,298.0
2026-03-06 05:15:00+00:00,84.3949966430664,84.54499816894531,84.34500122070312,84.5,60.0
2026-03-06 05:30:00+00:00,84.55999755859375,84.56500244140625,84.16500091552734,84.2750015258789,294.0
2026-03-06 05:45:00+00:00,84.26000213623047,84.26000213623047,83.62999725341797,83.95999908447266,480.0
2026-03-06 06:00:00+00:00,83.91500091552734,84.22000122070312,83.75499725341797,84.0,147.0
2026-03-06 06:15:00+00:00,84.05000305175781,84.54499816894531,83.90499877929688,84.19999694824219,324.0
2026-03-06 06:30:00+00:00,84.24500274658203,84.79499816894531,83.9800033569336,84.46499633789062,357.0
2026-03-06 06:45:00+00:00,84.49500274658203,84.69999694824219,84.38999938964844,84.58999633789062,301.0
2026-03-06 07:00:00+00:00,84.56500244140625,84.73999786376953,84.18499755859375,84.40499877929688,151.0
2026-03-06 07:15:00+00:00,84.44000244140625,84.63500213623047,84.3499984741211,84.5,81.0
2026-03-06 07:30:00+00:00,84.5,84.66000366210938,84.40499877929688,84.4749984741211,78.0
2026-03-06 07:45:00+00:00,84.42500305175781,84.95500183105469,84.3550033569336,84.93499755859375,404.0
2026-03-06 08:00:00+00:00,84.91999816894531,85.08499908447266,84.5,84.69000244140625,550.0
2026-03-06 08:15:00+00:00,84.7249984741211,84.80999755859375,83.98999786376953,84.18000030517578,310.0
2026-03-06 08:30:00+00:00,84.1500015258789,84.51000213623047,84.06999969482422,84.38999938964844,203.0
2026-03-06 08:45:00+00:00,84.38500213623047,84.72000122070312,84.30000305175781,84.45999908447266,239.0
2026-03-06 09:00:00+00:00,84.38500213623047,84.48999786376953,84.05500030517578,84.16000366210938,236.0
2026-03-06 09:15:00+00:00,84.15499877929688,84.23999786376953,83.68000030517578,83.84500122070312,296.0
2026-03-06 09:30:00+00:00,83.81500244140625,83.95500183105469,82.59500122070312,83.08000183105469,1012.0
2026-03-06 09:45:00+00:00,83.08999633789062,83.23999786376953,82.7750015258789,82.96499633789062,300.0
2026-03-06 10:00:00+00:00,82.99500274658203,83.16999816894531,82.55000305175781,82.91999816894531,377.0
2026-03-06 10:15:00+00:00,82.8949966430664,83.45999908447266,82.8949966430664,83.26499938964844,237.0
2026-03-06 10:30:00+00:00,83.29000091552734,83.3550033569336,82.80999755859375,82.82499694824219,88.0
2026-03-06 10:45:00+00:00,82.8949966430664,83.2300033569336,82.55999755859375,83.16999816894531,504.0
2026-03-06 11:00:00+00:00,83.16999816894531,83.20500183105469,82.79499816894531,83.05000305175781,376.0
2026-03-06 11:15:00+00:00,83.06999969482422,83.68499755859375,83.05999755859375,83.3949966430664,403.0
2026-03-06 11:30:00+00:00,83.33499908447266,83.49500274658203,82.37999725341797,82.48500061035156,313.0
2026-03-06 11:45:00+00:00,82.45500183105469,82.70999908447266,82.03500366210938,82.43499755859375,693.0
2026-03-06 12:00:00+00:00,82.4749984741211,82.87999725341797,82.2750015258789,82.55000305175781,758.0
2026-03-06 12:15:00+00:00,82.58999633789062,82.69000244140625,82.37000274658203,82.43499755859375,292.0
2026-03-06 12:30:00+00:00,82.5,82.98999786376953,82.46499633789062,82.94499969482422,227.0
2026-03-06 12:45:00+00:00,82.94999694824219,82.94999694824219,82.30000305175781,82.53500366210938,409.0
2026-03-06 13:00:00+00:00,82.4749984741211,82.5999984741211,81.78500366210938,82.13999938964844,1056.0
2026-03-06 13:15:00+00:00,82.125,82.94999694824219,82.11000061035156,82.94999694824219,562.0
2026-03-06 13:30:00+00:00,82.95500183105469,84.45999908447266,82.95500183105469,83.8949966430664,2738.0
2026-03-06 13:45:00+00:00,83.91500091552734,83.99500274658203,82.4800033569336,82.74500274658203,1434.0
2026-03-06 14:00:00+00:00,82.71499633789062,83.16500091552734,82.56999969482422,82.86499786376953,681.0
2026-03-06 14:15:00+00:00,82.8550033569336,83.22000122070312,82.54000091552734,83.08000183105469,496.0
2026-03-06 14:30:00+00:00,83.08499908447266,83.38999938964844,82.51499938964844,82.58499908447266,1007.0
2026-03-06 14:45:00+00:00,82.63500213623047,83.9800033569336,82.48999786376953,83.9800033569336,1148.0
2026-03-06 15:00:00+00:00,83.9800033569336,85.07499694824219,83.94999694824219,84.41500091552734,2839.0
2026-03-06 15:15:00+00:00,84.3550033569336,85.33499908447266,84.18000030517578,84.66999816894531,1258.0
2026-03-06 15:30:00+00:00,84.68000030517578,85.1500015258789,84.57499694824219,84.69999694824219,811.0
2026-03-06 15:45:00+00:00,84.73500061035156,84.84500122070312,84.21499633789062,84.43499755859375,690.0
2026-03-06 16:00:00+00:00,84.44000244140625,84.8550033569336,84.36000061035156,84.74500274658203,496.0
2026-03-06 16:15:00+00:00,84.80500030517578,85.12999725341797,84.5,84.69999694824219,453.0
2026-03-06 16:30:00+00:00,84.75499725341797,84.82499694824219,83.82499694824219,84.26000213623047,672.0
2026-03-06 16:45:00+00:00,84.29499816894531,84.48500061035156,83.95999908447266,84.18499755859375,401.0
2026-03-06 17:00:00+00:00,84.23999786376953,84.26000213623047,83.76000213623047,84.0,416.0
2026-03-06 17:15:00+00:00,84.0250015258789,84.21499633789062,83.91500091552734,84.09500122070312,274.0
2026-03-06 17:30:00+00:00,84.01499938964844,84.54000091552734,84.01499938964844,84.18000030517578,543.0
2026-03-06 17:45:00+00:00,84.20999908447266,84.42500305175781,84.12000274658203,84.2750015258789,305.0
2026-03-06 18:00:00+00:00,84.2750015258789,84.61000061035156,84.16000366210938,84.26000213623047,410.0
2026-03-06 18:15:00+00:00,84.24500274658203,84.69499969482422,83.97000122070312,84.67500305175781,1461.0
2026-03-06 18:30:00+00:00,84.65499877929688,84.82499694824219,84.36000061035156,84.80000305175781,303.0
2026-03-06 18:45:00+00:00,84.81999969482422,84.9000015258789,84.5,84.69999694824219,167.0
2026-03-06 19:00:00+00:00,84.69000244140625,84.98500061035156,84.6500015258789,84.98500061035156,317.0
2026-03-06 19:15:00+00:00,84.9800033569336,85.03500366210938,84.71499633789062,84.7249984741211,179.0
2026-03-06 19:30:00+00:00,84.75,84.82499694824219,84.54000091552734,84.55999755859375,131.0
2026-03-06 19:45:00+00:00,84.52999877929688,84.83499908447266,84.51000213623047,84.69999694824219,121.0
2026-03-06 20:00:00+00:00,84.67500305175781,84.75499725341797,84.41500091552734,84.48999786376953,124.0
2026-03-06 20:15:00+00:00,84.4749984741211,84.625,84.19999694824219,84.21499633789062,173.0
2026-03-06 20:30:00+00:00,84.24500274658203,84.32499694824219,83.86000061035156,84.16000366210938,620.0
2026-03-06 20:45:00+00:00,84.20500183105469,84.27999877929688,83.93499755859375,84.1500015258789,284.0
2026-03-06 21:00:00+00:00,84.15499877929688,84.51000213623047,84.08999633789062,84.43499755859375,221.0
2026-03-06 21:15:00+00:00,84.44999694824219,84.55500030517578,84.37999725341797,84.51000213623047,88.0
2026-03-06 21:30:00+00:00,84.4749984741211,84.7249984741211,84.45500183105469,84.55000305175781,114.0
2026-03-06 21:45:00+00:00,84.55500030517578,84.74500274658203,84.31099700927734,84.31099700927734,180.0
2026-03-08 22:00:00+00:00,82.8499984741211,83.8949966430664,82.7750015258789,83.69000244140625,120.0
2026-03-08 22:15:00+00:00,83.6050033569336,83.91500091552734,82.625,83.82499694824219,496.0
2026-03-08 22:30:00+00:00,83.65499877929688,84.2249984741211,82.7300033569336,83.125,389.0
2026-03-08 22:45:00+00:00,83.16999816894531,83.57499694824219,82.56999969482422,83.44499969482422,426.0
2026-03-08 23:00:00+00:00,83.5,83.75,82.0999984741211,82.46499633789062,687.0
2026-03-08 23:15:00+00:00,82.56999969482422,82.7300033569336,82.27999877929688,82.67500305175781,281.0
2026-03-08 23:30:00+00:00,82.61000061035156,82.65499877929688,81.06500244140625,81.6050033569336,985.0
2026-03-08 23:45:00+00:00,81.6050033569336,82.13500213623047,81.0999984741211,82.05000305175781,895.0
2026-03-09 00:00:00+00:00,82.03500366210938,82.5,81.25499725341797,81.40499877929688,630.0
2026-03-09 00:15:00+00:00,81.37999725341797,81.55000305175781,81.02999877929688,81.30000305175781,432.0
2026-03-09 00:30:00+00:00,81.3499984741211,81.9749984741211,81.11000061035156,81.20999908447266,344.0
2026-03-09 00:45:00+00:00,81.2750015258789,81.52999877929688,80.84500122070312,81.51499938964844,586.0
2026-03-09 01:00:00+00:00,81.48999786376953,81.55000305175781,79.63999938964844,80.75,2193.0
2026-03-09 01:15:00+00:00,80.69999694824219,81.0250015258789,80.32499694824219,80.44000244140625,606.0
2026-03-09 01:30:00+00:00,80.37999725341797,80.98500061035156,80.30000305175781,80.94000244140625,506.0
2026-03-09 01:45:00+00:00,80.87999725341797,81.2750015258789,80.375,81.05500030517578,741.0
2026-03-09 02:00:00+00:00,81.09500122070312,82.94999694824219,80.6500015258789,82.82499694824219,1427.0
2026-03-09 02:15:00+00:00,82.87000274658203,83.08000183105469,82.04499816894531,82.24500274658203,609.0
2026-03-09 02:30:00+00:00,82.2300033569336,82.9000015258789,82.19999694824219,82.69499969482422,350.0
2026-03-09 02:45:00+00:00,82.69499969482422,82.9800033569336,82.36000061035156,82.81500244140625,239.0
2026-03-09 03:00:00+00:00,82.79499816894531,82.91500091552734,82.43499755859375,82.54499816894531,236.0
2026-03-09 03:15:00+00:00,82.61000061035156,83.49500274658203,82.53500366210938,82.94000244140625,534.0
2026-03-09 03:30:00+00:00,82.94000244140625,83.30999755859375,82.86000061035156,83.0199966430664,198.0
2026-03-09 03:45:00+00:00,83.01499938964844,83.30500030517578,82.98500061035156,83.0999984741211,168.0
2026-03-09 04:00:00+00:00,83.12000274658203,83.59500122070312,82.94999694824219,83.21499633789062,322.0
2026-03-09 04:15:00+00:00,83.20500183105469,83.2300033569336,82.91000366210938,82.91500091552734,97.0
2026-03-09 04:30:00+00:00,82.88999938964844,83.19000244140625,82.81999969482422,83.0,86.0
2026-03-09 04:45:00+00:00,82.90499877929688,82.90499877929688,82.58999633789062,82.66999816894531,197.0
2026-03-09 05:00:00+00:00,82.62999725341797,83.44000244140625,82.45500183105469,83.11000061035156,344.0
2026-03-09 05:15:00+00:00,83.19999694824219,83.47000122070312,82.76499938964844,83.33499908447266,243.0
2026-03-09 05:30:00+00:00,83.34500122070312,84.57499694824219,83.19999694824219,84.50499725341797,790.0
2026-03-09 05:45:00+00:00,84.5,84.83000183105469,84.125,84.31500244140625,780.0
2026-03-09 06:00:00+00:00,84.37000274658203,85.03500366210938,84.02999877929688,84.76000213623047,1126.0
2026-03-09 06:15:00+00:00,84.75499725341797,84.96499633789062,84.38500213623047,84.55000305175781,460.0
2026-03-09 06:30:00+00:00,84.55500030517578,84.61499786376953,84.02999877929688,84.19999694824219,289.0
2026-03-09 06:45:00+00:00,84.21499633789062,84.25,83.80999755859375,83.86499786376953,307.0
2026-03-09 07:00:00+00:00,83.87000274658203,83.87000274658203,83.25499725341797,83.27999877929688,421.0
2026-03-09 07:15:00+00:00,83.2750015258789,83.6050033569336,83.24500274658203,83.6050033569336,241.0
2026-03-09 07:30:00+00:00,83.61000061035156,83.91500091552734,83.37999725341797,83.63500213623047,383.0
2026-03-09 07:45:00+00:00,83.55500030517578,83.69999694824219,83.22000122070312,83.66999816894531,231.0
2026-03-09 08:00:00+00:00,83.69499969482422,84.02999877929688,83.45999908447266,83.68499755859375,283.0
2026-03-09 08:15:00+00:00,83.62000274658203,83.93499755859375,83.375,83.375,154.0
2026-03-09 08:30:00+00:00,83.375,83.90499877929688,83.375,83.71499633789062,142.0
2026-03-09 08:45:00+00:00,83.68499755859375,84.04000091552734,83.52999877929688,83.92500305175781,187.0
2026-03-09 09:00:00+00:00,83.91500091552734,84.12999725341797,83.7300033569336,84.08000183105469,232.0
2026-03-09 09:15:00+00:00,84.05500030517578,84.58499908447266,84.0250015258789,84.55500030517578,321.0
2026-03-09 09:30:00+00:00,84.58999633789062,84.7300033569336,83.91999816894531,83.91999816894531,359.0
2026-03-09 09:45:00+00:00,83.96499633789062,84.2300033569336,83.81999969482422,84.16500091552734,206.0
2026-03-09 10:00:00+00:00,84.19499969482422,84.3499984741211,83.80000305175781,84.28500366210938,248.0
2026-03-09 10:15:00+00:00,84.24500274658203,84.43499755859375,84.03500366210938,84.03500366210938,145.0
2026-03-09 10:30:00+00:00,84.02999877929688,84.1449966430664,83.75,83.98999786376953,222.0
2026-03-09 10:45:00+00:00,83.91999816894531,84.11499786376953,83.19499969482422,83.32499694824219,595.0
2026-03-09 11:00:00+00:00,83.41500091552734,83.67500305175781,83.25,83.40499877929688,246.0
2026-03-09 11:15:00+00:00,83.38500213623047,83.56999969482422,82.94499969482422,83.25,378.0
2026-03-09 11:30:00+00:00,83.30500030517578,83.58999633789062,83.20500183105469,83.2249984741211,202.0
2026-03-09 11:45:00+00:00,83.19000244140625,83.55999755859375,83.09500122070312,83.34500122070312,143.0
2026-03-09 12:00:00+00:00,83.40499877929688,83.70999908447266,83.4000015258789,83.69499969482422,582.0
2026-03-09 12:15:00+00:00,83.69999694824219,84.07499694824219,83.6050033569336,84.0199966430664,292.0
2026-03-09 12:30:00+00:00,84.05999755859375,84.25,84.0,84.08499908447266,383.0
2026-03-09 12:45:00+00:00,84.15499877929688,84.16000366210938,83.68499755859375,83.83499908447266,249.0
2026-03-09 13:00:00+00:00,83.87000274658203,84.51000213623047,83.83499908447266,84.40499877929688,604.0
2026-03-09 13:15:00+00:00,84.375,84.69999694824219,84.22000122070312,84.62999725341797,530.0
2026-03-09 13:30:00+00:00,84.625,85.43499755859375,83.80000305175781,84.11000061035156,2570.0
2026-03-09 13:45:00+00:00,84.06500244140625,84.28500366210938,83.6449966430664,83.76000213623047,657.0
2026-03-09 14:00:00+00:00,83.69999694824219,84.38999938964844,83.31500244140625,83.7300033569336,709.0
2026-03-09 14:15:00+00:00,83.7699966430664,84.16000366210938,83.5199966430664,84.00499725341797,311.0
2026-03-09 14:30:00+00:00,83.8949966430664,84.63999938964844,83.8949966430664,84.58499908447266,670.0
2026-03-09 14:45:00+00:00,84.63999938964844,84.79499816894531,84.29499816894531,84.58499908447266,420.0
2026-03-09 15:00:00+00:00,84.5999984741211,84.79499816894531,84.33499908447266,84.7750015258789,467.0
2026-03-09 15:15:00+00:00,84.8499984741211,84.87999725341797,84.41999816894531,84.73999786376953,386.0
2026-03-09 15:30:00+00:00,84.7300033569336,84.80500030517578,84.53500366210938,84.59500122070312,483.0
2026-03-09 15:45:00+00:00,84.63500213623047,84.91500091552734,84.58999633789062,84.70999908447266,388.0
2026-03-09 16:00:00+00:00,84.70500183105469,85.0,84.68499755859375,84.88999938964844,384.0
2026-03-09 16:15:00+00:00,84.9000015258789,84.91999816894531,84.5250015258789,84.78500366210938,327.0
2026-03-09 16:30:00+00:00,84.79000091552734,85.09500122070312,84.79000091552734,85.00499725341797,581.0
2026-03-09 16:45:00+00:00,85.03500366210938,85.05999755859375,84.82499694824219,84.95999908447266,425.0
2026-03-09 17:00:00+00:00,84.96499633789062,85.125,84.58499908447266,84.625,478.0
2026-03-09 17:15:00+00:00,84.66999816894531,84.73999786376953,84.25499725341797,84.26000213623047,1051.0
2026-03-09 17:30:00+00:00,84.27999877929688,84.62999725341797,84.13500213623047,84.48999786376953,336.0
2026-03-09 17:45:00+00:00,84.51000213623047,84.77999877929688,84.51000213623047,84.63999938964844,256.0
2026-03-09 18:00:00+00:00,84.58999633789062,84.66500091552734,84.33999633789062,84.62000274658203,190.0
2026-03-09 18:15:00+00:00,84.63500213623047,85.08999633789062,84.6050033569336,84.91000366210938,245.0
2026-03-09 18:30:00+00:00,85.0,85.73500061035156,84.94499969482422,85.57499694824219,860.0
2026-03-09 18:45:00+00:00,85.56500244140625,86.41999816894531,85.4749984741211,86.12999725341797,1684.0
2026-03-09 19:00:00+00:00,86.13999938964844,86.51000213623047,86.00499725341797,86.36499786376953,549.0
2026-03-09 19:15:00+00:00,86.36499786376953,87.05500030517578,86.32499694824219,86.93499755859375,740.0
2026-03-09 19:30:00+00:00,86.93000030517578,87.01499938964844,86.26499938964844,86.73500061035156,510.0
2026-03-09 19:45:00+00:00,86.73500061035156,86.79000091552734,86.38500213623047,86.72000122070312,392.0
2026-03-09 20:00:00+00:00,86.73500061035156,87.18499755859375,86.73500061035156,87.03500366210938,341.0
2026-03-09 20:15:00+00:00,87.05500030517578,87.07499694824219,86.7249984741211,86.875,117.0
2026-03-09 20:30:00+00:00,86.875,86.95500183105469,86.67500305175781,86.93499755859375,115.0
2026-03-09 20:45:00+00:00,86.91500091552734,87.40499877929688,86.88999938964844,87.34500122070312,499.0
2026-03-09 22:00:00+00:00,87.2750015258789,87.69999694824219,86.80500030517578,87.38999938964844,100.0
2026-03-09 22:15:00+00:00,87.42500305175781,87.52999877929688,87.0999984741211,87.38500213623047,87.0
2026-03-09 22:30:00+00:00,87.38500213623047,87.63500213623047,87.38500213623047,87.5,116.0
2026-03-09 22:45:00+00:00,87.58000183105469,87.92500305175781,87.5199966430664,87.875,193.0
2026-03-09 23:00:00+00:00,87.87999725341797,88.46499633789062,87.36000061035156,88.30000305175781,438.0
2026-03-09 23:15:00+00:00,88.2249984741211,88.48999786376953,88.0,88.0199966430664,261.0
2026-03-09 23:30:00+00:00,88.01000213623047,88.30000305175781,87.82499694824219,87.90499877929688,232.0
2026-03-09 23:45:00+00:00,87.88999938964844,87.95999908447266,87.50499725341797,87.69999694824219,262.0
2026-03-10 00:00:00+00:00,87.68000030517578,87.91500091552734,87.2249984741211,87.79000091552734,260.0
2026-03-10 00:15:00+00:00,87.75499725341797,87.75499725341797,87.2750015258789,87.43000030517578,207.0
2026-03-10 00:30:00+00:00,87.41500091552734,88.0199966430664,87.26000213623047,87.95999908447266,260.0
2026-03-10 00:45:00+00:00,87.91000366210938,87.91999816894531,87.2300033569336,87.25499725341797,201.0
2026-03-10 01:00:00+00:00,87.29000091552734,88.375,86.91999816894531,87.98999786376953,1028.0
2026-03-10 01:15:00+00:00,87.9800033569336,89.5,87.94000244140625,89.1449966430664,1160.0
2026-03-10 01:30:00+00:00,89.13500213623047,89.55999755859375,88.79000091552734,89.36000061035156,838.0
2026-03-10 01:45:00+00:00,89.48999786376953,89.91999816894531,89.12999725341797,89.8550033569336,514.0
2026-03-10 02:00:00+00:00,89.86000061035156,90.06500244140625,89.41000366210938,89.69999694824219,434.0
2026-03-10 02:15:00+00:00,89.76499938964844,89.88999938964844,89.71499633789062,89.75499725341797,115.0
2026-03-10 02:30:00+00:00,89.81999969482422,90.38500213623047,89.72000122070312,90.32499694824219,508.0
2026-03-10 02:45:00+00:00,90.31500244140625,90.33000183105469,89.1050033569336,89.17500305175781,652.0
2026-03-10 03:00:00+00:00,89.20999908447266,89.68499755859375,89.20999908447266,89.29000091552734,218.0
2026-03-10 03:15:00+00:00,89.2300033569336,89.46499633789062,88.75,88.87999725341797,667.0
2026-03-10 03:30:00+00:00,88.88999938964844,88.96499633789062,88.49500274658203,88.6050033569336,163.0
2026-03-10 03:45:00+00:00,88.58000183105469,88.58000183105469,88.06999969482422,88.4749984741211,250.0
2026-03-10 04:00:00+00:00,88.43000030517578,88.80999755859375,88.2699966430664,88.7300033569336,145.0
2026-03-10 04:15:00+00:00,88.69999694824219,88.86000061035156,88.63500213623047,88.6449966430664,159.0
2026-03-10 04:30:00+00:00,88.66000366210938,88.75,88.55500030517578,88.66999816894531,79.0
2026-03-10 04:45:00+00:00,88.66000366210938,88.75,88.58499908447266,88.7249984741211,46.0
2026-03-10 05:00:00+00:00,88.76499938964844,89.09500122070312,88.75499725341797,89.05999755859375,142.0
2026-03-10 05:15:00+00:00,89.09500122070312,89.1500015258789,88.86499786376953,88.92500305175781,111.0
2026-03-10 05:30:00+00:00,88.9800033569336,89.37999725341797,88.9749984741211,89.26499938964844,287.0
2026-03-10 05:45:00+00:00,89.2699966430664,89.55500030517578,89.08499908447266,89.53500366210938,164.0
2026-03-10 06:00:00+00:00,89.49500274658203,89.53500366210938,89.24500274658203,89.4800033569336,207.0
2026-03-10 06:15:00+00:00,89.375,89.5,89.06999969482422,89.12000274658203,168.0
2026-03-10 06:30:00+00:00,89.16500091552734,89.32499694824219,88.94499969482422,89.17500305175781,139.0
2026-03-10 06:45:00+00:00,89.19000244140625,89.43499755859375,89.15499877929688,89.25499725341797,137.0
2026-03-10 07:00:00+00:00,89.22000122070312,89.52999877929688,88.86000061035156,89.16000366210938,266.0
2026-03-10 07:15:00+00:00,89.13999938964844,89.23999786376953,88.70999908447266,89.04000091552734,345.0
2026-03-10 07:30:00+00:00,89.0999984741211,89.2300033569336,88.90499877929688,89.2300033569336,167.0
2026-03-10 07:45:00+00:00,89.22000122070312,89.5,89.19000244140625,89.48500061035156,563.0
2026-03-10 08:00:00+00:00,89.51000213623047,89.58499908447266,89.25,89.38999938964844,341.0
2026-03-10 08:15:00+00:00,89.37999725341797,89.42500305175781,89.13500213623047,89.38999938964844,312.0
2026-03-10 08:30:00+00:00,89.3550033569336,89.6449966430664,89.23500061035156,89.51000213623047,214.0
2026-03-10 08:45:00+00:00,89.54000091552734,89.66999816894531,89.28500366210938,89.28500366210938,150.0
2026-03-10 09:00:00+00:00,89.34500122070312,89.54000091552734,89.32499694824219,89.45500183105469,68.0
2026-03-10 09:15:00+00:00,89.47000122070312,89.6500015258789,89.2750015258789,89.62999725341797,132.0
2026-03-10 09:30:00+00:00,89.61499786376953,89.75,89.5199966430664,89.68000030517578,144.0
2026-03-10 09:45:00+00:00,89.63999938964844,89.66500091552734,89.41999816894531,89.41999816894531,81.0
2026-03-10 10:00:00+00:00,89.40499877929688,89.41000366210938,89.05999755859375,89.16500091552734,375.0
2026-03-10 10:15:00+00:00,89.1050033569336,89.15499877929688,88.7249984741211,88.83499908447266,353.0
2026-03-10 10:30:00+00:00,88.79499816894531,88.83000183105469,88.08000183105469,88.73500061035156,570.0
2026-03-10 10:45:00+00:00,88.73500061035156,88.80000305175781,88.51499938964844,88.6449966430664,161.0
2026-03-10 11:00:00+00:00,88.66999816894531,89.20999908447266,88.5,88.83999633789062,417.0
2026-03-10 11:15:00+00:00,88.86499786376953,88.95999908447266,88.37999725341797,88.66000366210938,320.0
2026-03-10 11:30:00+00:00,88.59500122070312,88.75,88.27999877929688,88.30000305175781,171.0
2026-03-10 11:45:00+00:00,88.30999755859375,88.63500213623047,88.29000091552734,88.62000274658203,144.0
2026-03-10 12:00:00+00:00,88.62000274658203,88.83000183105469,88.15499877929688,88.5999984741211,737.0
2026-03-10 12:15:00+00:00,88.625,88.88500213623047,88.43000030517578,88.74500274658203,561.0
2026-03-10 12:30:00+00:00,88.77999877929688,89.05000305175781,88.77999877929688,88.98999786376953,453.0
2026-03-10 12:45:00+00:00,88.99500274658203,89.09500122070312,88.68000030517578,88.87999725341797,541.0
2026-03-10 13:00:00+00:00,88.88500213623047,89.55500030517578,88.83499908447266,89.54499816894531,966.0
2026-03-10 13:15:00+00:00,89.53500366210938,89.9749984741211,89.44499969482422,89.68499755859375,952.0
2026-03-10 13:30:00+00:00,89.70500183105469,89.72000122070312,89.05000305175781,89.20999908447266,1029.0
2026-03-10 13:45:00+00:00,89.1500015258789,89.32499694824219,88.69499969482422,89.1050033569336,1329.0
2026-03-10 14:00:00+00:00,89.0999984741211,89.30000305175781,88.625,88.83499908447266,1205.0
2026-03-10 14:15:00+00:00,88.86000061035156,89.36000061035156,88.80999755859375,89.20999908447266,522.0
2026-03-10 14:30:00+00:00,89.20500183105469,89.30500030517578,88.8550033569336,89.29000091552734,620.0
2026-03-10 14:45:00+00:00,89.31500244140625,89.63999938964844,89.23999786376953,89.4749984741211,610.0
2026-03-10 15:00:00+00:00,89.50499725341797,89.80000305175781,89.38999938964844,89.75,506.0
2026-03-10 15:15:00+00:00,89.75,90.04000091552734,89.75,89.8949966430664,851.0
2026-03-10 15:30:00+00:00,89.90499877929688,90.09500122070312,89.80000305175781,90.06500244140625,768.0
2026-03-10 15:45:00+00:00,90.07499694824219,90.08499908447266,89.76499938964844,89.83000183105469,627.0
2026-03-10 16:00:00+00:00,89.8499984741211,89.8550033569336,89.32499694824219,89.55000305175781,666.0
2026-03-10 16:15:00+00:00,89.51499938964844,89.93499755859375,89.51499938964844,89.8499984741211,352.0
2026-03-10 16:30:00+00:00,89.9000015258789,90.09500122070312,89.88999938964844,89.90499877929688,701.0
2026-03-10 16:45:00+00:00,89.8949966430664,90.06500244140625,89.75,89.81500244140625,422.0
2026-03-10 17:00:00+00:00,89.83499908447266,89.95500183105469,89.68000030517578,89.94499969482422,883.0
2026-03-10 17:15:00+00:00,89.93499755859375,89.9749984741211,89.44000244140625,89.68000030517578,1883.0
2026-03-10 17:30:00+00:00,89.70999908447266,89.86000061035156,89.41999816894531,89.5199966430664,380.0
2026-03-10 17:45:00+00:00,89.49500274658203,89.56500244140625,89.26000213623047,89.34500122070312,275.0
2026-03-10 18:00:00+00:00,89.36499786376953,89.4749984741211,89.00499725341797,89.04499816894531,414.0
2026-03-10 18:15:00+00:00,89.06500244140625,89.08499908447266,87.19999694824219,88.5250015258789,2468.0
2026-03-10 18:30:00+00:00,88.55500030517578,88.66999816894531,87.94499969482422,88.4000015258789,812.0
2026-03-10 18:45:00+00:00,88.36000061035156,88.75,88.19999694824219,88.19999694824219,395.0
2026-03-10 19:00:00+00:00,88.1500015258789,88.7249984741211,88.0999984741211,88.7249984741211,201.0
2026-03-10 19:15:00+00:00,88.79499816894531,88.95999908447266,88.58000183105469,88.65499877929688,225.0
2026-03-10 19:30:00+00:00,88.58000183105469,88.70999908447266,88.0,88.45999908447266,352.0
2026-03-10 19:45:00+00:00,88.41000366210938,88.7300033569336,88.38500213623047,88.69499969482422,158.0
2026-03-10 20:00:00+00:00,88.68000030517578,88.8499984741211,88.59500122070312,88.80000305175781,93.0
2026-03-10 20:15:00+00:00,88.80500030517578,88.8550033569336,88.54000091552734,88.79499816894531,97.0
2026-03-10 20:30:00+00:00,88.73500061035156,88.87999725341797,88.66999816894531,88.8550033569336,69.0
2026-03-10 20:45:00+00:00,88.8499984741211,88.91999816894531,88.5250015258789,88.56999969482422,228.0
2026-03-10 22:00:00+00:00,88.50499725341797,88.96499633789062,88.5,88.8949966430664,122.0
2026-03-10 22:15:00+00:00,88.95500183105469,89.21499633789062,88.91000366210938,88.94000244140625,242.0
2026-03-10 22:30:00+00:00,88.94000244140625,89.0,88.65499877929688,88.66999816894531,127.0
2026-03-10 22:45:00+00:00,88.69499969482422,88.81999969482422,88.5250015258789,88.54499816894531,70.0
2026-03-10 23:00:00+00:00,88.61000061035156,88.83499908447266,88.54000091552734,88.66999816894531,37.0
2026-03-10 23:15:00+00:00,88.70999908447266,88.81999969482422,88.55999755859375,88.61000061035156,41.0
2026-03-10 23:30:00+00:00,88.66000366210938,88.79000091552734,88.58999633789062,88.69999694824219,34.0
2026-03-10 23:45:00+00:00,88.72000122070312,88.72000122070312,88.31500244140625,88.70500183105469,139.0
2026-03-11 00:00:00+00:00,88.75,88.79499816894531,88.02999877929688,88.34500122070312,238.0
2026-03-11 00:15:00+00:00,88.375,89.13999938964844,88.34500122070312,89.05999755859375,194.0
2026-03-11 00:30:00+00:00,89.06999969482422,89.17500305175781,88.87000274658203,88.93499755859375,127.0
2026-03-11 00:45:00+00:00,88.95999908447266,89.53500366210938,88.95999908447266,89.53500366210938,353.0
2026-03-11 01:00:00+00:00,89.51499938964844,89.70500183105469,89.05500030517578,89.23500061035156,352.0
2026-03-11 01:15:00+00:00,89.16000366210938,89.42500305175781,88.73999786376953,89.0250015258789,214.0
2026-03-11 01:30:00+00:00,88.95500183105469,89.08000183105469,88.68000030517578,88.91000366210938,113.0
2026-03-11 01:45:00+00:00,88.9000015258789,89.125,88.75499725341797,88.76000213623047,211.0
2026-03-11 02:00:00+00:00,88.7699966430664,88.8550033569336,88.24500274658203,88.3550033569336,274.0
2026-03-11 02:15:00+00:00,88.38500213623047,88.66000366210938,88.36000061035156,88.46499633789062,206.0
2026-03-11 02:30:00+00:00,88.42500305175781,88.66500091552734,88.06999969482422,88.66500091552734,215.0
2026-03-11 02:45:00+00:00,88.66500091552734,89.30000305175781,88.66500091552734,89.0199966430664,373.0
2026-03-11 03:00:00+00:00,89.05999755859375,89.12000274658203,88.77999877929688,88.87999725341797,41.0
2026-03-11 03:15:00+00:00,88.87999725341797,88.94999694824219,88.625,88.67500305175781,61.0
2026-03-11 03:30:00+00:00,88.66000366210938,88.77999877929688,88.55000305175781,88.59500122070312,49.0
2026-03-11 03:45:00+00:00,88.6449966430664,88.6449966430664,88.2699966430664,88.38500213623047,63.0
2026-03-11 04:00:00+00:00,88.43000030517578,88.61000061035156,88.26499938964844,88.61000061035156,69.0
2026-03-11 04:15:00+00:00,88.61499786376953,88.69000244140625,88.58499908447266,88.62000274658203,27.0
2026-03-11 04:30:00+00:00,88.58999633789062,88.61499786376953,88.51499938964844,88.55500030517578,16.0
2026-03-11 04:45:00+00:00,88.5199966430664,88.5250015258789,88.3550033569336,88.48500061035156,70.0
2026-03-11 05:00:00+00:00,88.48500061035156,88.58499908447266,88.38999938964844,88.38999938964844,50.0
2026-03-11 05:15:00+00:00,88.43499755859375,88.53500366210938,88.17500305175781,88.17500305175781,139.0
2026-03-11 05:30:00+00:00,88.16500091552734,88.23500061035156,87.16000366210938,87.97000122070312,1331.0
2026-03-11 05:45:00+00:00,87.88999938964844,87.94000244140625,87.30000305175781,87.88500213623047,381.0
2026-03-11 06:00:00+00:00,87.87999725341797,88.23500061035156,87.59500122070312,88.20999908447266,223.0
2026-03-11 06:15:00+00:00,88.19000244140625,88.27999877929688,88.0199966430664,88.21499633789062,134.0
2026-03-11 06:30:00+00:00,88.21499633789062,88.24500274658203,87.80000305175781,87.88500213623047,167.0
2026-03-11 06:45:00+00:00,87.83499908447266,87.86499786376953,87.43499755859375,87.52999877929688,328.0
2026-03-11 07:00:00+00:00,87.51000213623047,87.72000122070312,87.4000015258789,87.5250015258789,247.0
2026-03-11 07:15:00+00:00,87.58499908447266,87.70500183105469,87.47000122070312,87.70500183105469,137.0
2026-03-11 07:30:00+00:00,87.72000122070312,87.75,86.70999908447266,87.04000091552734,640.0
2026-03-11 07:45:00+00:00,87.03500366210938,87.2249984741211,86.55500030517578,87.18499755859375,855.0
2026-03-11 08:00:00+00:00,87.19499969482422,87.2750015258789,86.625,87.2750015258789,410.0
2026-03-11 08:15:00+00:00,87.25499725341797,87.31500244140625,86.87000274658203,86.98999786376953,225.0
2026-03-11 08:30:00+00:00,86.99500274658203,87.26499938964844,86.74500274658203,87.16000366210938,317.0
2026-03-11 08:45:00+00:00,87.09500122070312,87.48999786376953,87.06999969482422,87.36000061035156,217.0
2026-03-11 09:00:00+00:00,87.30999755859375,87.3949966430664,87.0,87.33000183105469,274.0
2026-03-11 09:15:00+00:00,87.2750015258789,87.43499755859375,87.23500061035156,87.41500091552734,132.0
2026-03-11 09:30:00+00:00,87.375,87.58000183105469,87.25,87.29000091552734,240.0
2026-03-11 09:45:00+00:00,87.2300033569336,87.29000091552734,86.5999984741211,86.80000305175781,400.0
2026-03-11 10:00:00+00:00,86.81500244140625,87.34500122070312,86.72000122070312,87.30999755859375,480.0
2026-03-11 10:15:00+00:00,87.32499694824219,87.33000183105469,87.13999938964844,87.26499938964844,166.0
2026-03-11 10:30:00+00:00,87.28500366210938,87.28500366210938,86.70500183105469,86.76000213623047,276.0
2026-03-11 10:45:00+00:00,86.75499725341797,87.01000213623047,86.6050033569336,86.73999786376953,346.0
2026-03-11 11:00:00+00:00,86.75,87.2249984741211,86.75,86.90499877929688,328.0
2026-03-11 11:15:00+00:00,86.91999816894531,87.0,86.67500305175781,86.83000183105469,201.0
2026-03-11 11:30:00+00:00,86.76499938964844,86.94999694824219,86.375,86.3949966430664,409.0
2026-03-11 11:45:00+00:00,86.36000061035156,86.73999786376953,86.13500213623047,86.44499969482422,988.0
2026-03-11 12:00:00+00:00,86.41000366210938,86.77999877929688,86.1449966430664,86.68000030517578,543.0
2026-03-11 12:15:00+00:00,86.69499969482422,86.94499969482422,86.51499938964844,86.66500091552734,381.0
2026-03-11 12:30:00+00:00,86.76499938964844,86.88500213623047,86.0999984741211,86.19000244140625,1046.0
2026-03-11 12:45:00+00:00,86.16000366210938,86.19499969482422,85.37000274658203,85.41999816894531,1605.0
2026-03-11 13:00:00+00:00,85.41999816894531,86.07499694824219,84.81500244140625,85.8550033569336,2275.0
2026-03-11 13:15:00+00:00,85.8550033569336,86.38500213623047,85.80999755859375,86.3499984741211,626.0
2026-03-11 13:30:00+00:00,86.31999969482422,86.31999969482422,85.27999877929688,85.31999969482422,1467.0
2026-03-11 13:45:00+00:00,85.25,85.45500183105469,84.55500030517578,85.40499877929688,1683.0
2026-03-11 14:00:00+00:00,85.38500213623047,85.8550033569336,85.375,85.8499984741211,1078.0
2026-03-11 14:15:00+00:00,85.8550033569336,86.06999969482422,85.40499877929688,86.05999755859375,1203.0
2026-03-11 14:30:00+00:00,86.0199966430664,86.12000274658203,85.5,85.9000015258789,756.0
2026-03-11 14:45:00+00:00,85.82499694824219,86.09500122070312,85.6449966430664,85.68000030517578,967.0
2026-03-11 15:00:00+00:00,85.73500061035156,85.87999725341797,85.08999633789062,85.25499725341797,819.0
2026-03-11 15:15:00+00:00,85.25,85.59500122070312,85.07499694824219,85.3499984741211,717.0
2026-03-11 15:30:00+00:00,85.32499694824219,85.33000183105469,84.94000244140625,85.05999755859375,475.0
2026-03-11 15:45:00+00:00,85.1050033569336,85.29000091552734,84.80500030517578,84.99500274658203,645.0
2026-03-11 16:00:00+00:00,84.9749984741211,85.17500305175781,84.56500244140625,85.02999877929688,714.0
2026-03-11 16:15:00+00:00,85.06500244140625,85.24500274658203,84.82499694824219,85.06500244140625,449.0
2026-03-11 16:30:00+00:00,85.06999969482422,85.55000305175781,85.04499816894531,85.44499969482422,862.0
2026-03-11 16:45:00+00:00,85.44999694824219,85.56999969482422,85.33499908447266,85.47000122070312,393.0
2026-03-11 17:00:00+00:00,85.48999786376953,85.76499938964844,85.41999816894531,85.44999694824219,572.0
2026-03-11 17:15:00+00:00,85.44000244140625,85.69000244140625,85.26499938964844,85.57499694824219,1643.0
2026-03-11 17:30:00+00:00,85.62999725341797,85.62999725341797,84.9000015258789,85.30000305175781,685.0
2026-03-11 17:45:00+00:00,85.31999969482422,85.46499633789062,85.19499969482422,85.43000030517578,158.0
2026-03-11 18:00:00+00:00,85.48500061035156,85.73999786376953,85.42500305175781,85.6050033569336,271.0
2026-03-11 18:15:00+00:00,85.5999984741211,86.11499786376953,85.58999633789062,86.11499786376953,362.0
2026-03-11 18:30:00+00:00,86.05999755859375,86.05999755859375,85.74500274658203,85.84500122070312,298.0
2026-03-11 18:45:00+00:00,85.86000061035156,85.87999725341797,85.46499633789062,85.6500015258789,228.0
2026-03-11 19:00:00+00:00,85.625,85.76000213623047,85.56999969482422,85.63500213623047,77.0
2026-03-11 19:15:00+00:00,85.63999938964844,85.8499984741211,85.61499786376953,85.84500122070312,54.0
2026-03-11 19:30:00+00:00,85.87999725341797,86.12000274658203,85.81500244140625,86.0999984741211,176.0
2026-03-11 19:45:00+00:00,86.08999633789062,86.2300033569336,85.93000030517578,86.19499969482422,410.0
2026-03-11 20:00:00+00:00,86.19000244140625,86.26000213623047,86.03500366210938,86.11000061035156,79.0
2026-03-11 20:15:00+00:00,86.06999969482422,86.08499908447266,85.9800033569336,86.00499725341797,55.0
2026-03-11 20:30:00+00:00,85.98500061035156,86.0,85.87999725341797,85.88500213623047,86.0
2026-03-11 20:45:00+00:00,85.88500213623047,86.0250015258789,85.80500030517578,85.91000366210938,130.0
2026-03-11 22:00:00+00:00,86.06500244140625,86.06500244140625,85.5,85.77999877929688,66.0
2026-03-11 22:15:00+00:00,85.74500274658203,85.74500274658203,85.31500244140625,85.44499969482422,107.0
2026-03-11 22:30:00+00:00,85.4800033569336,85.4800033569336,85.11000061035156,85.21499633789062,112.0
2026-03-11 22:45:00+00:00,85.26000213623047,85.45999908447266,84.75,85.05999755859375,192.0
2026-03-11 23:00:00+00:00,85.05000305175781,85.375,85.02999877929688,85.26000213623047,128.0
2026-03-11 23:15:00+00:00,85.30000305175781,85.32499694824219,85.11000061035156,85.28500366210938,50.0
2026-03-11 23:30:00+00:00,85.23500061035156,85.33999633789062,85.0250015258789,85.0250015258789,80.0
2026-03-11 23:45:00+00:00,85.01499938964844,85.01499938964844,84.71499633789062,84.71499633789062,207.0
2026-03-12 00:00:00+00:00,84.75499725341797,85.11499786376953,84.05999755859375,85.07499694824219,775.0
2026-03-12 00:15:00+00:00,85.04000091552734,85.4800033569336,85.0250015258789,85.3499984741211,195.0
2026-03-12 00:30:00+00:00,85.36000061035156,85.80000305175781,85.33499908447266,85.72000122070312,208.0
2026-03-12 00:45:00+00:00,85.74500274658203,85.81999969482422,85.55999755859375,85.77999877929688,88.0
2026-03-12 01:00:00+00:00,85.70500183105469,86.05000305175781,85.45500183105469,85.77999877929688,260.0
2026-03-12 01:15:00+00:00,85.7300033569336,85.7300033569336,85.16000366210938,85.17500305175781,190.0
2026-03-12 01:30:00+00:00,85.13999938964844,85.8550033569336,85.05500030517578,85.8550033569336,124.0
2026-03-12 01:45:00+00:00,85.8499984741211,85.875,85.48999786376953,85.63500213623047,119.0
2026-03-12 02:00:00+00:00,85.62000274658203,85.87999725341797,85.5999984741211,85.74500274658203,100.0
2026-03-12 02:15:00+00:00,85.70999908447266,85.75,85.43000030517578,85.44999694824219,75.0
2026-03-12 02:30:00+00:00,85.48999786376953,85.69000244140625,84.73999786376953,84.9000015258789,418.0
2026-03-12 02:45:00+00:00,84.88999938964844,84.95999908447266,84.4749984741211,84.66500091552734,252.0
2026-03-12 03:00:00+00:00,84.6500015258789,85.1449966430664,84.6500015258789,84.83000183105469,259.0
2026-03-12 03:15:00+00:00,84.86499786376953,85.06999969482422,84.69499969482422,84.93000030517578,267.0
2026-03-12 03:30:00+00:00,84.94000244140625,85.04000091552734,84.5250015258789,84.98500061035156,262.0
2026-03-12 03:45:00+00:00,85.00499725341797,85.12999725341797,84.95500183105469,85.05999755859375,74.0
2026-03-12 04:00:00+00:00,84.90499877929688,85.04000091552734,84.83999633789062,84.95500183105469,41.0
2026-03-12 04:15:00+00:00,85.02999877929688,85.05500030517578,84.79499816894531,84.90499877929688,45.0
2026-03-12 04:30:00+00:00,84.86000061035156,84.86000061035156,84.53500366210938,84.53500366210938,106.0
2026-03-12 04:45:00+00:00,84.61000061035156,84.68499755859375,84.49500274658203,84.51499938964844,132.0
2026-03-12 05:00:00+00:00,84.5250015258789,84.98999786376953,84.5250015258789,84.88999938964844,80.0
2026-03-12 05:15:00+00:00,84.91999816894531,85.08000183105469,84.70999908447266,84.79000091552734,104.0
2026-03-12 05:30:00+00:00,84.79000091552734,85.53500366210938,84.69999694824219,85.45500183105469,321.0
2026-03-12 05:45:00+00:00,85.50499725341797,85.59500122070312,85.29499816894531,85.4749984741211,186.0
2026-03-12 06:00:00+00:00,85.49500274658203,85.6050033569336,85.31999969482422,85.55000305175781,157.0
2026-03-12 06:15:00+00:00,85.55000305175781,85.61499786376953,85.25499725341797,85.51499938964844,174.0
2026-03-12 06:30:00+00:00,85.625,86.70500183105469,85.55000305175781,86.61000061035156,657.0
2026-03-12 06:45:00+00:00,86.6500015258789,86.66500091552734,86.28500366210938,86.36499786376953,256.0
2026-03-12 07:00:00+00:00,86.36000061035156,86.36000061035156,86.0,86.25,272.0
2026-03-12 07:15:00+00:00,86.22000122070312,86.67500305175781,86.19000244140625,86.65499877929688,210.0
2026-03-12 07:30:00+00:00,86.62999725341797,87.19000244140625,86.58499908447266,87.12000274658203,411.0
2026-03-12 07:45:00+00:00,87.0999984741211,87.25,87.0,87.2249984741211,304.0
2026-03-12 08:00:00+00:00,87.23999786376953,87.38500213623047,87.0999984741211,87.21499633789062,228.0
2026-03-12 08:15:00+00:00,87.19999694824219,87.23999786376953,86.8499984741211,86.93499755859375,320.0
2026-03-12 08:30:00+00:00,86.94999694824219,87.29000091552734,86.82499694824219,86.82499694824219,220.0
2026-03-12 08:45:00+00:00,86.875,87.01499938964844,86.68000030517578,86.94000244140625,166.0
2026-03-12 09:00:00+00:00,86.9749984741211,87.16999816894531,86.88500213623047,86.98500061035156,258.0
2026-03-12 09:15:00+00:00,86.9800033569336,87.0999984741211,86.95500183105469,87.00499725341797,124.0
2026-03-12 09:30:00+00:00,87.03500366210938,87.33000183105469,87.03500366210938,87.18499755859375,188.0
2026-03-12 09:45:00+00:00,87.16500091552734,87.31999969482422,87.05500030517578,87.31999969482422,96.0
2026-03-12 10:00:00+00:00,87.26000213623047,87.44000244140625,87.18499755859375,87.22000122070312,175.0
2026-03-12 10:15:00+00:00,87.20500183105469,87.44499969482422,87.06999969482422,87.3550033569336,185.0
2026-03-12 10:30:00+00:00,87.375,87.43000030517578,86.99500274658203,87.18499755859375,454.0
2026-03-12 10:45:00+00:00,87.19999694824219,87.44499969482422,87.19999694824219,87.43499755859375,356.0
2026-03-12 11:00:00+00:00,87.42500305175781,87.47000122070312,87.08000183105469,87.1050033569336,215.0
2026-03-12 11:15:00+00:00,87.06500244140625,87.125,86.97000122070312,87.08000183105469,132.0
2026-03-12 11:30:00+00:00,87.11000061035156,87.29000091552734,87.05500030517578,87.28500366210938,143.0
2026-03-12 11:45:00+00:00,87.30000305175781,87.30000305175781,87.0,87.1500015258789,288.0
2026-03-12 12:00:00+00:00,87.16000366210938,87.3550033569336,86.87999725341797,87.07499694824219,1068.0
2026-03-12 12:15:00+00:00,87.0,87.24500274658203,86.7699966430664,87.1500015258789,311.0
2026-03-12 12:30:00+00:00,87.19499969482422,87.5,86.95999908447266,87.26000213623047,515.0
2026-03-12 12:45:00+00:00,87.25499725341797,87.63500213623047,87.23999786376953,87.5199966430664,391.0
2026-03-12 13:00:00+00:00,87.51499938964844,87.69499969482422,87.17500305175781,87.42500305175781,830.0
2026-03-12 13:15:00+00:00,87.42500305175781,87.42500305175781,86.75,86.93499755859375,662.0
2026-03-12 13:30:00+00:00,86.91000366210938,86.91000366210938,86.25,86.6449966430664,1535.0
2026-03-12 13:45:00+00:00,86.5999984741211,86.70500183105469,85.80000305175781,86.07499694824219,1282.0
2026-03-12 14:00:00+00:00,86.05000305175781,86.6449966430664,86.0199966430664,86.61000061035156,801.0
2026-03-12 14:15:00+00:00,86.61499786376953,86.6449966430664,85.86000061035156,85.94000244140625,717.0
2026-03-12 14:30:00+00:00,85.95500183105469,86.02999877929688,85.51000213623047,85.94999694824219,890.0
2026-03-12 14:45:00+00:00,85.93499755859375,86.13500213623047,85.31999969482422,85.75,835.0
2026-03-12 15:00:00+00:00,85.76000213623047,85.80500030517578,84.625,85.01000213623047,1082.0
2026-03-12 15:15:00+00:00,85.0,85.32499694824219,84.73999786376953,85.26000213623047,680.0
2026-03-12 15:30:00+00:00,85.26000213623047,85.49500274658203,84.84500122070312,85.41500091552734,811.0
2026-03-12 15:45:00+00:00,85.42500305175781,85.5250015258789,85.25,85.38999938964844,459.0
2026-03-12 16:00:00+00:00,85.38500213623047,85.6449966430664,85.0199966430664,85.3499984741211,532.0
2026-03-12 16:15:00+00:00,85.375,85.78500366210938,85.34500122070312,85.48999786376953,462.0
2026-03-12 16:30:00+00:00,85.5199966430664,85.79000091552734,85.19999694824219,85.63999938964844,520.0
2026-03-12 16:45:00+00:00,85.6500015258789,85.69000244140625,85.26000213623047,85.26000213623047,303.0
2026-03-12 17:00:00+00:00,85.29000091552734,85.5999984741211,85.26000213623047,85.26000213623047,488.0
2026-03-12 17:15:00+00:00,85.27999877929688,85.3550033569336,84.96499633789062,85.08000183105469,1170.0
2026-03-12 17:30:00+00:00,85.04499816894531,85.16000366210938,84.86499786376953,85.0999984741211,249.0
2026-03-12 17:45:00+00:00,85.0,85.17500305175781,84.87999725341797,84.95999908447266,227.0
2026-03-12 18:00:00+00:00,85.0,85.36000061035156,84.96499633789062,85.13500213623047,202.0
2026-03-12 18:15:00+00:00,85.20999908447266,85.29499816894531,84.83999633789062,84.9800033569336,267.0
2026-03-12 18:30:00+00:00,84.9749984741211,85.11499786376953,84.8949966430664,85.06500244140625,143.0
2026-03-12 18:45:00+00:00,85.02999877929688,85.21499633789062,84.86499786376953,84.95500183105469,210.0
2026-03-12 19:00:00+00:00,84.91999816894531,85.05500030517578,84.55999755859375,85.05500030517578,466.0
2026-03-12 19:15:00+00:00,85.04499816894531,85.0999984741211,84.87999725341797,85.0999984741211,261.0
2026-03-12 19:30:00+00:00,85.125,85.16999816894531,84.83000183105469,84.83000183105469,133.0
2026-03-12 19:45:00+00:00,84.82499694824219,84.94499969482422,84.52999877929688,84.69499969482422,259.0
2026-03-12 20:00:00+00:00,84.66500091552734,84.77999877929688,84.25,84.42500305175781,240.0
2026-03-12 20:15:00+00:00,84.42500305175781,84.54499816894531,83.58000183105469,83.63999938964844,1270.0
2026-03-12 20:30:00+00:00,83.58499908447266,83.94499969482422,83.12000274658203,83.91500091552734,723.0
2026-03-12 20:45:00+00:00,83.88999938964844,84.13500213623047,83.80000305175781,83.95500183105469,366.0
2026-03-12 22:00:00+00:00,83.91000366210938,83.91000366210938,83.50499725341797,83.6050033569336,38.0
2026-03-12 22:15:00+00:00,83.63500213623047,84.44999694824219,83.63500213623047,84.30000305175781,214.0
2026-03-12 22:30:00+00:00,84.26000213623047,84.30500030517578,84.03500366210938,84.21499633789062,57.0
2026-03-12 22:45:00+00:00,84.21499633789062,84.49500274658203,84.06500244140625,84.49500274658203,123.0
2026-03-12 23:00:00+00:00,84.4800033569336,84.4800033569336,84.2750015258789,84.32499694824219,68.0
2026-03-12 23:15:00+00:00,84.30000305175781,84.51499938964844,84.30000305175781,84.44999694824219,53.0
2026-03-12 23:30:00+00:00,84.28500366210938,84.375,84.24500274658203,84.2750015258789,51.0
2026-03-12 23:45:00+00:00,84.33999633789062,84.4000015258789,84.12999725341797,84.12999725341797,108.0
2026-03-13 00:00:00+00:00,84.12999725341797,84.8949966430664,84.06500244140625,84.81999969482422,247.0
2026-03-13 00:15:00+00:00,84.8499984741211,84.94999694824219,84.72000122070312,84.81999969482422,108.0
2026-03-13 00:30:00+00:00,84.83499908447266,85.18000030517578,84.83499908447266,84.91500091552734,167.0
2026-03-13 00:45:00+00:00,84.94499969482422,85.23500061035156,84.94499969482422,85.19000244140625,127.0
2026-03-13 01:00:00+00:00,85.25,85.62000274658203,85.25,85.48999786376953,437.0
2026-03-13 01:15:00+00:00,85.51000213623047,85.51000213623047,85.16500091552734,85.37999725341797,93.0
2026-03-13 01:30:00+00:00,85.38999938964844,85.4749984741211,84.76499938964844,84.83999633789062,387.0
2026-03-13 01:45:00+00:00,84.81500244140625,84.95500183105469,84.12000274658203,84.95500183105469,355.0
2026-03-13 02:00:00+00:00,85.04499816894531,85.37999725341797,85.04499816894531,85.2300033569336,260.0
2026-03-13 02:15:00+00:00,85.16000366210938,85.30000305175781,84.98500061035156,85.26000213623047,86.0
2026-03-13 02:30:00+00:00,85.23999786376953,85.30000305175781,84.93000030517578,85.04000091552734,121.0
2026-03-13 02:45:00+00:00,84.99500274658203,85.00499725341797,84.5,84.59500122070312,257.0
2026-03-13 03:00:00+00:00,84.50499725341797,84.69499969482422,84.3499984741211,84.44999694824219,257.0
2026-03-13 03:15:00+00:00,84.43499755859375,84.58000183105469,84.23999786376953,84.54499816894531,157.0
2026-03-13 03:30:00+00:00,84.50499725341797,84.69999694824219,84.26499938964844,84.63500213623047,156.0
2026-03-13 03:45:00+00:00,84.61499786376953,84.8949966430664,84.61000061035156,84.88500213623047,54.0
2026-03-13 04:00:00+00:00,84.80500030517578,84.8499984741211,84.61000061035156,84.62999725341797,53.0
2026-03-13 04:15:00+00:00,84.67500305175781,84.68000030517578,84.3499984741211,84.3499984741211,278.0
2026-03-13 04:30:00+00:00,84.38500213623047,84.5,84.30000305175781,84.48500061035156,53.0
2026-03-13 04:45:00+00:00,84.44999694824219,84.55000305175781,84.33499908447266,84.44499969482422,37.0
2026-03-13 05:00:00+00:00,84.44499969482422,84.5999984741211,84.43499755859375,84.44000244140625,35.0
2026-03-13 05:15:00+00:00,84.54000091552734,84.625,84.23500061035156,84.28500366210938,114.0
2026-03-13 05:30:00+00:00,84.32499694824219,84.36499786376953,83.58499908447266,83.70500183105469,619.0
2026-03-13 05:45:00+00:00,83.66999816894531,83.93000030517578,83.25,83.77999877929688,710.0
2026-03-13 06:00:00+00:00,83.7300033569336,83.97000122070312,83.53500366210938,83.68499755859375,359.0
2026-03-13 06:15:00+00:00,83.66999816894531,83.67500305175781,82.59500122070312,83.02999877929688,852.0
2026-03-13 06:30:00+00:00,82.98999786376953,83.2300033569336,82.49500274658203,82.62000274658203,808.0
2026-03-13 06:45:00+00:00,82.55999755859375,82.9000015258789,82.25,82.5250015258789,1003.0
2026-03-13 07:00:00+00:00,82.56999969482422,82.9800033569336,82.53500366210938,82.6500015258789,410.0
2026-03-13 07:15:00+00:00,82.63500213623047,82.6500015258789,81.51499938964844,82.4000015258789,1058.0
2026-03-13 07:30:00+00:00,82.40499877929688,82.75499725341797,82.30500030517578,82.55999755859375,406.0
2026-03-13 07:45:00+00:00,82.51499938964844,82.76499938964844,82.18499755859375,82.4749984741211,221.0
2026-03-13 08:00:00+00:00,82.4749984741211,82.4749984741211,81.66500091552734,82.40499877929688,519.0
2026-03-13 08:15:00+00:00,82.375,82.48999786376953,81.82499694824219,82.13500213623047,687.0
2026-03-13 08:30:00+00:00,82.11499786376953,82.86000061035156,82.11499786376953,82.62999725341797,381.0
2026-03-13 08:45:00+00:00,82.65499877929688,83.00499725341797,82.43000030517578,82.80000305175781,623.0
2026-03-13 09:00:00+00:00,82.80999755859375,83.03500366210938,82.76000213623047,82.81500244140625,234.0
2026-03-13 09:15:00+00:00,82.83000183105469,82.94000244140625,82.44999694824219,82.8949966430664,488.0
2026-03-13 09:30:00+00:00,82.94000244140625,82.9800033569336,82.66999816894531,82.80500030517578,132.0
2026-03-13 09:45:00+00:00,82.76499938964844,83.25,82.76499938964844,83.13500213623047,167.0
2026-03-13 10:00:00+00:00,83.1449966430664,83.30999755859375,82.86000061035156,83.30999755859375,171.0
2026-03-13 10:15:00+00:00,83.26000213623047,83.30999755859375,82.94999694824219,83.00499725341797,88.0
2026-03-13 10:30:00+00:00,83.0,83.2249984741211,82.83999633789062,83.1449966430664,91.0
2026-03-13 10:45:00+00:00,83.19999694824219,83.66500091552734,83.04000091552734,83.375,269.0
2026-03-13 11:00:00+00:00,83.31500244140625,83.5,83.05500030517578,83.2249984741211,261.0
2026-03-13 11:15:00+00:00,83.20999908447266,83.55000305175781,83.16000366210938,83.50499725341797,172.0
2026-03-13 11:30:00+00:00,83.4749984741211,83.4749984741211,83.19999694824219,83.33999633789062,86.0
2026-03-13 11:45:00+00:00,83.4000015258789,83.93499755859375,83.24500274658203,83.81999969482422,433.0
2026-03-13 12:00:00+00:00,83.83499908447266,84.37000274658203,83.79499816894531,84.13999938964844,843.0
2026-03-13 12:15:00+00:00,84.13999938964844,84.36499786376953,84.0199966430664,84.26499938964844,293.0
2026-03-13 12:30:00+00:00,84.29499816894531,84.44999694824219,84.04499816894531,84.12999725341797,448.0
2026-03-13 12:45:00+00:00,84.1449966430664,84.63500213623047,84.12000274658203,84.44000244140625,513.0
2026-03-13 13:00:00+00:00,84.44000244140625,84.6500015258789,84.09500122070312,84.38500213623047,694.0
2026-03-13 13:15:00+00:00,84.42500305175781,84.56500244140625,84.16999816894531,84.2249984741211,538.0
2026-03-13 13:30:00+00:00,84.16500091552734,84.23500061035156,83.50499725341797,84.23500061035156,1372.0
2026-03-13 13:45:00+00:00,84.23999786376953,84.41000366210938,83.67500305175781,83.73500061035156,959.0
2026-03-13 14:00:00+00:00,83.69999694824219,83.80000305175781,82.6500015258789,82.6500015258789,1098.0
2026-03-13 14:15:00+00:00,82.61499786376953,82.81500244140625,82.24500274658203,82.61000061035156,1204.0
2026-03-13 14:30:00+00:00,82.55000305175781,82.76000213623047,82.05999755859375,82.18000030517578,1172.0
2026-03-13 14:45:00+00:00,82.16500091552734,82.29499816894531,80.73999786376953,80.75,3351.0
2026-03-13 15:00:00+00:00,80.73500061035156,81.72000122070312,80.68000030517578,81.55999755859375,2238.0
2026-03-13 15:15:00+00:00,81.56500244140625,81.56999969482422,80.94499969482422,81.1500015258789,706.0
2026-03-13 15:30:00+00:00,81.1050033569336,81.29000091552734,80.30999755859375,80.58999633789062,1468.0
2026-03-13 15:45:00+00:00,80.58000183105469,81.16000366210938,80.25,80.34500122070312,1619.0
2026-03-13 16:00:00+00:00,80.33999633789062,80.4749984741211,79.5199966430664,80.33999633789062,2766.0
2026-03-13 16:15:00+00:00,80.30500030517578,80.41000366210938,79.88999938964844,80.2300033569336,912.0
2026-03-13 16:30:00+00:00,80.23999786376953,80.50499725341797,80.02999877929688,80.1449966430664,908.0
2026-03-13 16:45:00+00:00,80.16500091552734,80.66000366210938,79.91999816894531,80.42500305175781,736.0
2026-03-13 17:00:00+00:00,80.46499633789062,81.12000274658203,80.41999816894531,81.12000274658203,1127.0
2026-03-13 17:15:00+00:00,81.12999725341797,81.45999908447266,81.06500244140625,81.21499633789062,1581.0
2026-03-13 17:30:00+00:00,81.19999694824219,81.46499633789062,81.04499816894531,81.12000274658203,550.0
2026-03-13 17:45:00+00:00,81.15499877929688,81.25499725341797,80.80500030517578,81.04499816894531,386.0
2026-03-13 18:00:00+00:00,81.04000091552734,81.18499755859375,80.94999694824219,81.1050033569336,301.0
2026-03-13 18:15:00+00:00,81.0999984741211,81.2249984741211,80.81500244140625,81.22000122070312,310.0
2026-03-13 18:30:00+00:00,81.19999694824219,81.33000183105469,80.86499786376953,80.94499969482422,440.0
2026-03-13 18:45:00+00:00,80.9000015258789,81.13500213623047,80.8949966430664,81.05000305175781,177.0
2026-03-13 19:00:00+00:00,81.12000274658203,81.16999816894531,80.72000122070312,81.01499938964844,220.0
2026-03-13 19:15:00+00:00,81.01499938964844,81.05500030517578,80.51000213623047,80.6449966430664,332.0
2026-03-13 19:30:00+00:00,80.62999725341797,80.73999786376953,80.19499969482422,80.3550033569336,374.0
2026-03-13 19:45:00+00:00,80.38999938964844,80.55999755859375,79.95999908447266,80.36499786376953,641.0
2026-03-13 20:00:00+00:00,80.37000274658203,80.45500183105469,80.0,80.3949966430664,255.0
2026-03-13 20:15:00+00:00,80.37999725341797,80.50499725341797,80.30999755859375,80.3550033569336,201.0
2026-03-13 20:30:00+00:00,80.32499694824219,80.65499877929688,80.25,80.59500122070312,149.0
2026-03-13 20:45:00+00:00,80.55999755859375,80.73500061035156,80.4800033569336,80.6449966430664,253.0
2026-03-15 22:00:00+00:00,80.31500244140625,80.41999816894531,80.2300033569336,80.29000091552734,35.0
2026-03-15 22:15:00+00:00,80.22000122070312,80.22000122070312,79.4800033569336,79.94499969482422,451.0
2026-03-15 22:30:00+00:00,80.11499786376953,80.20500183105469,79.8550033569336,80.1449966430664,167.0
2026-03-15 22:45:00+00:00,80.125,80.66999816894531,80.12000274658203,80.57499694824219,204.0
2026-03-15 23:00:00+00:00,80.56999969482422,80.63500213623047,80.04499816894531,80.05000305175781,122.0
2026-03-15 23:15:00+00:00,80.08000183105469,80.19999694824219,79.32499694824219,80.03500366210938,549.0
2026-03-15 23:30:00+00:00,80.02999877929688,80.03500366210938,79.61000061035156,79.84500122070312,157.0
2026-03-15 23:45:00+00:00,79.7249984741211,80.16999816894531,79.66500091552734,80.15499877929688,205.0
2026-03-16 00:00:00+00:00,80.21499633789062,81.49500274658203,80.21499633789062,81.31500244140625,611.0
2026-03-16 00:15:00+00:00,81.3499984741211,81.53500366210938,81.11499786376953,81.16000366210938,269.0
2026-03-16 00:30:00+00:00,81.2300033569336,81.51000213623047,81.1449966430664,81.43499755859375,122.0
2026-03-16 00:45:00+00:00,81.45500183105469,81.66000366210938,81.18499755859375,81.58999633789062,241.0
2026-03-16 01:00:00+00:00,81.61000061035156,81.6500015258789,78.5999984741211,78.73500061035156,1702.0
2026-03-16 01:15:00+00:00,78.67500305175781,79.68000030517578,78.53500366210938,79.19000244140625,1005.0
2026-03-16 01:30:00+00:00,79.17500305175781,79.77999877929688,78.6449966430664,79.75,605.0
2026-03-16 01:45:00+00:00,79.76499938964844,80.4749984741211,79.70999908447266,80.46499633789062,487.0
2026-03-16 02:00:00+00:00,80.42500305175781,80.50499725341797,79.94000244140625,80.1050033569336,160.0
2026-03-16 02:15:00+00:00,80.1449966430664,80.29499816894531,79.67500305175781,79.98500061035156,243.0
2026-03-16 02:30:00+00:00,79.9749984741211,80.05500030517578,79.44999694824219,79.80999755859375,296.0
2026-03-16 02:45:00+00:00,79.78500366210938,79.88999938964844,79.2300033569336,79.37999725341797,250.0
2026-03-16 03:00:00+00:00,79.44999694824219,79.6500015258789,78.92500305175781,78.94499969482422,152.0
2026-03-16 03:15:00+00:00,78.9749984741211,79.98500061035156,78.95999908447266,79.88500213623047,377.0
2026-03-16 03:30:00+00:00,79.92500305175781,80.2249984741211,79.91999816894531,80.2249984741211,105.0
2026-03-16 03:45:00+00:00,80.2699966430664,80.37000274658203,80.06999969482422,80.27999877929688,52.0
2026-03-16 04:00:00+00:00,80.29000091552734,80.7300033569336,80.25,80.65499877929688,174.0
2026-03-16 04:15:00+00:00,80.68000030517578,80.73500061035156,80.43499755859375,80.44000244140625,68.0
2026-03-16 04:30:00+00:00,80.47000122070312,80.59500122070312,80.30999755859375,80.3499984741211,65.0
2026-03-16 04:45:00+00:00,80.38999938964844,80.38999938964844,80.13500213623047,80.1449966430664,61.0
2026-03-16 05:00:00+00:00,80.15499877929688,80.32499694824219,80.09500122070312,80.1449966430664,85.0
2026-03-16 05:15:00+00:00,80.07499694824219,80.1050033569336,79.80000305175781,79.94999694824219,171.0
2026-03-16 05:30:00+00:00,79.875,80.43000030517578,79.51499938964844,80.32499694824219,285.0
2026-03-16 05:45:00+00:00,80.44000244140625,80.54000091552734,80.19499969482422,80.3499984741211,116.0
2026-03-16 06:00:00+00:00,80.375,80.55500030517578,80.02999877929688,80.5199966430664,186.0
2026-03-16 06:15:00+00:00,80.55500030517578,80.86000061035156,80.4000015258789,80.44499969482422,183.0
2026-03-16 06:30:00+00:00,80.44000244140625,80.51499938964844,79.95500183105469,80.20500183105469,228.0
2026-03-16 06:45:00+00:00,80.17500305175781,80.23999786376953,79.67500305175781,80.18499755859375,378.0
2026-03-16 07:00:00+00:00,80.20999908447266,80.46499633789062,79.8550033569336,80.06999969482422,222.0
2026-03-16 07:15:00+00:00,79.99500274658203,79.99500274658203,79.16000366210938,79.37999725341797,422.0
2026-03-16 07:30:00+00:00,79.40499877929688,79.55500030517578,79.01000213623047,79.08000183105469,283.0
2026-03-16 07:45:00+00:00,79.0999984741211,79.50499725341797,79.0999984741211,79.19999694824219,201.0
2026-03-16 08:00:00+00:00,79.16999816894531,79.6050033569336,78.81999969482422,78.86499786376953,336.0
2026-03-16 08:15:00+00:00,78.80999755859375,79.55500030517578,78.7300033569336,79.46499633789062,491.0
2026-03-16 08:30:00+00:00,79.5,79.51000213623047,78.79499816894531,78.80000305175781,288.0
2026-03-16 08:45:00+00:00,78.77999877929688,79.41999816894531,78.7750015258789,79.19999694824219,216.0
2026-03-16 09:00:00+00:00,79.22000122070312,79.25499725341797,78.62999725341797,79.07499694824219,403.0
2026-03-16 09:15:00+00:00,79.0199966430664,79.11499786376953,78.79000091552734,78.83999633789062,284.0
2026-03-16 09:30:00+00:00,78.82499694824219,78.94000244140625,78.2750015258789,78.2750015258789,577.0
2026-03-16 09:45:00+00:00,78.27999877929688,78.7699966430664,77.57499694824219,77.91500091552734,917.0
2026-03-16 10:00:00+00:00,77.8949966430664,77.8949966430664,77.125,77.25499725341797,1632.0
2026-03-16 10:15:00+00:00,77.2249984741211,77.9000015258789,77.2249984741211,77.82499694824219,1032.0
2026-03-16 10:30:00+00:00,77.83999633789062,78.20500183105469,77.76499938964844,78.19999694824219,560.0
2026-03-16 10:45:00+00:00,78.15499877929688,79.12999725341797,78.03500366210938,79.0199966430664,630.0
2026-03-16 11:00:00+00:00,79.0,79.16500091552734,78.77999877929688,79.06500244140625,561.0
2026-03-16 11:15:00+00:00,79.07499694824219,79.48999786376953,79.05999755859375,79.29000091552734,369.0
2026-03-16 11:30:00+00:00,79.29000091552734,79.53500366210938,79.16000366210938,79.33000183105469,224.0
2026-03-16 11:45:00+00:00,79.375,79.41500091552734,78.87999725341797,79.03500366210938,349.0
2026-03-16 12:00:00+00:00,79.03500366210938,79.36499786376953,78.94999694824219,79.30000305175781,505.0
2026-03-16 12:15:00+00:00,79.29000091552734,79.8499984741211,79.16000366210938,79.73500061035156,719.0
2026-03-16 12:30:00+00:00,79.76000213623047,80.19000244140625,79.76000213623047,80.125,665.0
2026-03-16 12:45:00+00:00,80.16999816894531,80.41500091552734,80.11499786376953,80.4000015258789,611.0
2026-03-16 13:00:00+00:00,80.375,80.56999969482422,79.88500213623047,80.3949966430664,843.0
2026-03-16 13:15:00+00:00,80.42500305175781,81.19499969482422,80.4000015258789,81.07499694824219,1122.0
2026-03-16 13:30:00+00:00,81.06500244140625,81.81999969482422,80.87000274658203,81.38500213623047,1573.0
2026-03-16 13:45:00+00:00,81.37999725341797,81.58499908447266,81.1050033569336,81.45500183105469,727.0
2026-03-16 14:00:00+00:00,81.48500061035156,81.75,81.31999969482422,81.42500305175781,1275.0
2026-03-16 14:15:00+00:00,81.4749984741211,81.66000366210938,81.00499725341797,81.00499725341797,1124.0
2026-03-16 14:30:00+00:00,81.0,81.08000183105469,80.58999633789062,80.5999984741211,829.0
2026-03-16 14:45:00+00:00,80.61000061035156,80.91000366210938,80.22000122070312,80.83499908447266,1230.0
2026-03-16 15:00:00+00:00,80.83999633789062,81.1050033569336,80.5999984741211,80.94999694824219,795.0
2026-03-16 15:15:00+00:00,80.94000244140625,81.2699966430664,80.8499984741211,80.98999786376953,398.0
2026-03-16 15:30:00+00:00,80.9800033569336,81.16999816894531,80.87000274658203,80.87000274658203,392.0
2026-03-16 15:45:00+00:00,80.83999633789062,80.91000366210938,80.4000015258789,80.48999786376953,493.0
2026-03-16 16:00:00+00:00,80.4749984741211,80.94999694824219,80.36499786376953,80.71499633789062,413.0
2026-03-16 16:15:00+00:00,80.75,80.87999725341797,80.03500366210938,80.08999633789062,640.0
2026-03-16 16:30:00+00:00,80.0999984741211,80.3550033569336,79.70999908447266,80.16999816894531,1462.0
2026-03-16 16:45:00+00:00,80.15499877929688,80.63999938964844,80.05500030517578,80.44000244140625,395.0
2026-03-16 17:00:00+00:00,80.44999694824219,80.91999816894531,80.44499969482422,80.88500213623047,416.0
2026-03-16 17:15:00+00:00,80.8949966430664,80.92500305175781,80.58499908447266,80.76000213623047,914.0
2026-03-16 17:30:00+00:00,80.7300033569336,80.79499816894531,80.3499984741211,80.45500183105469,243.0
2026-03-16 17:45:00+00:00,80.46499633789062,80.61499786376953,80.31999969482422,80.4800033569336,248.0
2026-03-16 18:00:00+00:00,80.4749984741211,80.74500274658203,80.32499694824219,80.70500183105469,243.0
2026-03-16 18:15:00+00:00,80.7300033569336,81.24500274658203,80.7300033569336,81.11000061035156,362.0
2026-03-16 18:30:00+00:00,81.11000061035156,81.625,81.0999984741211,81.47000122070312,567.0
2026-03-16 18:45:00+00:00,81.5,81.56999969482422,81.23999786376953,81.23999786376953,307.0
2026-03-16 19:00:00+00:00,81.32499694824219,81.62999725341797,81.18499755859375,81.2699966430664,258.0
2026-03-16 19:15:00+00:00,81.21499633789062,81.3499984741211,81.0,81.06500244140625,214.0
2026-03-16 19:30:00+00:00,81.05000305175781,81.2699966430664,80.95999908447266,81.0999984741211,192.0
2026-03-16 19:45:00+00:00,81.12999725341797,81.27999877929688,80.9749984741211,81.12000274658203,242.0
2026-03-16 20:00:00+00:00,81.13500213623047,81.30000305175781,80.95500183105469,81.19000244140625,219.0
2026-03-16 20:15:00+00:00,81.18499755859375,81.19499969482422,81.12000274658203,81.1449966430664,23.0
2026-03-16 20:30:00+00:00,81.11000061035156,81.13999938964844,80.9749984741211,81.08999633789062,82.0
2026-03-16 20:45:00+00:00,81.05000305175781,81.1500015258789,80.91999816894531,81.0,104.0
2026-03-16 22:00:00+00:00,80.91999816894531,81.4000015258789,80.8550033569336,81.00499725341797,67.0
2026-03-16 22:15:00+00:00,81.05500030517578,81.11000061035156,80.83499908447266,80.99500274658203,49.0
2026-03-16 22:30:00+00:00,81.0,81.19499969482422,80.91000366210938,81.02999877929688,98.0
2026-03-16 22:45:00+00:00,81.03500366210938,81.11000061035156,80.95500183105469,81.0,54.0
2026-03-16 23:00:00+00:00,81.06999969482422,81.16000366210938,81.05000305175781,81.11000061035156,41.0
2026-03-16 23:15:00+00:00,81.125,81.27999877929688,81.0999984741211,81.27999877929688,32.0
2026-03-16 23:30:00+00:00,81.29499816894531,81.36000061035156,81.22000122070312,81.2249984741211,54.0
2026-03-16 23:45:00+00:00,81.21499633789062,81.38500213623047,81.19999694824219,81.37000274658203,90.0
2026-03-17 00:00:00+00:00,81.33999633789062,81.36000061035156,80.59500122070312,80.81500244140625,294.0
2026-03-17 00:15:00+00:00,80.79000091552734,80.93000030517578,80.46499633789062,80.58499908447266,117.0
2026-03-17 00:30:00+00:00,80.62999725341797,80.79000091552734,80.44000244140625,80.5199966430664,128.0
2026-03-17 00:45:00+00:00,80.51499938964844,80.7249984741211,80.42500305175781,80.61000061035156,114.0
2026-03-17 01:00:00+00:00,80.57499694824219,80.96499633789062,80.05000305175781,80.7750015258789,340.0
2026-03-17 01:15:00+00:00,80.77999877929688,81.04000091552734,80.4800033569336,80.79499816894531,205.0
2026-03-17 01:30:00+00:00,80.79499816894531,81.29499816894531,80.75,81.04000091552734,109.0
2026-03-17 01:45:00+00:00,81.04000091552734,81.70999908447266,80.98500061035156,81.6500015258789,373.0
2026-03-17 02:00:00+00:00,81.6050033569336,81.66999816894531,81.30999755859375,81.38500213623047,158.0
2026-03-17 02:15:00+00:00,81.36499786376953,81.49500274658203,81.29000091552734,81.48999786376953,44.0
2026-03-17 02:30:00+00:00,81.49500274658203,81.76000213623047,81.3499984741211,81.69499969482422,94.0
2026-03-17 02:45:00+00:00,81.625,81.66999816894531,81.33000183105469,81.33000183105469,78.0
2026-03-17 03:00:00+00:00,81.31500244140625,81.33499908447266,81.09500122070312,81.18000030517578,74.0
2026-03-17 03:15:00+00:00,81.29499816894531,81.78500366210938,81.25,81.72000122070312,195.0
2026-03-17 03:30:00+00:00,81.73500061035156,81.74500274658203,81.33499908447266,81.38999938964844,77.0
2026-03-17 03:45:00+00:00,81.38500213623047,81.55500030517578,81.38500213623047,81.52999877929688,20.0
2026-03-17 04:00:00+00:00,81.56999969482422,81.69000244140625,81.48999786376953,81.6500015258789,62.0
2026-03-17 04:15:00+00:00,81.625,82.30000305175781,81.61000061035156,82.2750015258789,371.0
2026-03-17 04:30:00+00:00,82.24500274658203,82.62000274658203,82.21499633789062,82.62000274658203,260.0
2026-03-17 04:45:00+00:00,82.63999938964844,82.76000213623047,82.44999694824219,82.62999725341797,152.0
2026-03-17 05:00:00+00:00,82.62000274658203,82.62000274658203,82.38999938964844,82.58499908447266,160.0
2026-03-17 05:15:00+00:00,82.58000183105469,82.69499969482422,82.28500366210938,82.28500366210938,95.0
2026-03-17 05:30:00+00:00,82.26000213623047,82.30500030517578,81.87000274658203,81.87000274658203,260.0
2026-03-17 05:45:00+00:00,81.94499969482422,81.94499969482422,81.22000122070312,81.25499725341797,316.0
2026-03-17 06:00:00+00:00,81.25499725341797,81.38999938964844,80.55999755859375,80.91999816894531,749.0
2026-03-17 06:15:00+00:00,80.91500091552734,81.2249984741211,80.63999938964844,81.125,299.0
2026-03-17 06:30:00+00:00,81.1449966430664,81.30000305175781,80.94000244140625,81.13500213623047,249.0
2026-03-17 06:45:00+00:00,81.1050033569336,81.12999725341797,80.7249984741211,80.7249984741211,193.0
2026-03-17 07:00:00+00:00,80.76499938964844,81.26000213623047,80.76499938964844,81.1500015258789,211.0
2026-03-17 07:15:00+00:00,81.1500015258789,81.375,80.92500305175781,81.30500030517578,152.0
2026-03-17 07:30:00+00:00,81.31999969482422,81.49500274658203,81.29499816894531,81.33499908447266,149.0
2026-03-17 07:45:00+00:00,81.24500274658203,81.33499908447266,81.08999633789062,81.12999725341797,130.0
2026-03-17 08:00:00+00:00,81.11000061035156,81.2699966430664,80.66000366210938,80.87999725341797,278.0
2026-03-17 08:15:00+00:00,80.83499908447266,81.29000091552734,80.83000183105469,81.22000122070312,142.0
2026-03-17 08:30:00+00:00,81.19999694824219,81.31500244140625,81.05999755859375,81.2750015258789,137.0
2026-03-17 08:45:00+00:00,81.23500061035156,81.25,80.90499877929688,81.02999877929688,260.0
2026-03-17 09:00:00+00:00,81.0250015258789,81.05999755859375,80.66000366210938,80.7300033569336,237.0
2026-03-17 09:15:00+00:00,80.7300033569336,81.01499938964844,80.65499877929688,80.95500183105469,192.0
2026-03-17 09:30:00+00:00,80.97000122070312,81.08999633789062,80.7699966430664,81.08999633789062,161.0
2026-03-17 09:45:00+00:00,81.06999969482422,81.12999725341797,80.9000015258789,80.98500061035156,138.0
2026-03-17 10:00:00+00:00,80.94999694824219,81.0999984741211,80.4000015258789,80.51499938964844,374.0
2026-03-17 10:15:00+00:00,80.51499938964844,80.7249984741211,80.46499633789062,80.52999877929688,236.0
2026-03-17 10:30:00+00:00,80.5250015258789,80.68000030517578,80.17500305175781,80.29000091552734,232.0
2026-03-17 10:45:00+00:00,80.30999755859375,80.42500305175781,79.91999816894531,80.32499694824219,529.0
2026-03-17 11:00:00+00:00,80.31999969482422,80.66000366210938,80.18000030517578,80.5999984741211,214.0
2026-03-17 11:15:00+00:00,80.6500015258789,80.83499908447266,80.5999984741211,80.69999694824219,99.0
2026-03-17 11:30:00+00:00,80.69999694824219,80.73500061035156,80.54499816894531,80.72000122070312,148.0
2026-03-17 11:45:00+00:00,80.7249984741211,80.87000274658203,80.3499984741211,80.3949966430664,209.0
2026-03-17 12:00:00+00:00,80.37999725341797,80.47000122070312,80.12999725341797,80.41500091552734,445.0
2026-03-17 12:15:00+00:00,80.41999816894531,80.98999786376953,80.4000015258789,80.9749984741211,329.0
2026-03-17 12:30:00+00:00,80.93499755859375,81.19499969482422,80.82499694824219,80.87000274658203,443.0
2026-03-17 12:45:00+00:00,80.86000061035156,80.86000061035156,80.57499694824219,80.83499908447266,371.0
2026-03-17 13:00:00+00:00,80.81999969482422,81.125,80.69999694824219,80.87999725341797,488.0
2026-03-17 13:15:00+00:00,80.88999938964844,81.29499816894531,80.8499984741211,80.9000015258789,525.0
2026-03-17 13:30:00+00:00,80.91999816894531,81.5250015258789,80.87000274658203,81.3550033569336,836.0
2026-03-17 13:45:00+00:00,81.31999969482422,81.59500122070312,81.02999877929688,81.42500305175781,818.0
2026-03-17 14:00:00+00:00,81.45500183105469,81.54499816894531,81.03500366210938,81.2750015258789,462.0
2026-03-17 14:15:00+00:00,81.25499725341797,81.2699966430664,80.63500213623047,80.7750015258789,500.0
2026-03-17 14:30:00+00:00,80.77999877929688,80.8949966430664,80.5,80.84500122070312,757.0
2026-03-17 14:45:00+00:00,80.83499908447266,80.99500274658203,80.29000091552734,80.32499694824219,487.0
2026-03-17 15:00:00+00:00,80.33000183105469,80.625,80.0999984741211,80.18000030517578,554.0
2026-03-17 15:15:00+00:00,80.23500061035156,80.48999786376953,79.83499908447266,79.86000061035156,631.0
2026-03-17 15:30:00+00:00,79.84500122070312,80.05000305175781,78.375,79.1050033569336,2702.0
2026-03-17 15:45:00+00:00,79.12000274658203,79.54499816894531,79.06500244140625,79.30000305175781,1126.0
2026-03-17 16:00:00+00:00,79.33000183105469,79.41500091552734,78.87999725341797,79.11000061035156,1132.0
2026-03-17 16:15:00+00:00,79.12999725341797,79.58499908447266,79.08000183105469,79.55500030517578,526.0
2026-03-17 16:30:00+00:00,79.54499816894531,79.70999908447266,79.42500305175781,79.57499694824219,413.0
2026-03-17 16:45:00+00:00,79.57499694824219,79.61499786376953,79.36000061035156,79.4749984741211,295.0
2026-03-17 17:00:00+00:00,79.52999877929688,79.87000274658203,79.48500061035156,79.6050033569336,456.0
2026-03-17 17:15:00+00:00,79.62000274658203,80.07499694824219,79.58499908447266,79.73999786376953,819.0
2026-03-17 17:30:00+00:00,79.7699966430664,79.79499816894531,79.55000305175781,79.57499694824219,143.0
2026-03-17 17:45:00+00:00,79.58999633789062,79.71499633789062,79.5,79.62000274658203,178.0
2026-03-17 18:00:00+00:00,79.66000366210938,79.83000183105469,79.53500366210938,79.78500366210938,143.0
2026-03-17 18:15:00+00:00,79.79499816894531,79.95500183105469,79.5999984741211,79.66500091552734,274.0
2026-03-17 18:30:00+00:00,79.63999938964844,79.69999694824219,79.5199966430664,79.67500305175781,116.0
2026-03-17 18:45:00+00:00,79.66999816894531,79.79000091552734,79.57499694824219,79.58000183105469,95.0
2026-03-17 19:00:00+00:00,79.56500244140625,79.57499694824219,79.32499694824219,79.45500183105469,197.0
2026-03-17 19:15:00+00:00,79.43000030517578,79.43000030517578,79.18000030517578,79.20999908447266,130.0
2026-03-17 19:30:00+00:00,79.19499969482422,79.34500122070312,79.11499786376953,79.30000305175781,153.0
2026-03-17 19:45:00+00:00,79.3550033569336,79.41500091552734,79.19999694824219,79.30500030517578,193.0
2026-03-17 20:00:00+00:00,79.31500244140625,79.38500213623047,79.2750015258789,79.30000305175781,105.0
2026-03-17 20:15:00+00:00,79.29499816894531,79.29499816894531,79.21499633789062,79.29000091552734,58.0
2026-03-17 20:30:00+00:00,79.2750015258789,79.41000366210938,79.26499938964844,79.3949966430664,66.0
2026-03-17 20:45:00+00:00,79.38999938964844,79.45999908447266,79.30500030517578,79.45999908447266,132.0
2026-03-17 22:00:00+00:00,79.38999938964844,79.48999786376953,79.1449966430664,79.37999725341797,34.0
2026-03-17 22:15:00+00:00,79.37999725341797,79.40499877929688,79.08499908447266,79.25,78.0
2026-03-17 22:30:00+00:00,79.23999786376953,79.23999786376953,78.9000015258789,78.95999908447266,65.0
2026-03-17 22:45:00+00:00,78.92500305175781,79.22000122070312,78.83499908447266,79.12999725341797,56.0
2026-03-17 23:00:00+00:00,79.13999938964844,79.26000213623047,79.13999938964844,79.23500061035156,32.0
2026-03-17 23:15:00+00:00,79.2249984741211,79.25499725341797,79.1449966430664,79.20500183105469,27.0
2026-03-17 23:30:00+00:00,79.19000244140625,79.32499694824219,79.19000244140625,79.25499725341797,33.0
2026-03-17 23:45:00+00:00,79.30000305175781,79.34500122070312,79.24500274658203,79.33000183105469,20.0
2026-03-18 00:00:00+00:00,79.37999725341797,80.02999877929688,79.34500122070312,79.7699966430664,302.0
2026-03-18 00:15:00+00:00,79.83499908447266,79.83499908447266,79.53500366210938,79.56999969482422,75.0
2026-03-18 00:30:00+00:00,79.5,79.55500030517578,79.33999633789062,79.49500274658203,158.0
2026-03-18 00:45:00+00:00,79.52999877929688,79.79499816894531,79.43000030517578,79.58499908447266,206.0
2026-03-18 01:00:00+00:00,79.56500244140625,80.21499633789062,79.19499969482422,80.01000213623047,603.0
2026-03-18 01:15:00+00:00,80.00499725341797,80.19000244140625,79.83499908447266,79.83499908447266,201.0
2026-03-18 01:30:00+00:00,79.84500122070312,79.98999786376953,79.26499938964844,79.4000015258789,284.0
2026-03-18 01:45:00+00:00,79.37000274658203,79.44000244140625,78.91500091552734,79.28500366210938,245.0
2026-03-18 02:00:00+00:00,79.31999969482422,79.43499755859375,79.05999755859375,79.23500061035156,144.0
2026-03-18 02:15:00+00:00,79.26000213623047,79.55000305175781,79.26000213623047,79.29000091552734,109.0
2026-03-18 02:30:00+00:00,79.32499694824219,79.33000183105469,78.94999694824219,79.16999816894531,266.0
2026-03-18 02:45:00+00:00,79.19999694824219,79.30000305175781,78.26499938964844,78.4800033569336,442.0
2026-03-18 03:00:00+00:00,78.44999694824219,78.91999816894531,78.22000122070312,78.82499694824219,480.0
2026-03-18 03:15:00+00:00,78.86499786376953,79.06500244140625,78.69999694824219,78.91000366210938,149.0
2026-03-18 03:30:00+00:00,78.91500091552734,79.02999877929688,78.8499984741211,78.94999694824219,80.0
2026-03-18 03:45:00+00:00,78.95999908447266,78.9800033569336,78.55999755859375,78.69499969482422,260.0
2026-03-18 04:00:00+00:00,78.82499694824219,78.91000366210938,78.73999786376953,78.78500366210938,106.0
2026-03-18 04:15:00+00:00,78.80000305175781,78.8550033569336,78.74500274658203,78.79000091552734,25.0
2026-03-18 04:30:00+00:00,78.80000305175781,78.80000305175781,78.34500122070312,78.56500244140625,287.0
2026-03-18 04:45:00+00:00,78.55999755859375,78.69999694824219,78.54000091552734,78.66500091552734,76.0
2026-03-18 05:00:00+00:00,78.69999694824219,79.30999755859375,78.63999938964844,79.20999908447266,282.0
2026-03-18 05:15:00+00:00,79.16999816894531,79.4800033569336,79.11499786376953,79.30000305175781,232.0
2026-03-18 05:30:00+00:00,79.30000305175781,79.7249984741211,79.0,79.3949966430664,370.0
2026-03-18 05:45:00+00:00,79.45500183105469,79.54000091552734,78.9800033569336,79.11000061035156,223.0
2026-03-18 06:00:00+00:00,79.15499877929688,79.91999816894531,79.13500213623047,79.80999755859375,193.0
2026-03-18 06:15:00+00:00,79.82499694824219,80.19000244140625,79.70999908447266,79.97000122070312,416.0
2026-03-18 06:30:00+00:00,79.96499633789062,80.25499725341797,79.7249984741211,79.87000274658203,418.0
2026-03-18 06:45:00+00:00,79.88999938964844,80.01499938964844,79.68000030517578,79.94499969482422,305.0
2026-03-18 07:00:00+00:00,79.98500061035156,80.31999969482422,79.94999694824219,80.04000091552734,275.0
2026-03-18 07:15:00+00:00,80.01000213623047,80.04000091552734,79.75499725341797,79.9800033569336,127.0
2026-03-18 07:30:00+00:00,79.99500274658203,80.06500244140625,79.70500183105469,79.75,151.0
2026-03-18 07:45:00+00:00,79.71499633789062,79.86000061035156,79.4000015258789,79.86000061035156,276.0
2026-03-18 08:00:00+00:00,79.86000061035156,79.90499877929688,79.5250015258789,79.59500122070312,313.0
2026-03-18 08:15:00+00:00,79.59500122070312,79.62000274658203,79.05500030517578,79.44000244140625,538.0
2026-03-18 08:30:00+00:00,79.44999694824219,79.49500274658203,79.19499969482422,79.38999938964844,208.0
2026-03-18 08:45:00+00:00,79.34500122070312,79.56500244140625,79.19999694824219,79.4749984741211,186.0
2026-03-18 09:00:00+00:00,79.4800033569336,79.7300033569336,79.4800033569336,79.55999755859375,161.0
2026-03-18 09:15:00+00:00,79.58499908447266,79.94000244140625,79.50499725341797,79.79000091552734,358.0
2026-03-18 09:30:00+00:00,79.83000183105469,80.07499694824219,79.80000305175781,80.04000091552734,109.0
2026-03-18 09:45:00+00:00,80.06500244140625,80.16000366210938,79.96499633789062,80.04499816894531,174.0
2026-03-18 10:00:00+00:00,80.07499694824219,80.07499694824219,79.86000061035156,79.96499633789062,154.0
2026-03-18 10:15:00+00:00,79.94000244140625,80.18000030517578,79.81500244140625,79.875,226.0
2026-03-18 10:30:00+00:00,79.90499877929688,80.0,79.3949966430664,79.77999877929688,360.0
2026-03-18 10:45:00+00:00,79.73999786376953,79.80000305175781,79.05000305175781,79.17500305175781,462.0
2026-03-18 11:00:00+00:00,79.19000244140625,79.67500305175781,78.83499908447266,79.62999725341797,657.0
2026-03-18 11:15:00+00:00,79.5999984741211,79.75,78.87000274658203,78.9749984741211,315.0
2026-03-18 11:30:00+00:00,78.94999694824219,79.30000305175781,78.51499938964844,78.71499633789062,873.0
2026-03-18 11:45:00+00:00,78.70500183105469,78.9000015258789,78.45500183105469,78.69999694824219,609.0
2026-03-18 12:00:00+00:00,78.7249984741211,79.125,78.25499725341797,78.375,1196.0
2026-03-18 12:15:00+00:00,78.44499969482422,78.66999816894531,77.92500305175781,78.38500213623047,1114.0
2026-03-18 12:30:00+00:00,78.34500122070312,78.34500122070312,77.7300033569336,77.81999969482422,1246.0
2026-03-18 12:45:00+00:00,77.80999755859375,78.2699966430664,77.46499633789062,77.6500015258789,1220.0
2026-03-18 13:00:00+00:00,77.61000061035156,77.62000274658203,76.04000091552734,76.30000305175781,3650.0
2026-03-18 13:15:00+00:00,76.27999877929688,76.93499755859375,75.63500213623047,76.86000061035156,2218.0
2026-03-18 13:30:00+00:00,76.8550033569336,77.55000305175781,76.41999816894531,77.20999908447266,1942.0
2026-03-18 13:45:00+00:00,77.25499725341797,77.70500183105469,76.69999694824219,77.56500244140625,1725.0
2026-03-18 14:00:00+00:00,77.63500213623047,78.05500030517578,77.40499877929688,77.42500305175781,1907.0
2026-03-18 14:15:00+00:00,77.42500305175781,77.5,76.58000183105469,76.62000274658203,1394.0
2026-03-18 14:30:00+00:00,76.58000183105469,76.86499786376953,76.30000305175781,76.46499633789062,940.0
2026-03-18 14:45:00+00:00,76.44999694824219,76.92500305175781,76.4000015258789,76.91000366210938,1148.0
2026-03-18 15:00:00+00:00,76.93499755859375,77.2249984741211,76.86499786376953,77.01000213623047,657.0
2026-03-18 15:15:00+00:00,77.04000091552734,77.16999816894531,76.77999877929688,76.9749984741211,466.0
2026-03-18 15:30:00+00:00,76.98500061035156,77.24500274658203,76.80000305175781,76.81999969482422,446.0
2026-03-18 15:45:00+00:00,76.80500030517578,77.00499725341797,76.65499877929688,76.71499633789062,371.0
2026-03-18 16:00:00+00:00,76.72000122070312,77.11000061035156,76.63500213623047,77.11000061035156,363.0
2026-03-18 16:15:00+00:00,77.0999984741211,77.5,76.98999786376953,77.47000122070312,638.0
2026-03-18 16:30:00+00:00,77.48999786376953,77.5,76.99500274658203,77.375,595.0
2026-03-18 16:45:00+00:00,77.4000015258789,77.45500183105469,77.20999908447266,77.25,693.0
2026-03-18 17:00:00+00:00,77.26000213623047,77.37000274658203,77.06500244140625,77.12999725341797,686.0
2026-03-18 17:15:00+00:00,77.1500015258789,77.67500305175781,77.13999938964844,77.46499633789062,1208.0
2026-03-18 17:30:00+00:00,77.47000122070312,77.58000183105469,77.2750015258789,77.33000183105469,293.0
2026-03-18 17:45:00+00:00,77.30000305175781,77.43499755859375,77.11499786376953,77.1500015258789,291.0
2026-03-18 18:00:00+00:00,77.16000366210938,77.625,76.82499694824219,77.29499816894531,812.0
2026-03-18 18:15:00+00:00,77.30000305175781,77.30000305175781,76.80999755859375,76.98999786376953,224.0
2026-03-18 18:30:00+00:00,77.0,77.06500244140625,76.375,76.51000213623047,871.0
2026-03-18 18:45:00+00:00,76.5,76.50499725341797,76.09500122070312,76.13500213623047,633.0
2026-03-18 19:00:00+00:00,76.09500122070312,76.5999984741211,75.92500305175781,76.43499755859375,1046.0
2026-03-18 19:15:00+00:00,76.44499969482422,76.62999725341797,75.92500305175781,76.18499755859375,631.0
2026-03-18 19:30:00+00:00,76.20500183105469,76.53500366210938,76.15499877929688,76.23999786376953,262.0
2026-03-18 19:45:00+00:00,76.2300033569336,76.26499938964844,75.97000122070312,76.04000091552734,405.0
2026-03-18 20:00:00+00:00,76.0199966430664,76.11000061035156,75.57499694824219,75.6050033569336,325.0
2026-03-18 20:15:00+00:00,75.63500213623047,75.69499969482422,75.1500015258789,75.16500091552734,573.0
2026-03-18 20:30:00+00:00,75.20500183105469,75.62999725341797,75.01499938964844,75.50499725341797,506.0
2026-03-18 20:45:00+00:00,75.49500274658203,75.56500244140625,75.31500244140625,75.41999816894531,252.0
2026-03-18 22:00:00+00:00,75.36499786376953,75.84500122070312,75.125,75.125,61.0
2026-03-18 22:15:00+00:00,75.125,75.45999908447266,75.04000091552734,75.3499984741211,163.0
2026-03-18 22:30:00+00:00,75.18499755859375,75.7249984741211,75.18499755859375,75.54499816894531,130.0
2026-03-18 22:45:00+00:00,75.55000305175781,75.8499984741211,75.55000305175781,75.75,64.0
2026-03-18 23:00:00+00:00,75.72000122070312,76.09500122070312,75.72000122070312,75.94999694824219,228.0
2026-03-18 23:15:00+00:00,75.99500274658203,76.05999755859375,75.69000244140625,76.04000091552734,143.0
2026-03-18 23:30:00+00:00,76.04000091552734,76.2699966430664,76.04000091552734,76.05999755859375,115.0
2026-03-18 23:45:00+00:00,76.0,76.32499694824219,75.91999816894531,75.94999694824219,101.0
2026-03-19 00:00:00+00:00,75.95999908447266,76.30000305175781,75.95999908447266,76.2249984741211,80.0
2026-03-19 00:15:00+00:00,76.2249984741211,76.5,76.09500122070312,76.4800033569336,293.0
2026-03-19 00:30:00+00:00,76.48500061035156,76.7249984741211,76.31999969482422,76.37999725341797,283.0
2026-03-19 00:45:00+00:00,76.42500305175781,76.57499694824219,76.24500274658203,76.45500183105469,217.0
2026-03-19 01:00:00+00:00,76.49500274658203,76.75499725341797,75.55500030517578,75.7300033569336,690.0
2026-03-19 01:15:00+00:00,75.67500305175781,76.11499786376953,75.5,76.11499786376953,305.0
2026-03-19 01:30:00+00:00,76.1500015258789,76.75499725341797,76.05999755859375,76.58999633789062,509.0
2026-03-19 01:45:00+00:00,76.59500122070312,76.59500122070312,76.13500213623047,76.18000030517578,134.0
2026-03-19 02:00:00+00:00,76.20500183105469,76.20500183105469,75.86499786376953,76.0199966430664,180.0
2026-03-19 02:15:00+00:00,76.05999755859375,76.5999984741211,76.01499938964844,76.56999969482422,141.0
2026-03-19 02:30:00+00:00,76.55500030517578,76.7300033569336,76.4000015258789,76.63999938964844,202.0
2026-03-19 02:45:00+00:00,76.62000274658203,76.62000274658203,76.28500366210938,76.44999694824219,142.0
2026-03-19 03:00:00+00:00,76.4749984741211,76.63500213623047,76.30999755859375,76.55999755859375,100.0
2026-03-19 03:15:00+00:00,76.53500366210938,76.53500366210938,76.11000061035156,76.21499633789062,122.0
2026-03-19 03:30:00+00:00,76.13999938964844,76.17500305175781,75.88999938964844,76.0,124.0
2026-03-19 03:45:00+00:00,76.01499938964844,76.08499908447266,75.94000244140625,75.94000244140625,61.0
2026-03-19 04:00:00+00:00,75.86499786376953,75.86499786376953,75.55000305175781,75.68000030517578,255.0
2026-03-19 04:15:00+00:00,75.67500305175781,75.75,75.61000061035156,75.6500015258789,90.0
2026-03-19 04:30:00+00:00,75.62000274658203,75.76000213623047,75.55000305175781,75.67500305175781,63.0
2026-03-19 04:45:00+00:00,75.6050033569336,75.7699966430664,75.5,75.75,79.0
2026-03-19 05:00:00+00:00,75.78500366210938,76.08499908447266,75.68000030517578,75.98500061035156,214.0
2026-03-19 05:15:00+00:00,76.00499725341797,76.06999969482422,75.69000244140625,75.69000244140625,63.0
2026-03-19 05:30:00+00:00,75.66999816894531,75.68000030517578,74.84500122070312,75.0,960.0
2026-03-19 05:45:00+00:00,74.9749984741211,75.06500244140625,74.36000061035156,74.36000061035156,800.0
2026-03-19 06:00:00+00:00,74.36000061035156,74.97000122070312,74.3550033569336,74.74500274658203,475.0
2026-03-19 06:15:00+00:00,74.69999694824219,74.69999694824219,73.38999938964844,73.5,1675.0
2026-03-19 06:30:00+00:00,73.54000091552734,73.56999969482422,72.56999969482422,72.86499786376953,1709.0
2026-03-19 06:45:00+00:00,72.95500183105469,73.00499725341797,71.80999755859375,72.5,1926.0
2026-03-19 07:00:00+00:00,72.4749984741211,72.9000015258789,72.36499786376953,72.68000030517578,724.0
2026-03-19 07:15:00+00:00,72.69999694824219,72.91500091552734,72.28500366210938,72.3550033569336,495.0
2026-03-19 07:30:00+00:00,72.41999816894531,72.56500244140625,71.91000366210938,71.93000030517578,608.0
2026-03-19 07:45:00+00:00,71.93000030517578,72.1500015258789,71.19999694824219,71.30500030517578,1160.0
2026-03-19 08:00:00+00:00,71.31500244140625,71.92500305175781,71.1050033569336,71.37999725341797,909.0
2026-03-19 08:15:00+00:00,71.38999938964844,71.92500305175781,71.16000366210938,71.20999908447266,624.0
2026-03-19 08:30:00+00:00,71.24500274658203,71.4000015258789,70.21499633789062,70.23999786376953,1864.0
2026-03-19 08:45:00+00:00,70.25,71.73500061035156,70.06999969482422,71.45999908447266,1651.0
2026-03-19 09:00:00+00:00,71.51000213623047,71.72000122070312,71.29499816894531,71.5,591.0
2026-03-19 09:15:00+00:00,71.44999694824219,72.0,71.4000015258789,71.54000091552734,600.0
2026-03-19 09:30:00+00:00,71.57499694824219,71.875,71.30500030517578,71.3949966430664,332.0
2026-03-19 09:45:00+00:00,71.3949966430664,71.98999786376953,71.33999633789062,71.63999938964844,524.0
2026-03-19 10:00:00+00:00,71.66000366210938,72.08999633789062,71.55500030517578,71.7249984741211,528.0
2026-03-19 10:15:00+00:00,71.70999908447266,71.70999908447266,71.1500015258789,71.6449966430664,496.0
2026-03-19 10:30:00+00:00,71.58499908447266,71.98999786376953,71.5,71.58999633789062,351.0
2026-03-19 10:45:00+00:00,71.61499786376953,71.62999725341797,70.58499908447266,70.91500091552734,900.0
2026-03-19 11:00:00+00:00,70.91999816894531,71.41500091552734,70.59500122070312,70.66999816894531,709.0
2026-03-19 11:15:00+00:00,70.65499877929688,71.11499786376953,70.47000122070312,71.06999969482422,424.0
2026-03-19 11:30:00+00:00,71.06500244140625,71.42500305175781,70.67500305175781,70.74500274658203,567.0
2026-03-19 11:45:00+00:00,70.77999877929688,70.77999877929688,70.37000274658203,70.375,858.0
2026-03-19 12:00:00+00:00,70.3499984741211,70.36499786376953,68.88500213623047,69.3550033569336,3151.0
2026-03-19 12:15:00+00:00,69.2699966430664,69.44999694824219,68.44499969482422,68.625,1979.0
2026-03-19 12:30:00+00:00,68.56500244140625,68.78500366210938,67.70500183105469,67.81500244140625,2057.0
2026-03-19 12:45:00+00:00,67.7750015258789,67.78500366210938,66.55999755859375,67.44999694824219,3759.0
2026-03-19 13:00:00+00:00,67.42500305175781,67.58000183105469,65.55000305175781,67.22000122070312,4691.0
2026-03-19 13:15:00+00:00,67.20500183105469,68.55000305175781,67.0,68.40499877929688,2659.0
2026-03-19 13:30:00+00:00,68.37999725341797,68.66000366210938,67.5,67.88500213623047,2609.0
2026-03-19 13:45:00+00:00,67.91500091552734,69.75,67.26499938964844,69.69000244140625,3397.0
2026-03-19 14:00:00+00:00,69.7300033569336,70.58999633789062,69.65499877929688,70.08499908447266,2952.0
2026-03-19 14:15:00+00:00,70.08999633789062,70.34500122070312,69.12000274658203,69.21499633789062,1728.0
2026-03-19 14:30:00+00:00,69.19999694824219,70.43499755859375,69.19999694824219,70.17500305175781,1284.0
2026-03-19 14:45:00+00:00,70.19499969482422,70.55999755859375,69.8499984741211,70.125,1127.0
2026-03-19 15:00:00+00:00,70.1050033569336,71.125,69.875,70.80999755859375,1271.0
2026-03-19 15:15:00+00:00,70.80999755859375,70.81999969482422,69.91500091552734,70.16000366210938,997.0
2026-03-19 15:30:00+00:00,70.13999938964844,70.1500015258789,69.1449966430664,69.37000274658203,1328.0
2026-03-19 15:45:00+00:00,69.33499908447266,70.44499969482422,69.2699966430664,70.18499755859375,832.0
2026-03-19 16:00:00+00:00,70.16000366210938,71.19999694824219,70.05500030517578,70.68000030517578,1224.0
2026-03-19 16:15:00+00:00,70.72000122070312,70.8949966430664,70.38999938964844,70.46499633789062,779.0
2026-03-19 16:30:00+00:00,70.5250015258789,70.69000244140625,70.2699966430664,70.44999694824219,813.0
2026-03-19 16:45:00+00:00,70.50499725341797,70.54000091552734,69.84500122070312,70.19499969482422,877.0
2026-03-19 17:00:00+00:00,70.15499877929688,70.74500274658203,70.125,70.40499877929688,1018.0
2026-03-19 17:15:00+00:00,70.41000366210938,71.6449966430664,70.22000122070312,71.2750015258789,3452.0
2026-03-19 17:30:00+00:00,71.28500366210938,71.66000366210938,71.2699966430664,71.29499816894531,1148.0
2026-03-19 17:45:00+00:00,71.375,72.04000091552734,71.34500122070312,71.43499755859375,904.0
2026-03-19 18:00:00+00:00,71.4000015258789,71.6449966430664,71.15499877929688,71.54000091552734,524.0
2026-03-19 18:15:00+00:00,71.56999969482422,71.5999984741211,71.20500183105469,71.48500061035156,228.0
2026-03-19 18:30:00+00:00,71.48500061035156,71.48500061035156,71.0,71.30000305175781,238.0
2026-03-19 18:45:00+00:00,71.29000091552734,71.73500061035156,71.08999633789062,71.69499969482422,399.0
2026-03-19 19:00:00+00:00,71.71499633789062,72.63999938964844,71.69499969482422,72.45999908447266,1451.0
2026-03-19 19:15:00+00:00,72.5,72.58000183105469,71.94000244140625,72.0250015258789,460.0
2026-03-19 19:30:00+00:00,72.09500122070312,72.53500366210938,71.94000244140625,72.23999786376953,454.0
2026-03-19 19:45:00+00:00,72.21499633789062,72.69499969482422,72.16500091552734,72.58499908447266,510.0
2026-03-19 20:00:00+00:00,72.58000183105469,72.81500244140625,72.56999969482422,72.71499633789062,390.0
2026-03-19 20:15:00+00:00,72.72000122070312,72.93000030517578,72.63500213623047,72.83499908447266,150.0
2026-03-19 20:30:00+00:00,72.84500122070312,72.8550033569336,72.5999984741211,72.70500183105469,148.0
2026-03-19 20:45:00+00:00,72.69999694824219,72.94000244140625,72.68499755859375,72.80999755859375,181.0
2026-03-19 22:00:00+00:00,72.83000183105469,73.48999786376953,72.81999969482422,73.43499755859375,210.0
2026-03-19 22:15:00+00:00,73.40499877929688,73.5,73.09500122070312,73.0999984741211,159.0
2026-03-19 22:30:00+00:00,73.05999755859375,73.07499694824219,72.48500061035156,72.5199966430664,184.0
2026-03-19 22:45:00+00:00,72.5,72.61499786376953,72.25499725341797,72.25499725341797,206.0
2026-03-19 23:00:00+00:00,72.2750015258789,72.62999725341797,72.2750015258789,72.41000366210938,76.0
2026-03-19 23:15:00+00:00,72.375,72.55500030517578,72.32499694824219,72.45500183105469,51.0
2026-03-19 23:30:00+00:00,72.45500183105469,72.50499725341797,72.0,72.3550033569336,187.0
2026-03-19 23:45:00+00:00,72.30000305175781,72.72000122070312,72.30000305175781,72.5999984741211,109.0
2026-03-20 00:00:00+00:00,72.6500015258789,73.30500030517578,72.6500015258789,73.2300033569336,260.0
2026-03-20 00:15:00+00:00,73.2249984741211,73.2750015258789,72.62999725341797,72.81999969482422,190.0
2026-03-20 00:30:00+00:00,72.84500122070312,73.0,72.70999908447266,72.93499755859375,91.0
2026-03-20 00:45:00+00:00,73.0,73.0,72.50499725341797,72.50499725341797,98.0
2026-03-20 01:00:00+00:00,72.5250015258789,73.79000091552734,72.32499694824219,73.2249984741211,697.0
2026-03-20 01:15:00+00:00,73.2699966430664,73.78500366210938,73.26499938964844,73.75499725341797,254.0
2026-03-20 01:30:00+00:00,73.80000305175781,74.62000274658203,73.69999694824219,74.4749984741211,629.0
2026-03-20 01:45:00+00:00,74.4800033569336,74.58499908447266,73.6050033569336,73.8550033569336,480.0
2026-03-20 02:00:00+00:00,73.92500305175781,74.22000122070312,73.55000305175781,73.95500183105469,266.0
2026-03-20 02:15:00+00:00,73.93499755859375,74.18499755859375,73.91000366210938,74.0,107.0
2026-03-20 02:30:00+00:00,74.05999755859375,74.20999908447266,73.65499877929688,73.66999816894531,164.0
2026-03-20 02:45:00+00:00,73.71499633789062,74.20999908447266,73.63500213623047,73.94000244140625,161.0
2026-03-20 03:00:00+00:00,73.99500274658203,74.25499725341797,73.86499786376953,74.05000305175781,186.0
2026-03-20 03:15:00+00:00,74.16999816894531,74.53500366210938,74.16999816894531,74.38999938964844,234.0
2026-03-20 03:30:00+00:00,74.37999725341797,74.38500213623047,74.17500305175781,74.19000244140625,105.0
2026-03-20 03:45:00+00:00,74.16999816894531,74.2699966430664,74.13500213623047,74.19999694824219,63.0
2026-03-20 04:00:00+00:00,74.20500183105469,74.25,73.93499755859375,73.94999694824219,113.0
2026-03-20 04:15:00+00:00,73.9749984741211,74.02999877929688,73.87999725341797,74.00499725341797,85.0
2026-03-20 04:30:00+00:00,74.05500030517578,74.05500030517578,73.68499755859375,73.86000061035156,216.0
2026-03-20 04:45:00+00:00,73.83999633789062,74.00499725341797,73.74500274658203,73.9000015258789,84.0
2026-03-20 05:00:00+00:00,73.88999938964844,73.88999938964844,73.62000274658203,73.80999755859375,158.0
2026-03-20 05:15:00+00:00,73.81500244140625,73.91999816894531,73.73500061035156,73.7750015258789,117.0
2026-03-20 05:30:00+00:00,73.7750015258789,73.87000274658203,72.83999633789062,73.29499816894531,537.0
2026-03-20 05:45:00+00:00,73.3499984741211,73.3499984741211,72.38500213623047,72.56999969482422,790.0
2026-03-20 06:00:00+00:00,72.63999938964844,73.21499633789062,72.6050033569336,72.80999755859375,349.0
2026-03-20 06:15:00+00:00,72.90499877929688,72.93499755859375,72.19999694824219,72.53500366210938,547.0
2026-03-20 06:30:00+00:00,72.55000305175781,72.5999984741211,71.29000091552734,71.53500366210938,886.0
2026-03-20 06:45:00+00:00,71.54000091552734,71.875,71.36499786376953,71.6500015258789,292.0
2026-03-20 07:00:00+00:00,71.66500091552734,71.96499633789062,71.48999786376953,71.8550033569336,335.0
2026-03-20 07:15:00+00:00,71.83499908447266,72.11499786376953,71.79000091552734,72.11499786376953,321.0
2026-03-20 07:30:00+00:00,72.11499786376953,72.83000183105469,72.06999969482422,72.76000213623047,570.0
2026-03-20 07:45:00+00:00,72.7699966430664,73.1050033569336,72.70999908447266,73.0999984741211,457.0
2026-03-20 08:00:00+00:00,73.0999984741211,73.44999694824219,72.77999877929688,73.24500274658203,475.0
2026-03-20 08:15:00+00:00,73.23500061035156,73.77999877929688,73.2249984741211,73.43499755859375,494.0
2026-03-20 08:30:00+00:00,73.4000015258789,73.54499816894531,73.08499908447266,73.33999633789062,422.0
2026-03-20 08:45:00+00:00,73.30000305175781,73.30500030517578,72.95500183105469,73.19499969482422,278.0
2026-03-20 09:00:00+00:00,73.18000030517578,73.37000274658203,72.94000244140625,73.21499633789062,165.0
2026-03-20 09:15:00+00:00,73.15499877929688,73.16999816894531,72.95500183105469,73.06999969482422,117.0
2026-03-20 09:30:00+00:00,73.04000091552734,73.08000183105469,72.33000183105469,72.37000274658203,626.0
2026-03-20 09:45:00+00:00,72.3499984741211,72.41000366210938,71.70999908447266,71.83499908447266,511.0
2026-03-20 10:00:00+00:00,71.81500244140625,71.91500091552734,71.33000183105469,71.7300033569336,730.0
2026-03-20 10:15:00+00:00,71.7750015258789,71.88999938964844,71.29000091552734,71.61000061035156,308.0
2026-03-20 10:30:00+00:00,71.68000030517578,72.08999633789062,71.45500183105469,72.08999633789062,339.0
2026-03-20 10:45:00+00:00,72.07499694824219,72.12000274658203,71.53500366210938,71.70999908447266,426.0
2026-03-20 11:00:00+00:00,71.69499969482422,72.33999633789062,71.56500244140625,72.27999877929688,240.0
2026-03-20 11:15:00+00:00,72.24500274658203,72.41500091552734,72.01000213623047,72.18499755859375,248.0
2026-03-20 11:30:00+00:00,72.22000122070312,72.45500183105469,72.0199966430664,72.36499786376953,341.0
2026-03-20 11:45:00+00:00,72.31500244140625,72.45500183105469,71.93000030517578,72.2699966430664,254.0
2026-03-20 12:00:00+00:00,72.2750015258789,72.55500030517578,72.20999908447266,72.25,868.0
2026-03-20 12:15:00+00:00,72.25,72.45500183105469,72.00499725341797,72.31999969482422,422.0
2026-03-20 12:30:00+00:00,72.30500030517578,72.41999816894531,71.45500183105469,71.75499725341797,564.0
2026-03-20 12:45:00+00:00,71.71499633789062,72.03500366210938,71.44999694824219,71.93000030517578,414.0
2026-03-20 13:00:00+00:00,71.94499969482422,72.31500244140625,70.78500366210938,71.30000305175781,1458.0
2026-03-20 13:15:00+00:00,71.30999755859375,71.69999694824219,70.93499755859375,71.49500274658203,710.0
2026-03-20 13:30:00+00:00,71.41500091552734,71.79499816894531,70.86499786376953,71.68499755859375,1120.0
2026-03-20 13:45:00+00:00,71.66500091552734,71.81500244140625,70.02999877929688,70.30500030517578,1621.0
2026-03-20 14:00:00+00:00,70.28500366210938,70.5,69.2699966430664,69.32499694824219,1984.0
2026-03-20 14:15:00+00:00,69.30000305175781,69.31999969482422,68.5,68.69499969482422,2566.0
2026-03-20 14:30:00+00:00,68.66999816894531,69.71499633789062,68.6500015258789,69.47000122070312,1606.0
2026-03-20 14:45:00+00:00,69.44499969482422,69.80000305175781,69.00499725341797,69.53500366210938,1013.0
2026-03-20 15:00:00+00:00,69.5250015258789,70.2750015258789,69.45999908447266,70.24500274658203,1107.0
2026-03-20 15:15:00+00:00,70.27999877929688,70.36000061035156,69.33000183105469,69.73500061035156,1414.0
2026-03-20 15:30:00+00:00,69.70500183105469,70.13999938964844,69.4800033569336,69.58999633789062,861.0
2026-03-20 15:45:00+00:00,69.58999633789062,69.58999633789062,68.9000015258789,69.33999633789062,1019.0
2026-03-20 16:00:00+00:00,69.30500030517578,70.16000366210938,69.26000213623047,70.08499908447266,892.0
2026-03-20 16:15:00+00:00,70.08999633789062,70.47000122070312,69.875,69.875,672.0
2026-03-20 16:30:00+00:00,69.87999725341797,70.1050033569336,69.625,69.9800033569336,760.0
2026-03-20 16:45:00+00:00,69.95999908447266,69.95999908447266,69.5,69.76499938964844,703.0
2026-03-20 17:00:00+00:00,69.79000091552734,70.23500061035156,69.58000183105469,69.91999816894531,882.0
2026-03-20 17:15:00+00:00,69.8949966430664,69.91999816894531,69.33999633789062,69.43499755859375,1529.0
2026-03-20 17:30:00+00:00,69.4000015258789,69.55999755859375,69.08000183105469,69.53500366210938,870.0
2026-03-20 17:45:00+00:00,69.51499938964844,69.78500366210938,69.45999908447266,69.69499969482422,438.0
2026-03-20 18:00:00+00:00,69.75,69.80500030517578,69.31500244140625,69.48999786376953,476.0
2026-03-20 18:15:00+00:00,69.47000122070312,69.56500244140625,68.80000305175781,69.23999786376953,495.0
2026-03-20 18:30:00+00:00,69.26000213623047,69.31999969482422,68.55500030517578,68.61499786376953,565.0
2026-03-20 18:45:00+00:00,68.62000274658203,68.72000122070312,67.84500122070312,68.12999725341797,1340.0
2026-03-20 19:00:00+00:00,68.17500305175781,68.56500244140625,67.87000274658203,68.19000244140625,693.0
2026-03-20 19:15:00+00:00,68.16000366210938,68.28500366210938,67.73999786376953,68.05000305175781,532.0
2026-03-20 19:30:00+00:00,68.05500030517578,68.37000274658203,67.75,68.32499694824219,589.0
2026-03-20 19:45:00+00:00,68.30000305175781,68.30000305175781,67.87000274658203,68.02999877929688,607.0
2026-03-20 20:00:00+00:00,68.04499816894531,68.20500183105469,67.83999633789062,68.15499877929688,327.0
2026-03-20 20:15:00+00:00,68.125,68.3499984741211,68.01499938964844,68.01499938964844,179.0
2026-03-20 20:30:00+00:00,68.00499725341797,68.16999816894531,67.93000030517578,68.12999725341797,195.0
2026-03-20 20:45:00+00:00,68.1449966430664,68.23999786376953,67.80999755859375,67.80999755859375,260.0
2026-03-22 22:00:00+00:00,68.16500091552734,68.16500091552734,67.80500030517578,68.03500366210938,88.0
2026-03-22 22:15:00+00:00,68.06999969482422,69.68499755859375,67.9800033569336,69.48500061035156,977.0
2026-03-22 22:30:00+00:00,69.48500061035156,69.72000122070312,68.83999633789062,68.94000244140625,571.0
2026-03-22 22:45:00+00:00,68.95500183105469,69.27999877929688,68.62000274658203,68.91000366210938,197.0
2026-03-22 23:00:00+00:00,68.87000274658203,69.17500305175781,68.5999984741211,68.81999969482422,141.0
2026-03-22 23:15:00+00:00,68.90499877929688,69.0250015258789,68.33000183105469,68.47000122070312,171.0
2026-03-22 23:30:00+00:00,68.45999908447266,68.875,68.0999984741211,68.69999694824219,430.0
2026-03-22 23:45:00+00:00,68.66999816894531,68.92500305175781,67.66999816894531,68.22000122070312,382.0
2026-03-23 00:00:00+00:00,68.26000213623047,68.5199966430664,67.16500091552734,67.55000305175781,619.0
2026-03-23 00:15:00+00:00,67.58499908447266,67.98500061035156,67.13999938964844,67.41500091552734,373.0
2026-03-23 00:30:00+00:00,67.52999877929688,67.71499633789062,64.83000183105469,65.96499633789062,3226.0
2026-03-23 00:45:00+00:00,65.96499633789062,66.71499633789062,65.25499725341797,66.54000091552734,1123.0
2026-03-23 01:00:00+00:00,66.55500030517578,67.62999725341797,65.58999633789062,67.22000122070312,1526.0
2026-03-23 01:15:00+00:00,67.33000183105469,68.07499694824219,67.26000213623047,67.41000366210938,802.0
2026-03-23 01:30:00+00:00,67.41000366210938,68.0999984741211,67.17500305175781,67.4749984741211,540.0
2026-03-23 01:45:00+00:00,67.5250015258789,67.59500122070312,66.12999725341797,66.26000213623047,797.0
2026-03-23 02:00:00+00:00,66.2699966430664,67.34500122070312,66.19999694824219,66.58499908447266,614.0
2026-03-23 02:15:00+00:00,66.62000274658203,67.05000305175781,66.52999877929688,66.6449966430664,264.0
2026-03-23 02:30:00+00:00,66.5999984741211,66.5999984741211,65.4000015258789,65.91500091552734,985.0
2026-03-23 02:45:00+00:00,65.90499877929688,65.90499877929688,64.80000305175781,65.33499908447266,940.0
2026-03-23 03:00:00+00:00,65.3499984741211,65.82499694824219,64.66999816894531,64.8499984741211,754.0
2026-03-23 03:15:00+00:00,64.84500122070312,65.44000244140625,64.66999816894531,65.09500122070312,656.0
2026-03-23 03:30:00+00:00,65.12000274658203,65.49500274658203,64.9749984741211,65.24500274658203,297.0
2026-03-23 03:45:00+00:00,65.24500274658203,65.54499816894531,65.11000061035156,65.40499877929688,149.0
2026-03-23 04:00:00+00:00,65.41000366210938,65.80500030517578,65.41000366210938,65.67500305175781,249.0
2026-03-23 04:15:00+00:00,65.61000061035156,65.82499694824219,65.56999969482422,65.72000122070312,172.0
2026-03-23 04:30:00+00:00,65.70999908447266,65.77999877929688,65.29499816894531,65.76499938964844,350.0
2026-03-23 04:45:00+00:00,65.78500366210938,66.22000122070312,65.7300033569336,66.19999694824219,527.0
2026-03-23 05:00:00+00:00,66.18000030517578,66.68000030517578,66.15499877929688,66.44999694824219,269.0
2026-03-23 05:15:00+00:00,66.45999908447266,66.51000213623047,65.81999969482422,65.86499786376953,189.0
2026-03-23 05:30:00+00:00,65.86000061035156,65.86000061035156,64.73500061035156,64.93499755859375,1191.0
2026-03-23 05:45:00+00:00,64.76000213623047,64.81999969482422,63.53499984741211,63.97999954223633,1449.0
2026-03-23 06:00:00+00:00,63.974998474121094,64.05500030517578,62.85499954223633,64.01000213623047,1704.0
2026-03-23 06:15:00+00:00,63.95000076293945,64.32499694824219,62.06999969482422,62.20000076293945,1723.0
2026-03-23 06:30:00+00:00,62.189998626708984,62.78499984741211,61.650001525878906,61.84000015258789,2160.0
2026-03-23 06:45:00+00:00,61.834999084472656,63.33000183105469,61.63999938964844,63.02000045776367,1470.0
2026-03-23 07:00:00+00:00,63.03499984741211,63.03499984741211,61.5099983215332,61.790000915527344,1450.0
2026-03-23 07:15:00+00:00,61.80500030517578,62.709999084472656,61.209999084472656,62.47999954223633,1709.0
2026-03-23 07:30:00+00:00,62.45500183105469,63.880001068115234,62.404998779296875,63.85499954223633,1141.0
2026-03-23 07:45:00+00:00,63.834999084472656,64.08000183105469,63.404998779296875,64.08000183105469,981.0
2026-03-23 08:00:00+00:00,64.04499816894531,65.2750015258789,64.0250015258789,65.12000274658203,1560.0
2026-03-23 08:15:00+00:00,65.13999938964844,65.28500366210938,64.7249984741211,64.95500183105469,767.0
2026-03-23 08:30:00+00:00,64.80500030517578,65.25,64.56999969482422,64.83499908447266,606.0
2026-03-23 08:45:00+00:00,64.87000274658203,65.0999984741211,64.33499908447266,64.58999633789062,685.0
2026-03-23 09:00:00+00:00,64.61000061035156,64.61499786376953,63.90999984741211,64.13999938964844,665.0
2026-03-23 09:15:00+00:00,64.15499877929688,65.0,64.1500015258789,64.8499984741211,625.0
2026-03-23 09:30:00+00:00,64.86000061035156,64.97000122070312,63.38999938964844,63.57500076293945,938.0
2026-03-23 09:45:00+00:00,63.564998626708984,63.779998779296875,63.45000076293945,63.709999084472656,566.0
2026-03-23 10:00:00+00:00,63.720001220703125,64.44499969482422,63.525001525878906,64.20500183105469,418.0
2026-03-23 10:15:00+00:00,64.19499969482422,64.30999755859375,63.91999816894531,64.0250015258789,347.0
2026-03-23 10:30:00+00:00,64.09500122070312,64.23500061035156,63.540000915527344,63.849998474121094,363.0
2026-03-23 10:45:00+00:00,63.79999923706055,64.44499969482422,63.66999816894531,64.26000213623047,497.0
2026-03-23 11:00:00+00:00,64.26499938964844,69.5,64.26499938964844,69.30999755859375,4376.0
2026-03-23 11:15:00+00:00,69.33999633789062,69.44999694824219,67.12000274658203,68.33000183105469,2949.0
2026-03-23 11:30:00+00:00,68.30999755859375,68.93000030517578,67.7249984741211,68.29499816894531,1478.0
2026-03-23 11:45:00+00:00,68.33499908447266,68.5199966430664,67.0,67.45500183105469,1010.0
2026-03-23 12:00:00+00:00,67.42500305175781,67.75,66.8550033569336,67.37000274658203,1305.0
2026-03-23 12:15:00+00:00,67.37000274658203,68.5,67.37000274658203,68.41000366210938,874.0
2026-03-23 12:30:00+00:00,68.4749984741211,69.25499725341797,68.08000183105469,69.25,1413.0
2026-03-23 12:45:00+00:00,69.20500183105469,69.9800033569336,69.01499938964844,69.63500213623047,2170.0
2026-03-23 13:00:00+00:00,69.68000030517578,69.7699966430664,68.25,68.96499633789062,2806.0
2026-03-23 13:15:00+00:00,68.9749984741211,69.06500244140625,67.67500305175781,67.87000274658203,1487.0
2026-03-23 13:30:00+00:00,67.8550033569336,68.95500183105469,67.58000183105469,68.31999969482422,1597.0
2026-03-23 13:45:00+00:00,68.26499938964844,69.41999816894531,68.25499725341797,69.19000244140625,1040.0
2026-03-23 14:00:00+00:00,69.16000366210938,69.7699966430664,69.16000366210938,69.58499908447266,1490.0
2026-03-23 14:15:00+00:00,69.61000061035156,71.02999877929688,69.5250015258789,70.30999755859375,2842.0
2026-03-23 14:30:00+00:00,70.31500244140625,70.66000366210938,69.92500305175781,70.33000183105469,1412.0
2026-03-23 14:45:00+00:00,70.31500244140625,70.5,69.70999908447266,70.24500274658203,1336.0
2026-03-23 15:00:00+00:00,70.26000213623047,70.79499816894531,70.11000061035156,70.43000030517578,933.0
2026-03-23 15:15:00+00:00,70.44000244140625,70.5,69.58499908447266,69.8949966430664,1216.0
2026-03-23 15:30:00+00:00,69.88500213623047,70.08000183105469,68.65499877929688,68.7249984741211,1241.0
2026-03-23 15:45:00+00:00,68.69499969482422,69.05500030517578,67.56500244140625,68.04499816894531,1838.0
2026-03-23 16:00:00+00:00,68.06500244140625,68.94999694824219,68.0,68.81999969482422,1083.0
2026-03-23 16:15:00+00:00,68.78500366210938,68.83999633789062,68.11000061035156,68.11000061035156,575.0
2026-03-23 16:30:00+00:00,68.12999725341797,69.23999786376953,68.125,69.17500305175781,823.0
2026-03-23 16:45:00+00:00,69.13500213623047,69.3949966430664,68.90499877929688,69.0199966430664,599.0
2026-03-23 17:00:00+00:00,69.04499816894531,69.49500274658203,68.97000122070312,69.2750015258789,702.0
2026-03-23 17:15:00+00:00,69.30000305175781,69.6449966430664,69.12999725341797,69.55000305175781,1525.0
2026-03-23 17:30:00+00:00,69.56999969482422,69.96499633789062,69.56999969482422,69.68000030517578,659.0
2026-03-23 17:45:00+00:00,69.70500183105469,69.875,69.42500305175781,69.77999877929688,282.0
2026-03-23 18:00:00+00:00,69.79499816894531,69.94000244140625,69.2699966430664,69.77999877929688,386.0
2026-03-23 18:15:00+00:00,69.73999786376953,70.13500213623047,69.56999969482422,70.04499816894531,302.0
2026-03-23 18:30:00+00:00,70.05500030517578,70.36000061035156,70.03500366210938,70.26499938964844,400.0
2026-03-23 18:45:00+00:00,70.25,70.41500091552734,69.97000122070312,70.05999755859375,361.0
2026-03-23 19:00:00+00:00,69.9749984741211,70.0250015258789,69.2249984741211,69.28500366210938,353.0
2026-03-23 19:15:00+00:00,69.33000183105469,69.54499816894531,69.16000366210938,69.50499725341797,262.0
2026-03-23 19:30:00+00:00,69.48500061035156,69.61499786376953,69.33000183105469,69.58999633789062,265.0
2026-03-23 19:45:00+00:00,69.62000274658203,69.83000183105469,69.08499908447266,69.11499786376953,445.0
2026-03-23 20:00:00+00:00,69.13500213623047,69.30000305175781,68.81999969482422,69.22000122070312,206.0
2026-03-23 20:15:00+00:00,69.26000213623047,69.30000305175781,69.13500213623047,69.16000366210938,126.0
2026-03-23 20:30:00+00:00,69.18000030517578,69.44499969482422,69.05999755859375,69.44499969482422,296.0
2026-03-23 20:45:00+00:00,69.44999694824219,69.5,69.25,69.31999969482422,108.0
2026-03-23 22:00:00+00:00,69.37000274658203,69.84500122070312,68.53500366210938,69.41000366210938,219.0
2026-03-23 22:15:00+00:00,69.37999725341797,69.68499755859375,69.18499755859375,69.6500015258789,208.0
2026-03-23 22:30:00+00:00,69.69000244140625,69.69000244140625,69.29000091552734,69.4749984741211,216.0
2026-03-23 22:45:00+00:00,69.48500061035156,69.9000015258789,69.47000122070312,69.83000183105469,165.0
2026-03-23 23:00:00+00:00,69.82499694824219,70.00499725341797,69.73999786376953,69.94999694824219,206.0
2026-03-23 23:15:00+00:00,69.99500274658203,70.36499786376953,69.9749984741211,70.19000244140625,242.0
2026-03-23 23:30:00+00:00,70.08499908447266,70.24500274658203,69.6500015258789,69.86499786376953,153.0
2026-03-23 23:45:00+00:00,69.91999816894531,70.05500030517578,69.67500305175781,69.94999694824219,119.0
2026-03-24 00:00:00+00:00,69.98500061035156,70.16000366210938,69.1050033569336,69.1500015258789,253.0
2026-03-24 00:15:00+00:00,69.16500091552734,69.19000244140625,68.40499877929688,68.6449966430664,323.0
2026-03-24 00:30:00+00:00,68.63999938964844,68.77999877929688,67.82499694824219,67.87999725341797,787.0
2026-03-24 00:45:00+00:00,67.94499969482422,68.70999908447266,67.94499969482422,68.44499969482422,348.0
2026-03-24 01:00:00+00:00,68.36000061035156,68.82499694824219,67.04000091552734,67.0999984741211,1248.0
2026-03-24 01:15:00+00:00,67.09500122070312,67.91999816894531,66.96499633789062,67.57499694824219,576.0
2026-03-24 01:30:00+00:00,67.43000030517578,68.08999633789062,66.69499969482422,66.7300033569336,583.0
2026-03-24 01:45:00+00:00,66.67500305175781,67.3499984741211,66.6500015258789,66.99500274658203,476.0
2026-03-24 02:00:00+00:00,66.9749984741211,67.30000305175781,66.5199966430664,66.6500015258789,468.0
2026-03-24 02:15:00+00:00,66.68499755859375,67.6449966430664,66.63999938964844,67.6050033569336,339.0
2026-03-24 02:30:00+00:00,67.61000061035156,67.93499755859375,67.3550033569336,67.83999633789062,370.0
2026-03-24 02:45:00+00:00,67.83000183105469,68.25499725341797,67.5,67.63999938964844,308.0
2026-03-24 03:00:00+00:00,67.66000366210938,67.66000366210938,67.16000366210938,67.37000274658203,194.0
2026-03-24 03:15:00+00:00,67.41500091552734,67.77999877929688,67.4000015258789,67.73999786376953,67.0
2026-03-24 03:30:00+00:00,67.58999633789062,67.58999633789062,67.03500366210938,67.06500244140625,147.0
2026-03-24 03:45:00+00:00,67.06999969482422,67.1449966430664,66.72000122070312,67.0199966430664,158.0
2026-03-24 04:00:00+00:00,67.15499877929688,67.43000030517578,67.15499877929688,67.26499938964844,58.0
2026-03-24 04:15:00+00:00,67.19999694824219,67.19999694824219,66.63500213623047,66.92500305175781,184.0
2026-03-24 04:30:00+00:00,66.8949966430664,67.13999938964844,66.7750015258789,67.07499694824219,77.0
2026-03-24 04:45:00+00:00,67.05500030517578,67.25499725341797,66.87000274658203,66.87999725341797,78.0
2026-03-24 05:00:00+00:00,66.93000030517578,66.93000030517578,66.11499786376953,66.41999816894531,517.0
2026-03-24 05:15:00+00:00,66.44000244140625,66.91000366210938,66.41000366210938,66.45999908447266,305.0
2026-03-24 05:30:00+00:00,66.45500183105469,67.81999969482422,66.30500030517578,67.5199966430664,723.0
2026-03-24 05:45:00+00:00,67.48500061035156,67.875,67.37999725341797,67.63500213623047,327.0
2026-03-24 06:00:00+00:00,67.56999969482422,68.58000183105469,67.5250015258789,68.34500122070312,563.0
2026-03-24 06:15:00+00:00,68.3550033569336,69.5,68.21499633789062,69.07499694824219,597.0
2026-03-24 06:30:00+00:00,69.08499908447266,69.33499908447266,68.875,69.0,357.0
2026-03-24 06:45:00+00:00,68.99500274658203,69.30000305175781,68.70999908447266,69.2750015258789,280.0
2026-03-24 07:00:00+00:00,69.23999786376953,69.98500061035156,69.23999786376953,69.93000030517578,754.0
2026-03-24 07:15:00+00:00,69.93000030517578,69.97000122070312,69.51000213623047,69.66999816894531,415.0
2026-03-24 07:30:00+00:00,69.62999725341797,69.69999694824219,69.31999969482422,69.61499786376953,232.0
2026-03-24 07:45:00+00:00,69.58000183105469,70.73999786376953,69.41999816894531,70.2699966430664,941.0
2026-03-24 08:00:00+00:00,70.22000122070312,70.25,69.72000122070312,69.8949966430664,551.0
2026-03-24 08:15:00+00:00,69.9000015258789,70.01499938964844,69.30000305175781,69.41500091552734,345.0
2026-03-24 08:30:00+00:00,69.40499877929688,69.7249984741211,69.2300033569336,69.58999633789062,180.0
2026-03-24 08:45:00+00:00,69.53500366210938,70.02999877929688,69.52999877929688,69.86499786376953,291.0
2026-03-24 09:00:00+00:00,69.9000015258789,69.90499877929688,69.33499908447266,69.41500091552734,251.0
2026-03-24 09:15:00+00:00,69.33999633789062,70.0199966430664,69.25499725341797,69.86000061035156,222.0
2026-03-24 09:30:00+00:00,69.81500244140625,70.18000030517578,69.69999694824219,70.04499816894531,216.0
2026-03-24 09:45:00+00:00,70.06500244140625,70.3499984741211,69.93000030517578,70.31999969482422,201.0
2026-03-24 10:00:00+00:00,70.30999755859375,70.41999816894531,70.01499938964844,70.2249984741211,268.0
2026-03-24 10:15:00+00:00,70.19999694824219,70.4000015258789,70.08000183105469,70.1449966430664,177.0
2026-03-24 10:30:00+00:00,70.1449966430664,70.18499755859375,69.8550033569336,70.12000274658203,219.0
2026-03-24 10:45:00+00:00,70.125,70.51000213623047,69.8550033569336,70.4749984741211,235.0
2026-03-24 11:00:00+00:00,70.45999908447266,70.46499633789062,68.71499633789062,70.41000366210938,1400.0
2026-03-24 11:15:00+00:00,70.38500213623047,70.41999816894531,69.9000015258789,70.09500122070312,340.0
2026-03-24 11:30:00+00:00,70.08999633789062,70.5199966430664,70.01000213623047,70.24500274658203,343.0
2026-03-24 11:45:00+00:00,70.16000366210938,70.33499908447266,69.33000183105469,70.22000122070312,626.0
2026-03-24 12:00:00+00:00,70.23999786376953,70.3550033569336,69.71499633789062,70.0250015258789,452.0
2026-03-24 12:15:00+00:00,70.0250015258789,70.03500366210938,69.20999908447266,69.48999786376953,704.0
2026-03-24 12:30:00+00:00,69.42500305175781,69.48999786376953,68.375,68.43000030517578,1531.0
2026-03-24 12:45:00+00:00,68.4000015258789,68.9749984741211,68.3949966430664,68.58999633789062,914.0
2026-03-24 13:00:00+00:00,68.5199966430664,69.09500122070312,68.12999725341797,68.80500030517578,1443.0
2026-03-24 13:15:00+00:00,68.81999969482422,68.92500305175781,68.08499908447266,68.08499908447266,866.0
2026-03-24 13:30:00+00:00,68.11000061035156,68.55999755859375,67.83000183105469,68.08000183105469,1373.0
2026-03-24 13:45:00+00:00,68.02999877929688,68.73500061035156,67.76000213623047,68.52999877929688,1222.0
2026-03-24 14:00:00+00:00,68.5250015258789,69.13500213623047,68.49500274658203,68.9800033569336,1082.0
2026-03-24 14:15:00+00:00,68.98999786376953,69.2750015258789,68.63999938964844,69.05500030517578,964.0
2026-03-24 14:30:00+00:00,69.00499725341797,69.80500030517578,68.8949966430664,69.69000244140625,947.0
2026-03-24 14:45:00+00:00,69.68499755859375,70.4000015258789,69.54000091552734,69.86499786376953,1594.0
2026-03-24 15:00:00+00:00,69.8949966430664,70.12999725341797,69.7300033569336,70.06999969482422,749.0
2026-03-24 15:15:00+00:00,70.05000305175781,70.51000213623047,69.91500091552734,70.29000091552734,988.0
2026-03-24 15:30:00+00:00,70.28500366210938,70.55000305175781,70.1500015258789,70.41000366210938,645.0
2026-03-24 15:45:00+00:00,70.375,70.47000122070312,69.76000213623047,69.76499938964844,730.0
2026-03-24 16:00:00+00:00,69.7750015258789,69.99500274658203,69.5,69.98500061035156,525.0
2026-03-24 16:15:00+00:00,70.0,70.25499725341797,69.97000122070312,70.15499877929688,496.0
2026-03-24 16:30:00+00:00,70.18000030517578,70.23500061035156,69.72000122070312,70.04499816894531,353.0
2026-03-24 16:45:00+00:00,70.05500030517578,70.15499877929688,69.88500213623047,69.98500061035156,286.0
2026-03-24 17:00:00+00:00,70.0,70.13999938964844,69.19999694824219,69.58000183105469,1071.0
2026-03-24 17:15:00+00:00,69.54499816894531,69.76000213623047,69.18000030517578,69.48999786376953,1642.0
2026-03-24 17:30:00+00:00,69.45500183105469,69.55000305175781,68.98999786376953,69.11499786376953,550.0
2026-03-24 17:45:00+00:00,69.1050033569336,69.74500274658203,68.8949966430664,69.52999877929688,669.0
2026-03-24 18:00:00+00:00,69.51499938964844,69.7300033569336,69.42500305175781,69.68499755859375,197.0
2026-03-24 18:15:00+00:00,69.57499694824219,69.91000366210938,69.50499725341797,69.79000091552734,329.0
2026-03-24 18:30:00+00:00,69.80999755859375,70.22000122070312,69.6050033569336,69.69499969482422,598.0
2026-03-24 18:45:00+00:00,69.68000030517578,69.82499694824219,69.47000122070312,69.56999969482422,302.0
2026-03-24 19:00:00+00:00,69.53500366210938,70.06999969482422,69.53500366210938,70.06999969482422,240.0
2026-03-24 19:15:00+00:00,70.08000183105469,70.2249984741211,69.94499969482422,69.94499969482422,276.0
2026-03-24 19:30:00+00:00,69.9000015258789,69.91500091552734,69.63500213623047,69.75,204.0
2026-03-24 19:45:00+00:00,69.75499725341797,69.75499725341797,69.56999969482422,69.73500061035156,130.0
2026-03-24 20:00:00+00:00,69.70999908447266,69.81500244140625,69.52999877929688,69.6500015258789,60.0
2026-03-24 20:15:00+00:00,69.66500091552734,71.33999633789062,69.63500213623047,70.66000366210938,1063.0
2026-03-24 20:30:00+00:00,70.66999816894531,71.30000305175781,70.33000183105469,70.83000183105469,527.0
2026-03-24 20:45:00+00:00,70.86499786376953,71.49500274658203,70.80999755859375,71.44499969482422,605.0
2026-03-24 22:00:00+00:00,71.4800033569336,71.8499984741211,71.43000030517578,71.72000122070312,169.0
2026-03-24 22:15:00+00:00,71.67500305175781,71.79000091552734,71.44999694824219,71.61499786376953,264.0
2026-03-24 22:30:00+00:00,71.61499786376953,71.61499786376953,71.30999755859375,71.56999969482422,106.0
2026-03-24 22:45:00+00:00,71.56999969482422,71.99500274658203,71.56999969482422,71.94000244140625,306.0
2026-03-24 23:00:00+00:00,71.91999816894531,71.94499969482422,71.6050033569336,71.87000274658203,114.0
2026-03-24 23:15:00+00:00,71.88500213623047,72.34500122070312,71.88500213623047,72.34500122070312,815.0
2026-03-24 23:30:00+00:00,72.3499984741211,73.13999938964844,72.30500030517578,72.84500122070312,858.0
2026-03-24 23:45:00+00:00,72.82499694824219,73.30000305175781,72.73500061035156,73.13999938964844,419.0
2026-03-25 00:00:00+00:00,73.13500213623047,73.43499755859375,72.81999969482422,73.31500244140625,428.0
2026-03-25 00:15:00+00:00,73.29000091552734,73.80000305175781,73.05999755859375,73.7249984741211,527.0
2026-03-25 00:30:00+00:00,73.69499969482422,74.375,73.54000091552734,74.30500030517578,977.0
2026-03-25 00:45:00+00:00,74.33000183105469,74.55000305175781,73.91500091552734,73.96499633789062,866.0
2026-03-25 01:00:00+00:00,73.94000244140625,74.80000305175781,73.75,74.21499633789062,1297.0
2026-03-25 01:15:00+00:00,74.24500274658203,74.42500305175781,73.9749984741211,74.08499908447266,484.0
2026-03-25 01:30:00+00:00,74.05999755859375,74.63999938964844,74.05999755859375,74.26000213623047,467.0
2026-03-25 01:45:00+00:00,74.23999786376953,74.5,74.08999633789062,74.0999984741211,324.0
2026-03-25 02:00:00+00:00,74.07499694824219,74.16999816894531,73.58000183105469,73.92500305175781,654.0
2026-03-25 02:15:00+00:00,73.92500305175781,74.05000305175781,73.81500244140625,73.81500244140625,278.0
2026-03-25 02:30:00+00:00,73.80500030517578,74.31500244140625,73.54000091552734,74.18000030517578,448.0
2026-03-25 02:45:00+00:00,74.16500091552734,74.30500030517578,73.625,73.66500091552734,279.0
2026-03-25 03:00:00+00:00,73.63999938964844,73.83499908447266,73.30000305175781,73.4749984741211,428.0
2026-03-25 03:15:00+00:00,73.55000305175781,73.6500015258789,73.3499984741211,73.63999938964844,168.0
2026-03-25 03:30:00+00:00,73.61000061035156,73.61000061035156,73.37000274658203,73.45999908447266,155.0
2026-03-25 03:45:00+00:00,73.5,73.71499633789062,73.27999877929688,73.54499816894531,274.0
2026-03-25 04:00:00+00:00,73.5250015258789,73.87999725341797,73.45999908447266,73.69499969482422,180.0
2026-03-25 04:15:00+00:00,73.73999786376953,73.7699966430664,73.63999938964844,73.75,61.0
2026-03-25 04:30:00+00:00,73.76499938964844,73.80999755859375,73.5999984741211,73.5999984741211,54.0
2026-03-25 04:45:00+00:00,73.5999984741211,73.70500183105469,73.51000213623047,73.62000274658203,75.0
2026-03-25 05:00:00+00:00,73.625,73.63500213623047,73.4000015258789,73.53500366210938,120.0
2026-03-25 05:15:00+00:00,73.5199966430664,73.5199966430664,73.19499969482422,73.19999694824219,319.0
2026-03-25 05:30:00+00:00,73.22000122070312,73.69499969482422,72.91500091552734,73.66999816894531,547.0
2026-03-25 05:45:00+00:00,73.68000030517578,73.68000030517578,73.12000274658203,73.26499938964844,182.0
2026-03-25 06:00:00+00:00,73.25499725341797,73.34500122070312,72.6050033569336,72.94999694824219,689.0
2026-03-25 06:15:00+00:00,72.94499969482422,73.61000061035156,72.91000366210938,73.33499908447266,315.0
2026-03-25 06:30:00+00:00,73.3550033569336,73.57499694824219,73.0250015258789,73.20500183105469,204.0
2026-03-25 06:45:00+00:00,73.18000030517578,73.5250015258789,73.06500244140625,73.20999908447266,112.0
2026-03-25 07:00:00+00:00,73.29499816894531,73.45500183105469,73.15499877929688,73.40499877929688,171.0
2026-03-25 07:15:00+00:00,73.40499877929688,73.56500244140625,73.17500305175781,73.24500274658203,200.0
2026-03-25 07:30:00+00:00,73.2300033569336,73.31500244140625,73.01000213623047,73.22000122070312,157.0
2026-03-25 07:45:00+00:00,73.20999908447266,73.25499725341797,73.04499816894531,73.08499908447266,63.0
2026-03-25 08:00:00+00:00,73.1050033569336,73.48500061035156,73.04499816894531,73.42500305175781,291.0
2026-03-25 08:15:00+00:00,73.41000366210938,73.87999725341797,73.4000015258789,73.48999786376953,671.0
2026-03-25 08:30:00+00:00,73.44000244140625,73.5,73.04499816894531,73.45999908447266,447.0
2026-03-25 08:45:00+00:00,73.43499755859375,73.55500030517578,73.19000244140625,73.24500274658203,227.0
2026-03-25 09:00:00+00:00,73.22000122070312,73.54000091552734,73.1500015258789,73.30000305175781,213.0
2026-03-25 09:15:00+00:00,73.32499694824219,73.4000015258789,72.58000183105469,72.99500274658203,582.0
2026-03-25 09:30:00+00:00,73.01499938964844,73.1500015258789,72.5999984741211,72.7300033569336,434.0
2026-03-25 09:45:00+00:00,72.66500091552734,73.03500366210938,72.09500122070312,72.8550033569336,982.0
2026-03-25 10:00:00+00:00,72.87000274658203,73.1449966430664,72.70500183105469,72.7699966430664,272.0
2026-03-25 10:15:00+00:00,72.78500366210938,72.83999633789062,72.67500305175781,72.77999877929688,156.0
2026-03-25 10:30:00+00:00,72.73500061035156,72.95500183105469,72.55999755859375,72.65499877929688,215.0
2026-03-25 10:45:00+00:00,72.69999694824219,73.23999786376953,72.67500305175781,73.12999725341797,381.0
2026-03-25 11:00:00+00:00,73.11499786376953,73.4000015258789,73.1050033569336,73.25499725341797,253.0
2026-03-25 11:15:00+00:00,73.23999786376953,73.44000244140625,73.0199966430664,73.31999969482422,206.0
2026-03-25 11:30:00+00:00,73.33499908447266,73.625,73.29000091552734,73.43000030517578,244.0
2026-03-25 11:45:00+00:00,73.3949966430664,73.5,73.1449966430664,73.31500244140625,284.0
2026-03-25 12:00:00+00:00,73.32499694824219,73.53500366210938,73.125,73.37000274658203,393.0
2026-03-25 12:15:00+00:00,73.33000183105469,73.3499984741211,72.55000305175781,72.7300033569336,786.0
2026-03-25 12:30:00+00:00,72.69499969482422,73.1449966430664,72.36499786376953,72.81999969482422,914.0
2026-03-25 12:45:00+00:00,72.77999877929688,73.11000061035156,72.69499969482422,72.87999725341797,415.0
2026-03-25 13:00:00+00:00,72.8949966430664,73.45999908447266,72.8499984741211,73.1449966430664,793.0
2026-03-25 13:15:00+00:00,73.1449966430664,73.25,72.88999938964844,73.09500122070312,364.0
2026-03-25 13:30:00+00:00,73.08499908447266,73.25,72.7300033569336,72.80500030517578,921.0
2026-03-25 13:45:00+00:00,72.79000091552734,72.83000183105469,72.2249984741211,72.38999938964844,1132.0
2026-03-25 14:00:00+00:00,72.41000366210938,72.66000366210938,72.05000305175781,72.66000366210938,817.0
2026-03-25 14:15:00+00:00,72.66000366210938,73.18499755859375,72.6449966430664,73.12000274658203,1193.0
2026-03-25 14:30:00+00:00,73.1500015258789,73.31999969482422,73.07499694824219,73.1050033569336,537.0
2026-03-25 14:45:00+00:00,73.08499908447266,73.55000305175781,73.08499908447266,73.2249984741211,653.0
2026-03-25 15:00:00+00:00,73.23999786376953,73.4000015258789,72.63999938964844,72.63999938964844,624.0
2026-03-25 15:15:00+00:00,72.62999725341797,72.93000030517578,71.8949966430664,72.84500122070312,1456.0
2026-03-25 15:30:00+00:00,72.93000030517578,73.01000213623047,72.5999984741211,72.71499633789062,449.0
2026-03-25 15:45:00+00:00,72.75499725341797,72.88500213623047,72.58000183105469,72.7750015258789,267.0
2026-03-25 16:00:00+00:00,72.75499725341797,72.98500061035156,72.68499755859375,72.80500030517578,404.0
2026-03-25 16:15:00+00:00,72.78500366210938,73.05500030517578,72.58000183105469,72.81999969482422,567.0
2026-03-25 16:30:00+00:00,72.8499984741211,73.05999755859375,72.77999877929688,73.0199966430664,422.0
2026-03-25 16:45:00+00:00,73.01000213623047,73.04000091552734,72.80500030517578,72.81500244140625,370.0
2026-03-25 17:00:00+00:00,72.83000183105469,72.8949966430664,72.47000122070312,72.66500091552734,867.0
2026-03-25 17:15:00+00:00,72.63999938964844,72.84500122070312,72.46499633789062,72.68499755859375,1744.0
2026-03-25 17:30:00+00:00,72.66500091552734,72.8550033569336,72.53500366210938,72.82499694824219,397.0
2026-03-25 17:45:00+00:00,72.77999877929688,72.875,72.52999877929688,72.55999755859375,213.0
2026-03-25 18:00:00+00:00,72.55999755859375,72.92500305175781,72.4800033569336,72.58499908447266,344.0
2026-03-25 18:15:00+00:00,72.57499694824219,72.5999984741211,72.31500244140625,72.41999816894531,362.0
2026-03-25 18:30:00+00:00,72.38999938964844,72.48999786376953,72.20999908447266,72.36000061035156,271.0
2026-03-25 18:45:00+00:00,72.3550033569336,72.37999725341797,71.90499877929688,72.20999908447266,349.0
2026-03-25 19:00:00+00:00,72.19499969482422,72.23500061035156,71.41999816894531,71.7750015258789,694.0
2026-03-25 19:15:00+00:00,71.76499938964844,71.8949966430664,71.68000030517578,71.70500183105469,322.0
2026-03-25 19:30:00+00:00,71.69000244140625,72.21499633789062,71.69000244140625,72.01000213623047,197.0
2026-03-25 19:45:00+00:00,72.0199966430664,72.23999786376953,71.86499786376953,72.23500061035156,222.0
2026-03-25 20:00:00+00:00,72.23500061035156,72.3949966430664,71.82499694824219,71.92500305175781,351.0
2026-03-25 20:15:00+00:00,71.92500305175781,72.05500030517578,71.66000366210938,71.75,154.0
2026-03-25 20:30:00+00:00,71.73999786376953,71.76000213623047,71.06999969482422,71.3499984741211,481.0
2026-03-25 20:45:00+00:00,71.33000183105469,71.46499633789062,71.18000030517578,71.44499969482422,257.0
2026-03-25 22:00:00+00:00,71.50499725341797,71.9000015258789,71.1449966430664,71.1500015258789,256.0
2026-03-25 22:15:00+00:00,71.19999694824219,71.5,71.16000366210938,71.36000061035156,137.0
2026-03-25 22:30:00+00:00,71.37000274658203,71.70999908447266,71.36000061035156,71.6500015258789,92.0
2026-03-25 22:45:00+00:00,71.5999984741211,71.61499786376953,71.17500305175781,71.33499908447266,70.0
2026-03-25 23:00:00+00:00,71.34500122070312,71.34500122070312,70.57499694824219,70.86000061035156,474.0
2026-03-25 23:15:00+00:00,70.875,70.98999786376953,70.68000030517578,70.8499984741211,120.0
2026-03-25 23:30:00+00:00,70.83000183105469,71.0,70.51499938964844,70.67500305175781,189.0
2026-03-25 23:45:00+00:00,70.66999816894531,70.8550033569336,70.57499694824219,70.83000183105469,81.0
2026-03-26 00:00:00+00:00,70.79499816894531,71.73500061035156,70.77999877929688,71.625,337.0
2026-03-26 00:15:00+00:00,71.61499786376953,72.16999816894531,71.57499694824219,71.82499694824219,380.0
2026-03-26 00:30:00+00:00,71.83000183105469,71.93000030517578,71.69499969482422,71.70999908447266,132.0
2026-03-26 00:45:00+00:00,71.73999786376953,72.21499633789062,71.73999786376953,72.16999816894531,268.0
2026-03-26 01:00:00+00:00,72.13500213623047,72.31500244140625,71.70500183105469,71.86000061035156,399.0
2026-03-26 01:15:00+00:00,71.75,71.7750015258789,71.23500061035156,71.625,626.0
2026-03-26 01:30:00+00:00,71.63500213623047,72.1050033569336,71.55500030517578,71.73500061035156,320.0
2026-03-26 01:45:00+00:00,71.76000213623047,72.05000305175781,71.50499725341797,72.05000305175781,159.0
2026-03-26 02:00:00+00:00,72.08000183105469,72.38500213623047,71.88500213623047,72.29000091552734,263.0
2026-03-26 02:15:00+00:00,72.26499938964844,72.26499938964844,71.87000274658203,71.87000274658203,103.0
2026-03-26 02:30:00+00:00,71.8550033569336,72.15499877929688,71.50499725341797,71.73999786376953,205.0
2026-03-26 02:45:00+00:00,71.71499633789062,71.87999725341797,71.28500366210938,71.5,301.0
2026-03-26 03:00:00+00:00,71.45500183105469,71.7249984741211,71.3550033569336,71.65499877929688,141.0
2026-03-26 03:15:00+00:00,71.66000366210938,71.76000213623047,71.41999816894531,71.61000061035156,166.0
2026-03-26 03:30:00+00:00,71.83000183105469,72.04499816894531,71.83000183105469,71.95999908447266,94.0
2026-03-26 03:45:00+00:00,71.92500305175781,71.99500274658203,71.75,71.81999969482422,46.0
2026-03-26 04:00:00+00:00,71.93000030517578,72.1050033569336,71.76499938964844,72.05999755859375,53.0
2026-03-26 04:15:00+00:00,72.06999969482422,72.16000366210938,72.02999877929688,72.0999984741211,72.0
2026-03-26 04:30:00+00:00,72.0999984741211,72.0999984741211,71.87000274658203,71.90499877929688,58.0
2026-03-26 04:45:00+00:00,71.93000030517578,72.02999877929688,71.83499908447266,71.91999816894531,62.0
2026-03-26 05:00:00+00:00,71.88500213623047,71.90499877929688,71.36000061035156,71.41999816894531,197.0
2026-03-26 05:15:00+00:00,71.43000030517578,71.51000213623047,70.69999694824219,70.83999633789062,390.0
2026-03-26 05:30:00+00:00,70.87000274658203,71.12000274658203,70.6500015258789,70.80000305175781,356.0
2026-03-26 05:45:00+00:00,70.76000213623047,70.76499938964844,69.48999786376953,69.51499938964844,1322.0
2026-03-26 06:00:00+00:00,69.50499725341797,70.08000183105469,69.4000015258789,69.43000030517578,1231.0
2026-03-26 06:15:00+00:00,69.49500274658203,70.05999755859375,69.08000183105469,70.0199966430664,714.0
2026-03-26 06:30:00+00:00,70.03500366210938,70.07499694824219,69.62999725341797,70.05000305175781,297.0
2026-03-26 06:45:00+00:00,70.05000305175781,70.21499633789062,69.94999694824219,70.12999725341797,296.0
2026-03-26 07:00:00+00:00,70.1500015258789,70.20500183105469,69.19999694824219,69.38500213623047,521.0
2026-03-26 07:15:00+00:00,69.41500091552734,69.79000091552734,69.18499755859375,69.61499786376953,439.0
2026-03-26 07:30:00+00:00,69.63999938964844,69.93000030517578,69.4800033569336,69.71499633789062,188.0
2026-03-26 07:45:00+00:00,69.73999786376953,69.91500091552734,69.44000244140625,69.46499633789062,263.0
2026-03-26 08:00:00+00:00,69.4800033569336,69.7249984741211,69.16500091552734,69.2699966430664,628.0
2026-03-26 08:15:00+00:00,69.30000305175781,69.37999725341797,68.33499908447266,68.4800033569336,1046.0
2026-03-26 08:30:00+00:00,68.4749984741211,68.75499725341797,67.88500213623047,68.06999969482422,1313.0
2026-03-26 08:45:00+00:00,68.05500030517578,68.62999725341797,68.01000213623047,68.31500244140625,486.0
2026-03-26 09:00:00+00:00,68.32499694824219,68.375,67.93499755859375,68.29000091552734,487.0
2026-03-26 09:15:00+00:00,68.26499938964844,68.3550033569336,68.0,68.05999755859375,331.0
2026-03-26 09:30:00+00:00,68.01000213623047,68.15499877929688,67.75,68.05000305175781,385.0
2026-03-26 09:45:00+00:00,68.0,68.19000244140625,67.83999633789062,68.19000244140625,292.0
2026-03-26 10:00:00+00:00,68.18000030517578,68.44999694824219,68.04499816894531,68.13500213623047,261.0
2026-03-26 10:15:00+00:00,68.16999816894531,68.58000183105469,68.0999984741211,68.41999816894531,505.0
2026-03-26 10:30:00+00:00,68.4749984741211,68.62999725341797,67.81500244140625,67.98500061035156,602.0
2026-03-26 10:45:00+00:00,67.94499969482422,68.2750015258789,67.875,68.22000122070312,360.0
2026-03-26 11:00:00+00:00,68.25499725341797,68.55500030517578,68.16500091552734,68.29499816894531,439.0
2026-03-26 11:15:00+00:00,68.29499816894531,68.30000305175781,67.87999725341797,68.08999633789062,376.0
2026-03-26 11:30:00+00:00,68.12999725341797,68.43000030517578,68.0199966430664,68.18000030517578,423.0
2026-03-26 11:45:00+00:00,68.18000030517578,68.21499633789062,67.06500244140625,67.43000030517578,2129.0
2026-03-26 12:00:00+00:00,67.42500305175781,68.13500213623047,67.23500061035156,68.05000305175781,637.0
2026-03-26 12:15:00+00:00,68.02999877929688,68.23999786376953,67.8949966430664,67.92500305175781,711.0
2026-03-26 12:30:00+00:00,67.91000366210938,67.96499633789062,67.625,67.6500015258789,488.0
2026-03-26 12:45:00+00:00,67.69499969482422,67.9749984741211,67.52999877929688,67.56500244140625,663.0
2026-03-26 13:00:00+00:00,67.58999633789062,68.61000061035156,67.44499969482422,68.41500091552734,1917.0
2026-03-26 13:15:00+00:00,68.41999816894531,68.88500213623047,68.29000091552734,68.75,1028.0
2026-03-26 13:30:00+00:00,68.68499755859375,69.13500213623047,68.3499984741211,69.13500213623047,1011.0
2026-03-26 13:45:00+00:00,69.11000061035156,69.47000122070312,68.87000274658203,69.375,1706.0
2026-03-26 14:00:00+00:00,69.38500213623047,69.4749984741211,68.8550033569336,69.09500122070312,652.0
2026-03-26 14:15:00+00:00,69.16999816894531,69.67500305175781,69.125,69.38999938964844,686.0
2026-03-26 14:30:00+00:00,69.4000015258789,69.83000183105469,69.1500015258789,69.20999908447266,1068.0
2026-03-26 14:45:00+00:00,69.16000366210938,69.37999725341797,68.68000030517578,69.2699966430664,918.0
2026-03-26 15:00:00+00:00,69.27999877929688,69.44000244140625,69.0,69.03500366210938,559.0
2026-03-26 15:15:00+00:00,69.06500244140625,69.3499984741211,68.8949966430664,69.01000213623047,554.0
2026-03-26 15:30:00+00:00,68.9749984741211,68.9749984741211,68.48999786376953,68.70999908447266,661.0
2026-03-26 15:45:00+00:00,68.70999908447266,69.09500122070312,68.42500305175781,68.6500015258789,740.0
2026-03-26 16:00:00+00:00,68.5999984741211,68.69999694824219,68.375,68.5,490.0
2026-03-26 16:15:00+00:00,68.5,68.51000213623047,67.27999877929688,67.68499755859375,2680.0
2026-03-26 16:30:00+00:00,67.6500015258789,67.74500274658203,67.16999816894531,67.625,1474.0
2026-03-26 16:45:00+00:00,67.625,68.0999984741211,67.6050033569336,67.8499984741211,922.0
2026-03-26 17:00:00+00:00,67.83000183105469,68.26000213623047,67.80000305175781,67.99500274658203,1298.0
2026-03-26 17:15:00+00:00,68.01499938964844,68.11499786376953,67.6449966430664,67.80500030517578,2982.0
2026-03-26 17:30:00+00:00,67.80500030517578,67.92500305175781,67.5,67.59500122070312,718.0
2026-03-26 17:45:00+00:00,67.5999984741211,67.63500213623047,67.26000213623047,67.38500213623047,897.0
2026-03-26 18:00:00+00:00,67.37999725341797,67.63999938964844,67.37000274658203,67.53500366210938,508.0
2026-03-26 18:15:00+00:00,67.4800033569336,67.4800033569336,66.70500183105469,67.0,1067.0
2026-03-26 18:30:00+00:00,67.04000091552734,67.66999816894531,66.98999786376953,67.63500213623047,531.0
2026-03-26 18:45:00+00:00,67.65499877929688,67.83499908447266,67.58000183105469,67.68000030517578,386.0
2026-03-26 19:00:00+00:00,67.75499725341797,67.88500213623047,67.33999633789062,67.53500366210938,488.0
2026-03-26 19:15:00+00:00,67.5199966430664,67.79499816894531,67.45999908447266,67.46499633789062,337.0
2026-03-26 19:30:00+00:00,67.58499908447266,67.88999938964844,67.3499984741211,67.51499938964844,302.0
2026-03-26 19:45:00+00:00,67.54499816894531,67.54499816894531,67.06500244140625,67.28500366210938,507.0
2026-03-26 20:00:00+00:00,67.25499725341797,69.1449966430664,67.13500213623047,69.0,1488.0
2026-03-26 20:15:00+00:00,69.04000091552734,69.08499908447266,68.22000122070312,68.5250015258789,1109.0
2026-03-26 20:30:00+00:00,68.5250015258789,68.87999725341797,68.37000274658203,68.63999938964844,318.0
2026-03-26 20:45:00+00:00,68.63999938964844,68.69999694824219,67.98999786376953,68.125,350.0
2026-03-26 22:00:00+00:00,68.36499786376953,68.66999816894531,68.28500366210938,68.61000061035156,74.0
2026-03-26 22:15:00+00:00,68.5999984741211,68.79499816894531,68.57499694824219,68.66999816894531,106.0
2026-03-26 22:30:00+00:00,68.62999725341797,69.1050033569336,68.62999725341797,69.05500030517578,127.0
2026-03-26 22:45:00+00:00,68.95999908447266,69.09500122070312,68.83499908447266,68.99500274658203,109.0
2026-03-26 23:00:00+00:00,68.98500061035156,69.04499816894531,68.55999755859375,68.61499786376953,265.0
2026-03-26 23:15:00+00:00,68.62000274658203,68.67500305175781,68.41500091552734,68.63999938964844,79.0
2026-03-26 23:30:00+00:00,68.65499877929688,69.0250015258789,68.58499908447266,68.7750015258789,216.0
2026-03-26 23:45:00+00:00,68.83499908447266,68.83499908447266,68.6449966430664,68.70999908447266,75.0
2026-03-27 00:00:00+00:00,68.69999694824219,69.16000366210938,68.69999694824219,68.78500366210938,217.0
2026-03-27 00:15:00+00:00,68.77999877929688,68.80000305175781,68.13500213623047,68.24500274658203,226.0
2026-03-27 00:30:00+00:00,68.3499984741211,68.48999786376953,67.88999938964844,68.02999877929688,207.0
2026-03-27 00:45:00+00:00,68.03500366210938,68.03500366210938,67.44000244140625,67.59500122070312,320.0
2026-03-27 01:00:00+00:00,67.61000061035156,68.33000183105469,67.44999694824219,68.15499877929688,421.0
2026-03-27 01:15:00+00:00,68.17500305175781,68.40499877929688,67.95999908447266,68.38500213623047,264.0
2026-03-27 01:30:00+00:00,68.41500091552734,68.7750015258789,68.3550033569336,68.70999908447266,317.0
2026-03-27 01:45:00+00:00,68.70999908447266,68.73999786376953,68.41000366210938,68.69999694824219,150.0
2026-03-27 02:00:00+00:00,68.7249984741211,69.11000061035156,68.7249984741211,68.8949966430664,493.0
2026-03-27 02:15:00+00:00,68.94000244140625,69.0250015258789,68.6500015258789,68.93499755859375,189.0
2026-03-27 02:30:00+00:00,68.94999694824219,68.9800033569336,68.56999969482422,68.73500061035156,203.0
2026-03-27 02:45:00+00:00,68.73500061035156,69.05000305175781,68.62999725341797,68.62999725341797,260.0
2026-03-27 03:00:00+00:00,68.66500091552734,68.80500030517578,68.41999816894531,68.69999694824219,267.0
2026-03-27 03:15:00+00:00,68.67500305175781,69.5250015258789,68.625,69.29499816894531,477.0
2026-03-27 03:30:00+00:00,69.26499938964844,69.68000030517578,69.18499755859375,69.41000366210938,400.0
2026-03-27 03:45:00+00:00,69.34500122070312,69.53500366210938,69.32499694824219,69.3949966430664,135.0
2026-03-27 04:00:00+00:00,69.45500183105469,69.4800033569336,69.2249984741211,69.27999877929688,60.0
2026-03-27 04:15:00+00:00,69.2300033569336,69.40499877929688,69.2300033569336,69.31999969482422,66.0
2026-03-27 04:30:00+00:00,69.36499786376953,69.58000183105469,69.36499786376953,69.54000091552734,64.0
2026-03-27 04:45:00+00:00,69.56999969482422,69.79499816894531,69.55999755859375,69.69999694824219,114.0
2026-03-27 05:00:00+00:00,69.69000244140625,69.8949966430664,69.61499786376953,69.7699966430664,169.0
2026-03-27 05:15:00+00:00,69.80500030517578,69.84500122070312,69.4749984741211,69.6500015258789,161.0
2026-03-27 05:30:00+00:00,69.65499877929688,70.43000030517578,69.6449966430664,70.19000244140625,804.0
2026-03-27 05:45:00+00:00,70.18000030517578,70.31999969482422,69.55000305175781,69.55000305175781,330.0
2026-03-27 06:00:00+00:00,69.52999877929688,69.90499877929688,69.40499877929688,69.88500213623047,327.0
2026-03-27 06:15:00+00:00,69.86000061035156,70.03500366210938,69.67500305175781,69.88999938964844,152.0
2026-03-27 06:30:00+00:00,69.86499786376953,70.19000244140625,69.77999877929688,70.06500244140625,277.0
2026-03-27 06:45:00+00:00,70.0,70.05500030517578,69.61499786376953,69.87000274658203,409.0
2026-03-27 07:00:00+00:00,69.8499984741211,69.92500305175781,69.5250015258789,69.80999755859375,294.0
2026-03-27 07:15:00+00:00,69.83499908447266,69.94000244140625,69.74500274658203,69.79000091552734,122.0
2026-03-27 07:30:00+00:00,69.76499938964844,69.79000091552734,69.54499816894531,69.62999725341797,330.0
2026-03-27 07:45:00+00:00,69.62999725341797,69.86000061035156,69.58000183105469,69.59500122070312,199.0
2026-03-27 08:00:00+00:00,69.56999969482422,69.62999725341797,69.11499786376953,69.45999908447266,581.0
2026-03-27 08:15:00+00:00,69.41999816894531,69.41999816894531,69.0250015258789,69.07499694824219,217.0
2026-03-27 08:30:00+00:00,69.04499816894531,69.22000122070312,68.90499877929688,69.11000061035156,218.0
2026-03-27 08:45:00+00:00,69.08999633789062,69.16999816894531,68.80999755859375,68.80999755859375,127.0
2026-03-27 09:00:00+00:00,68.83000183105469,69.0,68.625,68.80000305175781,322.0
2026-03-27 09:15:00+00:00,68.78500366210938,69.09500122070312,68.78500366210938,69.05500030517578,127.0
2026-03-27 09:30:00+00:00,69.03500366210938,69.19999694824219,68.86499786376953,68.97000122070312,129.0
2026-03-27 09:45:00+00:00,68.93000030517578,68.93000030517578,68.62000274658203,68.63999938964844,186.0
2026-03-27 10:00:00+00:00,68.6500015258789,68.9749984741211,68.63500213623047,68.68499755859375,149.0
2026-03-27 10:15:00+00:00,68.73500061035156,68.91500091552734,68.70999908447266,68.80500030517578,105.0
2026-03-27 10:30:00+00:00,68.80500030517578,68.84500122070312,68.36000061035156,68.41000366210938,189.0
2026-03-27 10:45:00+00:00,68.40499877929688,68.45999908447266,68.15499877929688,68.19999694824219,395.0
2026-03-27 11:00:00+00:00,68.19999694824219,68.29000091552734,67.93499755859375,68.16500091552734,448.0
2026-03-27 11:15:00+00:00,68.12000274658203,68.4000015258789,68.03500366210938,68.38999938964844,121.0
2026-03-27 11:30:00+00:00,68.41500091552734,68.44499969482422,68.03500366210938,68.23999786376953,200.0
2026-03-27 11:45:00+00:00,68.24500274658203,68.32499694824219,67.74500274658203,67.92500305175781,384.0
2026-03-27 12:00:00+00:00,67.93000030517578,68.01499938964844,67.56500244140625,67.93499755859375,729.0
2026-03-27 12:15:00+00:00,67.93499755859375,68.16000366210938,67.7249984741211,68.08499908447266,487.0
2026-03-27 12:30:00+00:00,68.05000305175781,68.18499755859375,67.875,67.91000366210938,346.0
2026-03-27 12:45:00+00:00,67.94999694824219,68.22000122070312,67.91500091552734,68.05500030517578,635.0
2026-03-27 13:00:00+00:00,68.08000183105469,68.41500091552734,67.57499694824219,67.80999755859375,1457.0
2026-03-27 13:15:00+00:00,67.78500366210938,68.33999633789062,67.78500366210938,67.94499969482422,690.0
2026-03-27 13:30:00+00:00,67.94000244140625,68.30000305175781,67.67500305175781,68.25,1034.0
2026-03-27 13:45:00+00:00,68.25,68.625,67.7699966430664,68.06999969482422,1057.0
2026-03-27 14:00:00+00:00,68.0,68.91999816894531,68.0,68.76499938964844,1467.0
2026-03-27 14:15:00+00:00,68.72000122070312,69.08999633789062,68.69499969482422,68.76499938964844,1023.0
2026-03-27 14:30:00+00:00,68.73500061035156,69.2300033569336,68.63500213623047,69.05999755859375,760.0
2026-03-27 14:45:00+00:00,69.06500244140625,70.75,69.06500244140625,70.45999908447266,2337.0
2026-03-27 15:00:00+00:00,70.5,71.46499633789062,70.33999633789062,71.26499938964844,2048.0
2026-03-27 15:15:00+00:00,71.33499908447266,71.7750015258789,71.06500244140625,71.3550033569336,1795.0
2026-03-27 15:30:00+00:00,71.37999725341797,71.55999755859375,70.9000015258789,71.00499725341797,1023.0
2026-03-27 15:45:00+00:00,71.04000091552734,71.19999694824219,70.88999938964844,70.8949966430664,648.0
2026-03-27 16:00:00+00:00,70.92500305175781,71.01000213623047,70.62000274658203,70.91000366210938,810.0
2026-03-27 16:15:00+00:00,70.8949966430664,71.12999725341797,70.76000213623047,70.80000305175781,590.0
2026-03-27 16:30:00+00:00,70.83000183105469,70.83999633789062,70.2300033569336,70.50499725341797,888.0
2026-03-27 16:45:00+00:00,70.50499725341797,70.91999816894531,70.36000061035156,70.5,676.0
2026-03-27 17:00:00+00:00,70.4749984741211,70.6050033569336,70.125,70.26000213623047,1078.0
2026-03-27 17:15:00+00:00,70.2699966430664,70.29499816894531,69.55999755859375,69.73999786376953,1952.0
2026-03-27 17:30:00+00:00,69.73999786376953,69.9000015258789,69.5199966430664,69.6050033569336,425.0
2026-03-27 17:45:00+00:00,69.61000061035156,69.80999755859375,69.51000213623047,69.63500213623047,275.0
2026-03-27 18:00:00+00:00,69.62000274658203,69.94000244140625,69.62000274658203,69.91999816894531,470.0
2026-03-27 18:15:00+00:00,69.91999816894531,70.31500244140625,69.91999816894531,70.24500274658203,920.0
2026-03-27 18:30:00+00:00,70.25,70.65499877929688,70.25,70.55500030517578,393.0
2026-03-27 18:45:00+00:00,70.54000091552734,70.54000091552734,70.29000091552734,70.30000305175781,320.0
2026-03-27 19:00:00+00:00,70.30999755859375,70.37999725341797,69.90499877929688,70.12999725341797,487.0
2026-03-27 19:15:00+00:00,70.1050033569336,70.55999755859375,70.1050033569336,70.44000244140625,392.0
2026-03-27 19:30:00+00:00,70.46499633789062,70.55000305175781,69.81500244140625,69.94999694824219,623.0
2026-03-27 19:45:00+00:00,69.94499969482422,70.16500091552734,69.69000244140625,70.11000061035156,543.0
2026-03-27 20:00:00+00:00,70.125,70.19999694824219,69.95500183105469,70.0999984741211,145.0
2026-03-27 20:15:00+00:00,70.08000183105469,70.09500122070312,69.9000015258789,69.97000122070312,97.0
2026-03-27 20:30:00+00:00,69.96499633789062,70.16999816894531,69.87000274658203,69.99500274658203,174.0
2026-03-27 20:45:00+00:00,69.97000122070312,69.9800033569336,69.69499969482422,69.7699966430664,224.0
2026-03-29 22:00:00+00:00,68.55000305175781,68.81500244140625,68.38999938964844,68.71499633789062,248.0
2026-03-29 22:15:00+00:00,68.67500305175781,69.30999755859375,68.58999633789062,68.86499786376953,374.0
2026-03-29 22:30:00+00:00,68.9749984741211,69.19499969482422,68.62000274658203,68.71499633789062,296.0
2026-03-29 22:45:00+00:00,68.7249984741211,68.81999969482422,68.62000274658203,68.7249984741211,171.0
2026-03-29 23:00:00+00:00,68.69999694824219,68.9000015258789,68.3550033569336,68.58999633789062,218.0
2026-03-29 23:15:00+00:00,68.6500015258789,68.73500061035156,68.63500213623047,68.66999816894531,75.0
2026-03-29 23:30:00+00:00,68.63500213623047,68.67500305175781,67.69999694824219,67.96499633789062,536.0
2026-03-29 23:45:00+00:00,68.0250015258789,68.20999908447266,67.95500183105469,68.19499969482422,229.0
2026-03-30 00:00:00+00:00,68.19999694824219,68.36000061035156,67.80000305175781,68.06500244140625,296.0
2026-03-30 00:15:00+00:00,68.04000091552734,69.0,67.95999908447266,68.68499755859375,389.0
2026-03-30 00:30:00+00:00,68.62999725341797,68.87999725341797,68.31500244140625,68.48999786376953,153.0
2026-03-30 00:45:00+00:00,68.49500274658203,68.58000183105469,68.34500122070312,68.38500213623047,277.0
2026-03-30 01:00:00+00:00,68.41000366210938,69.41500091552734,68.25,68.96499633789062,1025.0
2026-03-30 01:15:00+00:00,68.93000030517578,69.12999725341797,68.54499816894531,68.68499755859375,340.0
2026-03-30 01:30:00+00:00,68.68000030517578,68.98999786376953,68.47000122070312,68.80000305175781,246.0
2026-03-30 01:45:00+00:00,68.875,68.95999908447266,68.52999877929688,68.81999969482422,110.0
2026-03-30 02:00:00+00:00,68.80999755859375,69.04000091552734,68.70999908447266,68.91999816894531,136.0
2026-03-30 02:15:00+00:00,68.86000061035156,68.86000061035156,68.61000061035156,68.7249984741211,145.0
2026-03-30 02:30:00+00:00,68.79499816894531,69.4000015258789,68.5999984741211,69.2699966430664,297.0
2026-03-30 02:45:00+00:00,69.23500061035156,69.45999908447266,69.1050033569336,69.18000030517578,153.0
2026-03-30 03:00:00+00:00,69.1500015258789,70.5250015258789,69.1500015258789,70.19000244140625,710.0
2026-03-30 03:15:00+00:00,70.20999908447266,70.57499694824219,70.07499694824219,70.21499633789062,197.0
2026-03-30 03:30:00+00:00,70.21499633789062,70.25499725341797,70.05999755859375,70.1500015258789,91.0
2026-03-30 03:45:00+00:00,70.0999984741211,70.20999908447266,69.91000366210938,69.94999694824219,86.0
2026-03-30 04:00:00+00:00,69.94499969482422,69.98999786376953,69.84500122070312,69.8949966430664,73.0
2026-03-30 04:15:00+00:00,69.91999816894531,70.1500015258789,69.9000015258789,70.11000061035156,64.0
2026-03-30 04:30:00+00:00,70.08499908447266,70.08499908447266,69.88500213623047,69.91000366210938,94.0
2026-03-30 04:45:00+00:00,69.98500061035156,70.20500183105469,69.91000366210938,70.19499969482422,40.0
2026-03-30 05:00:00+00:00,70.15499877929688,70.5250015258789,70.1449966430664,70.37999725341797,121.0
2026-03-30 05:15:00+00:00,70.36499786376953,70.55000305175781,70.28500366210938,70.29499816894531,124.0
2026-03-30 05:30:00+00:00,70.33999633789062,70.59500122070312,70.08999633789062,70.2249984741211,232.0
2026-03-30 05:45:00+00:00,70.34500122070312,70.79000091552734,70.22000122070312,70.63500213623047,271.0
2026-03-30 06:00:00+00:00,70.59500122070312,70.9000015258789,70.52999877929688,70.63500213623047,276.0
2026-03-30 06:15:00+00:00,70.70500183105469,70.83000183105469,70.55000305175781,70.66000366210938,234.0
2026-03-30 06:30:00+00:00,70.67500305175781,70.91000366210938,70.625,70.8499984741211,143.0
2026-03-30 06:45:00+00:00,70.82499694824219,70.87000274658203,70.41999816894531,70.45999908447266,261.0
2026-03-30 07:00:00+00:00,70.42500305175781,70.59500122070312,70.26499938964844,70.50499725341797,264.0
2026-03-30 07:15:00+00:00,70.45999908447266,70.46499633789062,70.05000305175781,70.08000183105469,197.0
2026-03-30 07:30:00+00:00,70.16999816894531,70.38999938964844,70.05000305175781,70.38999938964844,152.0
2026-03-30 07:45:00+00:00,70.3949966430664,70.63999938964844,70.29000091552734,70.63999938964844,76.0
2026-03-30 08:00:00+00:00,70.61000061035156,70.80000305175781,70.5,70.74500274658203,152.0
2026-03-30 08:15:00+00:00,70.73500061035156,70.73999786376953,70.3550033569336,70.55500030517578,137.0
2026-03-30 08:30:00+00:00,70.56999969482422,71.06999969482422,70.56999969482422,70.91000366210938,332.0
2026-03-30 08:45:00+00:00,70.91500091552734,71.12000274658203,70.91000366210938,70.97000122070312,168.0
2026-03-30 09:00:00+00:00,70.98500061035156,71.13999938964844,70.82499694824219,70.9000015258789,161.0
2026-03-30 09:15:00+00:00,70.83499908447266,71.12999725341797,70.63999938964844,70.98999786376953,312.0
2026-03-30 09:30:00+00:00,70.94000244140625,71.26000213623047,70.80000305175781,71.23999786376953,147.0
2026-03-30 09:45:00+00:00,71.2249984741211,71.32499694824219,71.05500030517578,71.13999938964844,134.0
2026-03-30 10:00:00+00:00,71.09500122070312,71.13500213623047,70.93000030517578,70.9800033569336,204.0
2026-03-30 10:15:00+00:00,70.94000244140625,71.08999633789062,70.8499984741211,70.875,77.0
2026-03-30 10:30:00+00:00,70.8949966430664,70.96499633789062,70.79499816894531,70.96499633789062,276.0
2026-03-30 10:45:00+00:00,70.96499633789062,70.96499633789062,70.7249984741211,70.79499816894531,73.0
2026-03-30 11:00:00+00:00,70.80999755859375,71.16999816894531,70.66999816894531,71.13500213623047,244.0
2026-03-30 11:15:00+00:00,71.11000061035156,71.5199966430664,71.08000183105469,71.33000183105469,456.0
2026-03-30 11:30:00+00:00,71.29000091552734,71.45999908447266,70.93499755859375,71.45500183105469,353.0
2026-03-30 11:45:00+00:00,71.47000122070312,71.83000183105469,71.26000213623047,71.3949966430664,943.0
2026-03-30 12:00:00+00:00,71.41999816894531,71.41999816894531,71.04000091552734,71.38500213623047,413.0
2026-03-30 12:15:00+00:00,71.3550033569336,71.58999633789062,71.25499725341797,71.34500122070312,471.0
2026-03-30 12:30:00+00:00,71.3499984741211,71.73500061035156,71.31999969482422,71.58499908447266,456.0
2026-03-30 12:45:00+00:00,71.58000183105469,71.61000061035156,71.42500305175781,71.4800033569336,285.0
2026-03-30 13:00:00+00:00,71.5,72.0250015258789,71.2699966430664,71.33999633789062,1007.0
2026-03-30 13:15:00+00:00,71.36499786376953,71.43499755859375,71.19999694824219,71.36000061035156,386.0
2026-03-30 13:30:00+00:00,71.33499908447266,71.51499938964844,70.5,70.72000122070312,1161.0
2026-03-30 13:45:00+00:00,70.69999694824219,70.69999694824219,70.16999816894531,70.33000183105469,1008.0
2026-03-30 14:00:00+00:00,70.38500213623047,70.93000030517578,70.34500122070312,70.8499984741211,663.0
2026-03-30 14:15:00+00:00,70.83999633789062,70.8499984741211,70.42500305175781,70.5250015258789,462.0
2026-03-30 14:30:00+00:00,70.53500366210938,70.88999938964844,70.49500274658203,70.62999725341797,484.0
2026-03-30 14:45:00+00:00,70.6500015258789,71.11499786376953,70.58000183105469,71.09500122070312,433.0
2026-03-30 15:00:00+00:00,71.0999984741211,71.2300033569336,70.91000366210938,70.98500061035156,371.0
2026-03-30 15:15:00+00:00,70.97000122070312,71.11499786376953,70.76499938964844,71.1050033569336,383.0
2026-03-30 15:30:00+00:00,71.11000061035156,71.33999633789062,70.99500274658203,71.31999969482422,488.0
2026-03-30 15:45:00+00:00,71.32499694824219,71.375,71.13999938964844,71.16999816894531,365.0
2026-03-30 16:00:00+00:00,71.16500091552734,71.16500091552734,70.84500122070312,71.06999969482422,456.0
2026-03-30 16:15:00+00:00,71.08000183105469,71.16500091552734,70.80000305175781,70.80999755859375,280.0
2026-03-30 16:30:00+00:00,70.80000305175781,71.07499694824219,70.7300033569336,71.07499694824219,323.0
2026-03-30 16:45:00+00:00,71.08499908447266,71.09500122070312,70.65499877929688,70.67500305175781,421.0
2026-03-30 17:00:00+00:00,70.69000244140625,70.78500366210938,70.43499755859375,70.5,593.0
2026-03-30 17:15:00+00:00,70.51000213623047,70.70999908447266,70.42500305175781,70.66500091552734,1164.0
2026-03-30 17:30:00+00:00,70.63500213623047,70.70500183105469,70.38500213623047,70.69999694824219,561.0
2026-03-30 17:45:00+00:00,70.66500091552734,70.81500244140625,70.4800033569336,70.55500030517578,229.0
2026-03-30 18:00:00+00:00,70.58000183105469,70.70999908447266,70.31500244140625,70.54000091552734,310.0
2026-03-30 18:15:00+00:00,70.56999969482422,70.56999969482422,70.20500183105469,70.32499694824219,309.0
2026-03-30 18:30:00+00:00,70.33000183105469,70.54000091552734,70.33000183105469,70.45999908447266,158.0
2026-03-30 18:45:00+00:00,70.4800033569336,70.55999755859375,69.94999694824219,70.0199966430664,480.0
2026-03-30 19:00:00+00:00,70.0,70.09500122070312,69.73500061035156,69.81500244140625,360.0
2026-03-30 19:15:00+00:00,69.86499786376953,70.01000213623047,69.69499969482422,69.93499755859375,190.0
2026-03-30 19:30:00+00:00,69.9749984741211,70.26000213623047,69.8550033569336,70.06500244140625,151.0
2026-03-30 19:45:00+00:00,70.03500366210938,70.4000015258789,70.03500366210938,70.28500366210938,203.0
2026-03-30 20:00:00+00:00,70.30000305175781,70.32499694824219,70.01499938964844,70.29000091552734,381.0
2026-03-30 20:15:00+00:00,70.30000305175781,70.30000305175781,70.04000091552734,70.11000061035156,70.0
2026-03-30 20:30:00+00:00,70.12000274658203,70.1449966430664,69.98999786376953,70.06500244140625,112.0
2026-03-30 20:45:00+00:00,70.06999969482422,70.23500061035156,70.05999755859375,70.18000030517578,157.0
2026-03-30 22:00:00+00:00,70.24500274658203,70.55000305175781,70.11000061035156,70.18000030517578,66.0
2026-03-30 22:15:00+00:00,70.19499969482422,70.26499938964844,69.98500061035156,70.22000122070312,88.0
2026-03-30 22:30:00+00:00,70.17500305175781,70.26000213623047,70.05999755859375,70.05999755859375,43.0
2026-03-30 22:45:00+00:00,70.0250015258789,70.20500183105469,70.0250015258789,70.06999969482422,28.0
2026-03-30 23:00:00+00:00,70.0,70.0,69.63500213623047,69.77999877929688,194.0
2026-03-30 23:15:00+00:00,69.74500274658203,69.9749984741211,69.74500274658203,69.91999816894531,123.0
2026-03-30 23:30:00+00:00,69.88999938964844,70.08999633789062,69.78500366210938,70.08999633789062,122.0
2026-03-30 23:45:00+00:00,70.1050033569336,70.11000061035156,69.94999694824219,70.03500366210938,54.0
2026-03-31 00:00:00+00:00,70.01499938964844,70.34500122070312,69.91999816894531,69.91999816894531,164.0
2026-03-31 00:15:00+00:00,69.9800033569336,69.99500274658203,69.0999984741211,69.68499755859375,532.0
2026-03-31 00:30:00+00:00,69.69499969482422,70.55500030517578,69.50499725341797,70.5199966430664,311.0
2026-03-31 00:45:00+00:00,70.50499725341797,70.82499694824219,70.26499938964844,70.79499816894531,552.0
2026-03-31 01:00:00+00:00,70.84500122070312,71.0999984741211,70.58000183105469,70.96499633789062,561.0
2026-03-31 01:15:00+00:00,71.0,72.09500122070312,70.94999694824219,72.09500122070312,1225.0
2026-03-31 01:30:00+00:00,72.09500122070312,73.69999694824219,72.06999969482422,73.69499969482422,2311.0
2026-03-31 01:45:00+00:00,73.66999816894531,73.70999908447266,72.98500061035156,73.13999938964844,1477.0
2026-03-31 02:00:00+00:00,73.13500213623047,73.15499877929688,72.70500183105469,72.88999938964844,552.0
2026-03-31 02:15:00+00:00,72.88500213623047,73.05000305175781,72.61000061035156,72.63999938964844,312.0
2026-03-31 02:30:00+00:00,72.68000030517578,72.77999877929688,72.44000244140625,72.66000366210938,267.0
2026-03-31 02:45:00+00:00,72.59500122070312,72.66500091552734,72.0999984741211,72.16500091552734,482.0
2026-03-31 03:00:00+00:00,72.16999816894531,72.63999938964844,72.13500213623047,72.41000366210938,208.0
2026-03-31 03:15:00+00:00,72.45999908447266,72.45999908447266,72.07499694824219,72.24500274658203,193.0
2026-03-31 03:30:00+00:00,72.2699966430664,72.34500122070312,72.09500122070312,72.1050033569336,85.0
2026-03-31 03:45:00+00:00,72.12999725341797,72.30000305175781,72.08000183105469,72.18000030517578,130.0
2026-03-31 04:00:00+00:00,72.22000122070312,72.36000061035156,72.18499755859375,72.19000244140625,57.0
2026-03-31 04:15:00+00:00,72.22000122070312,72.41999816894531,72.22000122070312,72.2699966430664,67.0
2026-03-31 04:30:00+00:00,72.2699966430664,72.46499633789062,72.2300033569336,72.45999908447266,57.0
2026-03-31 04:45:00+00:00,72.46499633789062,72.48999786376953,72.29499816894531,72.40499877929688,74.0
2026-03-31 05:00:00+00:00,72.38999938964844,72.48999786376953,71.80000305175781,71.83000183105469,198.0
2026-03-31 05:15:00+00:00,71.7750015258789,72.2699966430664,71.69000244140625,72.19000244140625,126.0
2026-03-31 05:30:00+00:00,72.17500305175781,72.66999816894531,71.83000183105469,72.54000091552734,229.0
2026-03-31 05:45:00+00:00,72.5999984741211,72.73500061035156,72.30000305175781,72.33999633789062,177.0
2026-03-31 06:00:00+00:00,72.30500030517578,72.30500030517578,72.0250015258789,72.1449966430664,159.0
2026-03-31 06:15:00+00:00,72.13500213623047,72.27999877929688,71.96499633789062,72.12000274658203,194.0
2026-03-31 06:30:00+00:00,72.08000183105469,72.36000061035156,72.05999755859375,72.19000244140625,121.0
2026-03-31 06:45:00+00:00,72.22000122070312,72.37999725341797,72.13999938964844,72.2249984741211,265.0
2026-03-31 07:00:00+00:00,72.26000213623047,72.58999633789062,72.18000030517578,72.2300033569336,246.0
2026-03-31 07:15:00+00:00,72.20999908447266,72.37000274658203,71.79000091552734,72.31500244140625,278.0
2026-03-31 07:30:00+00:00,72.33499908447266,72.88999938964844,72.31500244140625,72.88500213623047,589.0
2026-03-31 07:45:00+00:00,72.91500091552734,73.30000305175781,72.80000305175781,73.26499938964844,572.0
2026-03-31 08:00:00+00:00,73.25499725341797,73.4800033569336,73.05999755859375,73.08000183105469,922.0
2026-03-31 08:15:00+00:00,73.11499786376953,73.29499816894531,73.09500122070312,73.27999877929688,185.0
2026-03-31 08:30:00+00:00,73.25499725341797,73.48999786376953,73.16500091552734,73.19999694824219,199.0
2026-03-31 08:45:00+00:00,73.19000244140625,73.45999908447266,73.19000244140625,73.31500244140625,201.0
2026-03-31 09:00:00+00:00,73.2699966430664,73.5250015258789,73.22000122070312,73.33499908447266,187.0
2026-03-31 09:15:00+00:00,73.34500122070312,73.55999755859375,73.22000122070312,73.28500366210938,264.0
2026-03-31 09:30:00+00:00,73.2750015258789,73.30000305175781,73.02999877929688,73.09500122070312,285.0
2026-03-31 09:45:00+00:00,73.11000061035156,73.21499633789062,72.88999938964844,73.0,217.0
2026-03-31 10:00:00+00:00,72.98500061035156,73.33000183105469,72.98500061035156,73.20999908447266,146.0
2026-03-31 10:15:00+00:00,73.23500061035156,73.23500061035156,72.93000030517578,73.02999877929688,150.0
2026-03-31 10:30:00+00:00,73.00499725341797,73.04000091552734,72.46499633789062,72.73999786376953,319.0
2026-03-31 10:45:00+00:00,72.71499633789062,72.93000030517578,72.58499908447266,72.8550033569336,179.0
2026-03-31 11:00:00+00:00,72.87999725341797,73.32499694824219,72.69000244140625,72.86000061035156,604.0
2026-03-31 11:15:00+00:00,72.91500091552734,73.45500183105469,72.80999755859375,73.25499725341797,359.0
2026-03-31 11:30:00+00:00,73.21499633789062,73.4749984741211,73.0,73.44499969482422,291.0
2026-03-31 11:45:00+00:00,73.43499755859375,73.5250015258789,73.16000366210938,73.31999969482422,409.0
2026-03-31 12:00:00+00:00,73.3499984741211,73.75,73.08499908447266,73.08999633789062,795.0
2026-03-31 12:15:00+00:00,73.08999633789062,73.31500244140625,72.9000015258789,73.30000305175781,850.0
2026-03-31 12:30:00+00:00,73.30500030517578,73.45999908447266,73.05999755859375,73.12999725341797,447.0
2026-03-31 12:45:00+00:00,73.1050033569336,73.12999725341797,72.80000305175781,73.0,396.0
2026-03-31 13:00:00+00:00,73.0199966430664,73.31500244140625,72.68499755859375,73.22000122070312,674.0
2026-03-31 13:15:00+00:00,73.23500061035156,73.31999969482422,72.81500244140625,72.87999725341797,284.0
2026-03-31 13:30:00+00:00,72.9000015258789,73.32499694824219,72.75,73.12000274658203,774.0
2026-03-31 13:45:00+00:00,73.13500213623047,73.75499725341797,73.13500213623047,73.55999755859375,925.0
2026-03-31 14:00:00+00:00,73.56999969482422,74.2249984741211,73.52999877929688,74.18000030517578,1469.0
2026-03-31 14:15:00+00:00,74.19499969482422,74.41000366210938,73.83000183105469,74.23999786376953,1333.0
2026-03-31 14:30:00+00:00,74.25,74.37999725341797,73.68499755859375,73.84500122070312,767.0
2026-03-31 14:45:00+00:00,73.8499984741211,73.96499633789062,73.16500091552734,73.34500122070312,863.0
2026-03-31 15:00:00+00:00,73.3550033569336,74.06500244140625,73.3550033569336,74.04000091552734,805.0
2026-03-31 15:15:00+00:00,74.01499938964844,74.16000366210938,73.7699966430664,73.79499816894531,597.0
2026-03-31 15:30:00+00:00,73.79000091552734,73.97000122070312,73.6449966430664,73.93499755859375,353.0
2026-03-31 15:45:00+00:00,73.93000030517578,74.18499755859375,73.80000305175781,73.87999725341797,452.0
2026-03-31 16:00:00+00:00,73.86000061035156,74.20500183105469,73.80000305175781,74.04000091552734,445.0
2026-03-31 16:15:00+00:00,74.04000091552734,74.19999694824219,73.93000030517578,74.1449966430664,321.0
2026-03-31 16:30:00+00:00,74.15499877929688,75.3550033569336,74.08000183105469,75.05500030517578,2518.0
2026-03-31 16:45:00+00:00,74.9749984741211,75.19499969482422,74.5999984741211,74.82499694824219,1463.0
2026-03-31 17:00:00+00:00,74.83000183105469,75.40499877929688,74.7300033569336,74.94499969482422,1392.0
2026-03-31 17:15:00+00:00,74.91500091552734,75.0250015258789,74.66999816894531,74.75499725341797,1890.0
2026-03-31 17:30:00+00:00,74.74500274658203,75.19000244140625,74.7300033569336,75.0,892.0
2026-03-31 17:45:00+00:00,75.0199966430664,75.19999694824219,74.92500305175781,75.04000091552734,271.0
2026-03-31 18:00:00+00:00,75.08000183105469,75.41000366210938,75.0250015258789,75.375,608.0
2026-03-31 18:15:00+00:00,75.375,75.44000244140625,75.125,75.28500366210938,465.0
2026-03-31 18:30:00+00:00,75.2699966430664,75.44499969482422,75.11000061035156,75.17500305175781,261.0
2026-03-31 18:45:00+00:00,75.19499969482422,75.29499816894531,75.06999969482422,75.19999694824219,318.0
2026-03-31 19:00:00+00:00,75.19999694824219,75.36000061035156,75.01499938964844,75.2699966430664,253.0
2026-03-31 19:15:00+00:00,75.29499816894531,75.41500091552734,75.1500015258789,75.25,157.0
2026-03-31 19:30:00+00:00,75.25499725341797,75.5,75.21499633789062,75.40499877929688,281.0
2026-03-31 19:45:00+00:00,75.41500091552734,75.56500244140625,75.28500366210938,75.54000091552734,648.0
2026-03-31 20:00:00+00:00,75.54499816894531,75.58999633789062,75.27999877929688,75.4800033569336,203.0
2026-03-31 20:15:00+00:00,75.51000213623047,75.59500122070312,75.4000015258789,75.44000244140625,146.0
2026-03-31 20:30:00+00:00,75.43000030517578,75.625,75.38500213623047,75.41000366210938,94.0
2026-03-31 20:45:00+00:00,75.3949966430664,75.51499938964844,75.33499908447266,75.34500122070312,152.0
2026-03-31 22:00:00+00:00,75.4800033569336,75.87000274658203,75.31999969482422,75.58000183105469,105.0
2026-03-31 22:15:00+00:00,75.61000061035156,75.75,75.45500183105469,75.57499694824219,85.0
2026-03-31 22:30:00+00:00,75.55999755859375,75.82499694824219,75.45999908447266,75.69000244140625,212.0
2026-03-31 22:45:00+00:00,75.61499786376953,75.66999816894531,75.375,75.48999786376953,140.0
2026-03-31 23:00:00+00:00,75.5199966430664,75.53500366210938,75.32499694824219,75.44000244140625,52.0
2026-03-31 23:15:00+00:00,75.41000366210938,75.47000122070312,75.20500183105469,75.26000213623047,209.0
2026-03-31 23:30:00+00:00,75.2699966430664,75.375,75.0999984741211,75.19000244140625,290.0
2026-03-31 23:45:00+00:00,75.23999786376953,75.40499877929688,75.19499969482422,75.19499969482422,148.0
2026-04-01 00:00:00+00:00,75.1500015258789,75.36000061035156,75.09500122070312,75.2300033569336,229.0
2026-04-01 00:15:00+00:00,75.27999877929688,75.51499938964844,75.17500305175781,75.51499938964844,264.0
2026-04-01 00:30:00+00:00,75.49500274658203,75.5250015258789,74.93499755859375,75.19999694824219,238.0
2026-04-01 00:45:00+00:00,75.1500015258789,75.45500183105469,75.08499908447266,75.43499755859375,111.0
2026-04-01 01:00:00+00:00,75.44999694824219,75.95500183105469,75.16999816894531,75.55000305175781,1058.0
2026-04-01 01:15:00+00:00,75.54000091552734,75.54000091552734,74.6500015258789,75.08999633789062,594.0
2026-04-01 01:30:00+00:00,75.04499816894531,75.06500244140625,74.51499938964844,74.7300033569336,314.0
2026-04-01 01:45:00+00:00,74.79499816894531,74.8949966430664,74.63500213623047,74.83000183105469,161.0
2026-04-01 02:00:00+00:00,74.8499984741211,75.0999984741211,74.76499938964844,74.94999694824219,244.0
2026-04-01 02:15:00+00:00,74.94499969482422,75.03500366210938,74.72000122070312,74.81500244140625,91.0
2026-04-01 02:30:00+00:00,74.79499816894531,74.80000305175781,74.22000122070312,74.42500305175781,399.0
2026-04-01 02:45:00+00:00,74.42500305175781,74.58999633789062,74.18000030517578,74.2750015258789,325.0
2026-04-01 03:00:00+00:00,74.23999786376953,74.5199966430664,74.23999786376953,74.44499969482422,151.0
2026-04-01 03:15:00+00:00,74.42500305175781,74.51000213623047,74.25,74.3499984741211,157.0
2026-04-01 03:30:00+00:00,74.33999633789062,74.3949966430664,74.26000213623047,74.36499786376953,68.0
2026-04-01 03:45:00+00:00,74.36499786376953,74.41500091552734,74.23999786376953,74.23999786376953,85.0
2026-04-01 04:00:00+00:00,74.2699966430664,74.2699966430664,74.03500366210938,74.0999984741211,182.0
2026-04-01 04:15:00+00:00,74.06999969482422,74.26499938964844,74.0,74.20999908447266,228.0
2026-04-01 04:30:00+00:00,74.20500183105469,74.47000122070312,74.08499908447266,74.36000061035156,220.0
2026-04-01 04:45:00+00:00,74.36000061035156,74.58499908447266,74.29000091552734,74.4000015258789,194.0
2026-04-01 05:00:00+00:00,74.40499877929688,74.66000366210938,74.3949966430664,74.66000366210938,131.0
2026-04-01 05:15:00+00:00,74.625,74.7699966430664,74.5250015258789,74.76499938964844,163.0
2026-04-01 05:30:00+00:00,74.76000213623047,74.98500061035156,74.69999694824219,74.9800033569336,399.0
2026-04-01 05:45:00+00:00,74.9749984741211,75.01000213623047,74.18499755859375,74.33000183105469,468.0
2026-04-01 06:00:00+00:00,74.28500366210938,74.88999938964844,74.28500366210938,74.88999938964844,288.0
2026-04-01 06:15:00+00:00,74.8949966430664,75.25,74.73999786376953,75.21499633789062,607.0
2026-04-01 06:30:00+00:00,75.18499755859375,75.31999969482422,74.95500183105469,75.08000183105469,386.0
2026-04-01 06:45:00+00:00,75.09500122070312,75.5999984741211,75.09500122070312,75.54499816894531,499.0
2026-04-01 07:00:00+00:00,75.55999755859375,75.56999969482422,75.15499877929688,75.19499969482422,393.0
2026-04-01 07:15:00+00:00,75.19499969482422,75.19499969482422,74.94499969482422,75.01000213623047,266.0
2026-04-01 07:30:00+00:00,75.0,75.2300033569336,74.83999633789062,74.8949966430664,318.0
2026-04-01 07:45:00+00:00,74.86499786376953,74.86499786376953,74.06999969482422,74.19000244140625,630.0
2026-04-01 08:00:00+00:00,74.20500183105469,74.6449966430664,74.125,74.375,543.0
2026-04-01 08:15:00+00:00,74.3949966430664,74.83000183105469,74.31500244140625,74.61499786376953,224.0
2026-04-01 08:30:00+00:00,74.62000274658203,74.86499786376953,74.55500030517578,74.70999908447266,209.0
2026-04-01 08:45:00+00:00,74.73999786376953,74.86000061035156,74.58999633789062,74.625,149.0
2026-04-01 09:00:00+00:00,74.6050033569336,74.70999908447266,74.44000244140625,74.53500366210938,187.0
2026-04-01 09:15:00+00:00,74.57499694824219,74.57499694824219,74.33999633789062,74.37999725341797,105.0
2026-04-01 09:30:00+00:00,74.43499755859375,74.56999969482422,74.375,74.50499725341797,94.0
2026-04-01 09:45:00+00:00,74.55500030517578,74.80500030517578,74.5250015258789,74.63999938964844,151.0
2026-04-01 10:00:00+00:00,74.6500015258789,74.80500030517578,74.51000213623047,74.56500244140625,161.0
2026-04-01 10:15:00+00:00,74.55000305175781,74.80000305175781,74.5199966430664,74.75,131.0
2026-04-01 10:30:00+00:00,74.80000305175781,74.99500274658203,74.71499633789062,74.99500274658203,96.0
2026-04-01 10:45:00+00:00,75.0,75.1050033569336,74.87999725341797,75.05000305175781,224.0
2026-04-01 11:00:00+00:00,75.0250015258789,75.22000122070312,74.94000244140625,75.16000366210938,419.0
2026-04-01 11:15:00+00:00,75.19999694824219,75.3499984741211,75.13500213623047,75.25499725341797,138.0
2026-04-01 11:30:00+00:00,75.28500366210938,75.47000122070312,75.25,75.44000244140625,153.0
2026-04-01 11:45:00+00:00,75.41000366210938,75.63999938964844,75.33000183105469,75.33000183105469,327.0
2026-04-01 12:00:00+00:00,75.36499786376953,75.36499786376953,75.05999755859375,75.16500091552734,325.0
2026-04-01 12:15:00+00:00,75.16000366210938,75.16500091552734,74.83000183105469,75.05999755859375,528.0
2026-04-01 12:30:00+00:00,74.94999694824219,75.71499633789062,74.94999694824219,75.51499938964844,716.0
2026-04-01 12:45:00+00:00,75.51000213623047,75.62999725341797,74.80000305175781,74.83499908447266,762.0
2026-04-01 13:00:00+00:00,74.83499908447266,75.1449966430664,74.56500244140625,75.01499938964844,815.0
2026-04-01 13:15:00+00:00,74.99500274658203,75.2750015258789,74.91999816894531,75.22000122070312,423.0
2026-04-01 13:30:00+00:00,75.20500183105469,75.5999984741211,74.93499755859375,75.04499816894531,1014.0
2026-04-01 13:45:00+00:00,75.02999877929688,75.15499877929688,74.7699966430664,74.86499786376953,646.0
2026-04-01 14:00:00+00:00,74.80000305175781,75.06500244140625,74.5999984741211,74.91000366210938,1171.0
2026-04-01 14:15:00+00:00,74.88500213623047,75.3949966430664,74.80000305175781,75.07499694824219,995.0
2026-04-01 14:30:00+00:00,75.06999969482422,75.41500091552734,74.78500366210938,75.36000061035156,901.0
2026-04-01 14:45:00+00:00,75.41500091552734,75.69000244140625,75.26000213623047,75.58499908447266,852.0
2026-04-01 15:00:00+00:00,75.57499694824219,75.82499694824219,75.5,75.67500305175781,1006.0
2026-04-01 15:15:00+00:00,75.68000030517578,75.86000061035156,75.5250015258789,75.53500366210938,463.0
2026-04-01 15:30:00+00:00,75.55000305175781,75.9800033569336,75.43499755859375,75.96499633789062,729.0
2026-04-01 15:45:00+00:00,75.95500183105469,75.98500061035156,75.80999755859375,75.8499984741211,501.0
2026-04-01 16:00:00+00:00,75.875,75.98500061035156,75.61000061035156,75.61499786376953,554.0
2026-04-01 16:15:00+00:00,75.62000274658203,75.81500244140625,75.56500244140625,75.63999938964844,396.0
2026-04-01 16:30:00+00:00,75.6449966430664,75.90499877929688,75.62000274658203,75.90499877929688,237.0
2026-04-01 16:45:00+00:00,75.88500213623047,76.0,75.82499694824219,75.99500274658203,413.0
2026-04-01 17:00:00+00:00,76.0,76.1500015258789,75.94499969482422,76.03500366210938,754.0
2026-04-01 17:15:00+00:00,76.05000305175781,76.19999694824219,75.88999938964844,76.12999725341797,2074.0
2026-04-01 17:30:00+00:00,76.12000274658203,76.26499938964844,76.0250015258789,76.19499969482422,452.0
2026-04-01 17:45:00+00:00,76.19000244140625,76.22000122070312,75.94999694824219,76.01499938964844,339.0
2026-04-01 18:00:00+00:00,76.0,76.0250015258789,75.6500015258789,75.74500274658203,528.0
2026-04-01 18:15:00+00:00,75.72000122070312,75.72000122070312,75.20999908447266,75.22000122070312,484.0
2026-04-01 18:30:00+00:00,75.2699966430664,75.65499877929688,75.05000305175781,75.49500274658203,517.0
2026-04-01 18:45:00+00:00,75.49500274658203,75.5,75.23500061035156,75.30000305175781,300.0
2026-04-01 19:00:00+00:00,75.33000183105469,75.51000213623047,75.2699966430664,75.37000274658203,185.0
2026-04-01 19:15:00+00:00,75.34500122070312,75.625,75.34500122070312,75.56500244140625,214.0
2026-04-01 19:30:00+00:00,75.58499908447266,75.79499816894531,75.46499633789062,75.59500122070312,166.0
2026-04-01 19:45:00+00:00,75.61000061035156,75.62000274658203,75.24500274658203,75.33999633789062,283.0
2026-04-01 20:00:00+00:00,75.3550033569336,75.5,75.15499877929688,75.5,234.0
2026-04-01 20:15:00+00:00,75.48500061035156,75.48500061035156,75.2750015258789,75.29000091552734,126.0
2026-04-01 20:30:00+00:00,75.28500366210938,75.33499908447266,75.125,75.25,124.0
2026-04-01 20:45:00+00:00,75.23999786376953,75.32499694824219,75.08999633789062,75.19999694824219,163.0
2026-04-01 22:00:00+00:00,75.1500015258789,75.28500366210938,74.4000015258789,75.13500213623047,173.0
2026-04-01 22:15:00+00:00,75.13999938964844,75.30999755859375,75.06500244140625,75.13500213623047,136.0
2026-04-01 22:30:00+00:00,75.17500305175781,75.41999816894531,75.13999938964844,75.36499786376953,97.0
2026-04-01 22:45:00+00:00,75.37000274658203,75.58499908447266,75.3499984741211,75.41500091552734,229.0
2026-04-01 23:00:00+00:00,75.40499877929688,75.82499694824219,75.38999938964844,75.82499694824219,112.0
2026-04-01 23:15:00+00:00,75.81500244140625,75.91999816894531,75.75499725341797,75.76000213623047,92.0
2026-04-01 23:30:00+00:00,75.80500030517578,75.8949966430664,75.63500213623047,75.63500213623047,104.0
2026-04-01 23:45:00+00:00,75.6500015258789,75.6500015258789,75.36000061035156,75.40499877929688,159.0
2026-04-02 00:00:00+00:00,75.34500122070312,75.9000015258789,75.32499694824219,75.88999938964844,258.0
2026-04-02 00:15:00+00:00,75.86499786376953,75.98500061035156,75.67500305175781,75.71499633789062,134.0
2026-04-02 00:30:00+00:00,75.69499969482422,75.8949966430664,75.51000213623047,75.80000305175781,156.0
2026-04-02 00:45:00+00:00,75.72000122070312,75.87000274658203,75.45999908447266,75.59500122070312,180.0
2026-04-02 01:00:00+00:00,75.59500122070312,75.66000366210938,73.37000274658203,74.56999969482422,1979.0
2026-04-02 01:15:00+00:00,74.54000091552734,74.65499877929688,73.03500366210938,73.11499786376953,1987.0
2026-04-02 01:30:00+00:00,73.0999984741211,73.37000274658203,72.31500244140625,72.87000274658203,1854.0
2026-04-02 01:45:00+00:00,72.84500122070312,73.3499984741211,72.54000091552734,73.05999755859375,811.0
2026-04-02 02:00:00+00:00,73.07499694824219,73.13999938964844,72.51499938964844,72.70999908447266,645.0
2026-04-02 02:15:00+00:00,72.71499633789062,73.1500015258789,72.63500213623047,72.63999938964844,429.0
2026-04-02 02:30:00+00:00,72.6500015258789,72.6500015258789,71.55500030517578,72.2249984741211,1695.0
2026-04-02 02:45:00+00:00,72.20999908447266,72.5,72.0999984741211,72.34500122070312,381.0
2026-04-02 03:00:00+00:00,72.28500366210938,72.3949966430664,72.00499725341797,72.30000305175781,191.0
2026-04-02 03:15:00+00:00,72.31999969482422,72.5,72.17500305175781,72.33999633789062,210.0
2026-04-02 03:30:00+00:00,72.25499725341797,72.41999816894531,72.15499877929688,72.29000091552734,177.0
2026-04-02 03:45:00+00:00,72.2300033569336,72.30000305175781,72.0999984741211,72.30000305175781,136.0
2026-04-02 04:00:00+00:00,72.28500366210938,72.30000305175781,71.6449966430664,72.0,343.0
2026-04-02 04:15:00+00:00,71.99500274658203,72.07499694824219,71.73500061035156,71.79499816894531,94.0
2026-04-02 04:30:00+00:00,71.81500244140625,71.91500091552734,71.61499786376953,71.70500183105469,187.0
2026-04-02 04:45:00+00:00,71.73999786376953,72.06500244140625,71.6500015258789,72.05500030517578,204.0
2026-04-02 05:00:00+00:00,72.04499816894531,72.08999633789062,71.78500366210938,71.80000305175781,69.0
2026-04-02 05:15:00+00:00,71.82499694824219,72.03500366210938,71.78500366210938,71.97000122070312,90.0
2026-04-02 05:30:00+00:00,71.97000122070312,71.9749984741211,70.67500305175781,70.8499984741211,1241.0
2026-04-02 05:45:00+00:00,70.8499984741211,71.0199966430664,70.30500030517578,70.7699966430664,1037.0
2026-04-02 06:00:00+00:00,70.78500366210938,70.87999725341797,69.66000366210938,70.04000091552734,1460.0
2026-04-02 06:15:00+00:00,70.06500244140625,70.48500061035156,70.0199966430664,70.43499755859375,979.0
2026-04-02 06:30:00+00:00,70.38999938964844,70.6449966430664,70.28500366210938,70.55500030517578,610.0
2026-04-02 06:45:00+00:00,70.56500244140625,70.91500091552734,70.45999908447266,70.72000122070312,403.0
2026-04-02 07:00:00+00:00,70.76000213623047,70.98999786376953,70.66500091552734,70.8949966430664,373.0
2026-04-02 07:15:00+00:00,70.875,71.24500274658203,70.86499786376953,71.18000030517578,574.0
2026-04-02 07:30:00+00:00,71.17500305175781,71.40499877929688,71.16000366210938,71.40499877929688,357.0
2026-04-02 07:45:00+00:00,71.37000274658203,71.6449966430664,71.37000274658203,71.625,408.0
2026-04-02 08:00:00+00:00,71.5999984741211,71.7699966430664,71.44499969482422,71.7699966430664,336.0
2026-04-02 08:15:00+00:00,71.73999786376953,71.79000091552734,71.45500183105469,71.54000091552734,322.0
2026-04-02 08:30:00+00:00,71.55000305175781,71.73500061035156,71.50499725341797,71.50499725341797,238.0
2026-04-02 08:45:00+00:00,71.52999877929688,71.59500122070312,71.23999786376953,71.26000213623047,334.0
2026-04-02 09:00:00+00:00,71.23999786376953,71.3949966430664,71.1449966430664,71.33499908447266,206.0
2026-04-02 09:15:00+00:00,71.33000183105469,71.5999984741211,71.31999969482422,71.36499786376953,136.0
2026-04-02 09:30:00+00:00,71.36000061035156,71.42500305175781,71.23999786376953,71.29000091552734,167.0
2026-04-02 09:45:00+00:00,71.26000213623047,71.31999969482422,71.06999969482422,71.08499908447266,175.0
2026-04-02 10:00:00+00:00,71.06999969482422,71.37999725341797,71.04000091552734,71.0999984741211,231.0
2026-04-02 10:15:00+00:00,71.08000183105469,71.19999694824219,70.66500091552734,70.87999725341797,476.0
2026-04-02 10:30:00+00:00,70.87999725341797,70.99500274658203,70.68000030517578,70.88999938964844,245.0
2026-04-02 10:45:00+00:00,70.91999816894531,71.16999816894531,70.83999633789062,71.00499725341797,189.0
2026-04-02 11:00:00+00:00,71.0199966430664,71.22000122070312,70.88999938964844,71.13500213623047,593.0
2026-04-02 11:15:00+00:00,71.18499755859375,71.2300033569336,70.93000030517578,70.93000030517578,245.0
2026-04-02 11:30:00+00:00,70.92500305175781,71.00499725341797,70.33499908447266,70.54499816894531,581.0
2026-04-02 11:45:00+00:00,70.5199966430664,70.84500122070312,70.41999816894531,70.73500061035156,454.0
2026-04-02 12:00:00+00:00,70.76499938964844,70.96499633789062,70.52999877929688,70.68000030517578,556.0
2026-04-02 12:15:00+00:00,70.68499755859375,71.08999633789062,70.63500213623047,70.80000305175781,546.0
2026-04-02 12:30:00+00:00,70.7300033569336,70.9749984741211,70.55999755859375,70.63999938964844,621.0
2026-04-02 12:45:00+00:00,70.66000366210938,70.80500030517578,70.1449966430664,70.18499755859375,522.0
2026-04-02 13:00:00+00:00,70.19499969482422,70.4800033569336,69.61000061035156,69.8499984741211,1970.0
2026-04-02 13:15:00+00:00,69.8550033569336,70.3499984741211,69.76499938964844,70.29499816894531,1457.0
2026-04-02 13:30:00+00:00,70.29000091552734,70.6500015258789,70.19999694824219,70.6500015258789,1099.0
2026-04-02 13:45:00+00:00,70.625,71.55500030517578,70.625,71.44999694824219,1589.0
2026-04-02 14:00:00+00:00,71.4800033569336,71.94999694824219,71.18000030517578,71.55000305175781,1338.0
2026-04-02 14:15:00+00:00,71.54499816894531,72.05000305175781,71.52999877929688,71.76000213623047,1023.0
2026-04-02 14:30:00+00:00,71.75499725341797,73.20999908447266,71.7249984741211,73.04000091552734,2770.0
2026-04-02 14:45:00+00:00,73.00499725341797,73.05999755859375,72.43499755859375,72.71499633789062,1241.0
2026-04-02 15:00:00+00:00,72.76000213623047,72.76000213623047,72.26000213623047,72.48500061035156,879.0
2026-04-02 15:15:00+00:00,72.5,72.82499694824219,72.01499938964844,72.22000122070312,1162.0
2026-04-02 15:30:00+00:00,72.23999786376953,72.45999908447266,72.0999984741211,72.2300033569336,324.0
2026-04-02 15:45:00+00:00,72.20500183105469,72.23999786376953,71.69499969482422,71.9800033569336,711.0
2026-04-02 16:00:00+00:00,71.98999786376953,72.29000091552734,71.92500305175781,72.09500122070312,354.0
2026-04-02 16:15:00+00:00,72.05999755859375,72.20500183105469,71.7750015258789,71.96499633789062,412.0
2026-04-02 16:30:00+00:00,71.9800033569336,72.5199966430664,71.97000122070312,72.33999633789062,542.0
2026-04-02 16:45:00+00:00,72.33499908447266,72.7249984741211,72.30999755859375,72.45500183105469,749.0
2026-04-02 17:00:00+00:00,72.47000122070312,72.83499908447266,72.44000244140625,72.79000091552734,581.0
2026-04-02 17:15:00+00:00,72.80500030517578,73.02999877929688,72.45999908447266,72.49500274658203,2665.0
2026-04-02 17:30:00+00:00,72.4800033569336,72.6050033569336,72.37000274658203,72.57499694824219,217.0
2026-04-02 17:45:00+00:00,72.57499694824219,72.5999984741211,72.33499908447266,72.4000015258789,195.0
2026-04-02 18:00:00+00:00,72.42500305175781,72.76000213623047,72.38999938964844,72.625,210.0
2026-04-02 18:15:00+00:00,72.65499877929688,72.68499755859375,72.43499755859375,72.61499786376953,130.0
2026-04-02 18:30:00+00:00,72.58000183105469,72.77999877929688,72.5250015258789,72.71499633789062,162.0
2026-04-02 18:45:00+00:00,72.7300033569336,72.92500305175781,72.7300033569336,72.83499908447266,226.0
2026-04-02 19:00:00+00:00,72.87999725341797,73.06999969482422,72.81999969482422,72.82499694824219,212.0
2026-04-02 19:15:00+00:00,72.83000183105469,73.0,72.55000305175781,72.55000305175781,347.0
2026-04-02 19:30:00+00:00,72.57499694824219,72.72000122070312,72.4800033569336,72.66000366210938,145.0
2026-04-02 19:45:00+00:00,72.6500015258789,72.91999816894531,72.6449966430664,72.7750015258789,243.0
2026-04-02 20:00:00+00:00,72.74500274658203,72.9000015258789,72.73500061035156,72.8499984741211,62.0
2026-04-02 20:15:00+00:00,72.84500122070312,72.94999694824219,72.75,72.94000244140625,102.0
2026-04-02 20:30:00+00:00,72.93000030517578,73.12000274658203,72.93000030517578,73.07499694824219,85.0
2026-04-02 20:45:00+00:00,73.1050033569336,73.19499969482422,73.0199966430664,73.16999816894531,188.0
2026-04-05 22:00:00+00:00,72.72000122070312,72.9000015258789,71.33499908447266,72.03500366210938,807.0
2026-04-05 22:15:00+00:00,72.05999755859375,72.19999694824219,71.81999969482422,71.94000244140625,158.0
2026-04-05 22:30:00+00:00,71.90499877929688,72.16500091552734,71.9000015258789,72.06500244140625,113.0
2026-04-05 22:45:00+00:00,72.05999755859375,72.30999755859375,71.7699966430664,72.19999694824219,363.0
2026-04-05 23:00:00+00:00,72.19999694824219,72.33999633789062,72.03500366210938,72.12999725341797,108.0
2026-04-05 23:15:00+00:00,72.19499969482422,72.23999786376953,71.80000305175781,71.83499908447266,118.0
2026-04-05 23:30:00+00:00,71.80000305175781,71.9800033569336,71.6449966430664,71.72000122070312,167.0
2026-04-05 23:45:00+00:00,71.75499725341797,71.88500213623047,71.75,71.80000305175781,83.0
2026-04-06 00:00:00+00:00,71.76000213623047,72.63999938964844,71.71499633789062,72.54000091552734,195.0
2026-04-06 00:15:00+00:00,72.56999969482422,72.5999984741211,71.92500305175781,71.92500305175781,155.0
2026-04-06 00:30:00+00:00,71.98500061035156,72.53500366210938,71.98500061035156,72.4000015258789,86.0
2026-04-06 00:45:00+00:00,72.4000015258789,72.50499725341797,72.22000122070312,72.3949966430664,54.0
2026-04-06 01:00:00+00:00,72.40499877929688,72.63500213623047,72.38999938964844,72.4749984741211,203.0
2026-04-06 01:15:00+00:00,72.49500274658203,72.5,72.13999938964844,72.44000244140625,156.0
2026-04-06 01:30:00+00:00,72.38500213623047,72.38500213623047,72.13500213623047,72.30000305175781,93.0
2026-04-06 01:45:00+00:00,72.26499938964844,72.2750015258789,71.97000122070312,72.03500366210938,85.0
2026-04-06 02:00:00+00:00,72.0199966430664,72.30999755859375,71.86000061035156,72.20999908447266,197.0
2026-04-06 02:15:00+00:00,72.23999786376953,73.30500030517578,72.23999786376953,72.9000015258789,465.0
2026-04-06 02:30:00+00:00,72.9749984741211,73.03500366210938,72.56999969482422,72.80999755859375,182.0
2026-04-06 02:45:00+00:00,72.77999877929688,72.82499694824219,72.45500183105469,72.4749984741211,91.0
2026-04-06 03:00:00+00:00,72.44499969482422,72.44499969482422,72.05000305175781,72.1050033569336,134.0
2026-04-06 03:15:00+00:00,72.1449966430664,72.21499633789062,71.88500213623047,72.05000305175781,222.0
2026-04-06 03:30:00+00:00,72.07499694824219,72.07499694824219,71.86000061035156,72.04000091552734,80.0
2026-04-06 03:45:00+00:00,72.0,72.1449966430664,72.0,72.0999984741211,40.0
2026-04-06 04:00:00+00:00,72.09500122070312,72.375,72.09500122070312,72.16999816894531,79.0
2026-04-06 04:15:00+00:00,72.13999938964844,72.26000213623047,72.13999938964844,72.25499725341797,18.0
2026-04-06 04:30:00+00:00,72.19999694824219,72.3949966430664,72.19999694824219,72.33999633789062,31.0
2026-04-06 04:45:00+00:00,72.33999633789062,72.58000183105469,72.29000091552734,72.58000183105469,42.0
2026-04-06 05:00:00+00:00,72.5999984741211,72.875,72.58000183105469,72.81500244140625,76.0
2026-04-06 05:15:00+00:00,72.81500244140625,72.86499786376953,72.62000274658203,72.62000274658203,76.0
2026-04-06 05:30:00+00:00,72.62999725341797,72.67500305175781,72.45999908447266,72.45999908447266,56.0
2026-04-06 05:45:00+00:00,72.47000122070312,72.625,72.33999633789062,72.33999633789062,60.0
2026-04-06 06:00:00+00:00,72.31500244140625,72.49500274658203,72.05999755859375,72.48500061035156,140.0
2026-04-06 06:15:00+00:00,72.4800033569336,72.5250015258789,72.30000305175781,72.30000305175781,37.0
2026-04-06 06:30:00+00:00,72.32499694824219,72.44999694824219,72.25,72.41000366210938,41.0
2026-04-06 06:45:00+00:00,72.38500213623047,72.66500091552734,72.30000305175781,72.6449966430664,122.0
2026-04-06 07:00:00+00:00,72.66000366210938,72.66999816894531,72.16000366210938,72.2300033569336,111.0
2026-04-06 07:15:00+00:00,72.25,72.30000305175781,71.8550033569336,71.98500061035156,186.0
2026-04-06 07:30:00+00:00,72.0,72.41999816894531,71.92500305175781,72.37999725341797,132.0
2026-04-06 07:45:00+00:00,72.40499877929688,72.79499816894531,72.40499877929688,72.6449966430664,216.0
2026-04-06 08:00:00+00:00,72.6449966430664,72.95500183105469,72.58499908447266,72.80500030517578,207.0
2026-04-06 08:15:00+00:00,72.80999755859375,73.1050033569336,72.73500061035156,72.94999694824219,126.0
2026-04-06 08:30:00+00:00,72.93000030517578,73.24500274658203,72.93000030517578,73.22000122070312,205.0
2026-04-06 08:45:00+00:00,73.22000122070312,73.3550033569336,73.18000030517578,73.30000305175781,105.0
2026-04-06 09:00:00+00:00,73.31999969482422,73.6050033569336,73.31999969482422,73.58999633789062,304.0
2026-04-06 09:15:00+00:00,73.57499694824219,73.69999694824219,73.49500274658203,73.66500091552734,208.0
2026-04-06 09:30:00+00:00,73.68000030517578,73.73500061035156,73.59500122070312,73.69000244140625,114.0
2026-04-06 09:45:00+00:00,73.67500305175781,73.67500305175781,73.16000366210938,73.27999877929688,267.0
2026-04-06 10:00:00+00:00,73.21499633789062,73.38999938964844,73.16000366210938,73.2249984741211,93.0
2026-04-06 10:15:00+00:00,73.2300033569336,73.34500122070312,73.12000274658203,73.18000030517578,73.0
2026-04-06 10:30:00+00:00,73.2300033569336,73.43499755859375,73.21499633789062,73.41999816894531,52.0
2026-04-06 10:45:00+00:00,73.37999725341797,73.4800033569336,73.08499908447266,73.40499877929688,183.0
2026-04-06 11:00:00+00:00,73.40499877929688,73.69000244140625,73.3949966430664,73.3949966430664,138.0
2026-04-06 11:15:00+00:00,73.4000015258789,73.48999786376953,73.27999877929688,73.46499633789062,102.0
2026-04-06 11:30:00+00:00,73.42500305175781,73.58999633789062,73.3499984741211,73.5250015258789,271.0
2026-04-06 11:45:00+00:00,73.41999816894531,73.55500030517578,73.37999725341797,73.42500305175781,130.0
2026-04-06 12:00:00+00:00,73.43499755859375,73.73500061035156,73.30500030517578,73.33000183105469,229.0
2026-04-06 12:15:00+00:00,73.33999633789062,73.37000274658203,72.9749984741211,73.18000030517578,325.0
2026-04-06 12:30:00+00:00,73.18000030517578,73.58499908447266,73.1500015258789,73.5,264.0
2026-04-06 12:45:00+00:00,73.54499816894531,73.56500244140625,73.15499877929688,73.22000122070312,177.0
2026-04-06 13:00:00+00:00,73.2300033569336,73.29499816894531,72.92500305175781,72.95999908447266,243.0
2026-04-06 13:15:00+00:00,72.98999786376953,73.06500244140625,72.63500213623047,72.8499984741211,446.0
2026-04-06 13:30:00+00:00,72.8949966430664,73.13999938964844,72.54000091552734,72.55500030517578,566.0
2026-04-06 13:45:00+00:00,72.56500244140625,72.94999694824219,72.36000061035156,72.81999969482422,451.0
2026-04-06 14:00:00+00:00,72.83000183105469,73.11000061035156,72.26000213623047,72.70500183105469,664.0
2026-04-06 14:15:00+00:00,72.68499755859375,73.0,72.56999969482422,72.97000122070312,353.0
2026-04-06 14:30:00+00:00,72.98999786376953,73.0999984741211,72.58499908447266,72.87000274658203,311.0
2026-04-06 14:45:00+00:00,72.80999755859375,73.01000213623047,72.66000366210938,72.86499786376953,254.0
2026-04-06 15:00:00+00:00,72.875,72.875,72.32499694824219,72.41000366210938,369.0
2026-04-06 15:15:00+00:00,72.41000366210938,72.4749984741211,72.01499938964844,72.42500305175781,402.0
2026-04-06 15:30:00+00:00,72.44999694824219,72.66500091552734,72.19000244140625,72.33499908447266,360.0
2026-04-06 15:45:00+00:00,72.33000183105469,72.72000122070312,72.28500366210938,72.67500305175781,295.0
2026-04-06 16:00:00+00:00,72.69000244140625,72.83999633789062,72.62000274658203,72.78500366210938,315.0
2026-04-06 16:15:00+00:00,72.79499816894531,72.81500244140625,72.67500305175781,72.75,147.0
2026-04-06 16:30:00+00:00,72.73500061035156,72.87000274658203,72.68499755859375,72.73999786376953,146.0
2026-04-06 16:45:00+00:00,72.71499633789062,72.8550033569336,72.61499786376953,72.66000366210938,184.0
2026-04-06 17:00:00+00:00,72.625,72.7249984741211,72.26499938964844,72.48500061035156,434.0
2026-04-06 17:15:00+00:00,72.48999786376953,73.0250015258789,72.20999908447266,72.90499877929688,1529.0
2026-04-06 17:30:00+00:00,72.91999816894531,73.11499786376953,72.80500030517578,72.87000274658203,293.0
2026-04-06 17:45:00+00:00,72.91999816894531,72.91999816894531,72.75499725341797,72.75499725341797,79.0
2026-04-06 18:00:00+00:00,72.73999786376953,73.19000244140625,72.625,72.96499633789062,184.0
2026-04-06 18:15:00+00:00,72.94999694824219,73.23500061035156,72.92500305175781,73.08999633789062,176.0
2026-04-06 18:30:00+00:00,73.15499877929688,73.24500274658203,72.875,72.92500305175781,114.0
2026-04-06 18:45:00+00:00,72.94000244140625,73.26499938964844,72.94000244140625,73.26499938964844,121.0
2026-04-06 19:00:00+00:00,73.2750015258789,73.30999755859375,73.06500244140625,73.1050033569336,80.0
2026-04-06 19:15:00+00:00,73.12000274658203,73.12000274658203,73.00499725341797,73.05500030517578,64.0
2026-04-06 19:30:00+00:00,73.08999633789062,73.17500305175781,72.98500061035156,73.1050033569336,81.0
2026-04-06 19:45:00+00:00,73.15499877929688,73.23999786376953,73.07499694824219,73.125,131.0
2026-04-06 20:00:00+00:00,73.11499786376953,73.13999938964844,72.99500274658203,73.11000061035156,38.0
2026-04-06 20:15:00+00:00,73.08999633789062,73.16000366210938,73.08999633789062,73.1050033569336,70.0
2026-04-06 20:30:00+00:00,73.11499786376953,73.12999725341797,72.93000030517578,73.0,144.0
2026-04-06 20:45:00+00:00,73.0199966430664,73.04000091552734,72.81500244140625,72.81500244140625,120.0
2026-04-06 22:00:00+00:00,72.86000061035156,73.51000213623047,72.8499984741211,73.33000183105469,157.0
2026-04-06 22:15:00+00:00,73.21499633789062,73.38999938964844,73.0999984741211,73.17500305175781,45.0
2026-04-06 22:30:00+00:00,73.2300033569336,73.2300033569336,73.0999984741211,73.13500213623047,16.0
2026-04-06 22:45:00+00:00,73.1050033569336,73.11499786376953,73.01499938964844,73.01499938964844,12.0
2026-04-06 23:00:00+00:00,73.04499816894531,73.19999694824219,73.04000091552734,73.19999694824219,31.0
2026-04-06 23:15:00+00:00,73.18000030517578,73.18000030517578,72.95999908447266,73.01000213623047,23.0
2026-04-06 23:30:00+00:00,72.95500183105469,72.98500061035156,72.82499694824219,72.84500122070312,26.0
2026-04-06 23:45:00+00:00,72.91000366210938,73.01499938964844,72.83999633789062,72.9749984741211,20.0
2026-04-07 00:00:00+00:00,72.93499755859375,73.16999816894531,72.74500274658203,73.09500122070312,119.0
2026-04-07 00:15:00+00:00,73.12999725341797,73.22000122070312,73.0,73.19499969482422,105.0
2026-04-07 00:30:00+00:00,73.19499969482422,73.2249984741211,73.0999984741211,73.0999984741211,32.0
2026-04-07 00:45:00+00:00,73.12000274658203,73.12000274658203,72.69000244140625,72.72000122070312,106.0
2026-04-07 01:00:00+00:00,72.67500305175781,73.2699966430664,71.66999816894531,72.4000015258789,1252.0
2026-04-07 01:15:00+00:00,72.44999694824219,73.08000183105469,72.375,73.0199966430664,215.0
2026-04-07 01:30:00+00:00,73.01499938964844,73.19999694824219,72.44000244140625,72.81500244140625,235.0
2026-04-07 01:45:00+00:00,72.875,72.95500183105469,71.97000122070312,72.21499633789062,662.0
2026-04-07 02:00:00+00:00,72.20500183105469,72.32499694824219,71.91999816894531,72.0250015258789,260.0
2026-04-07 02:15:00+00:00,72.06500244140625,72.27999877929688,71.9800033569336,72.26000213623047,86.0
2026-04-07 02:30:00+00:00,72.27999877929688,72.65499877929688,72.2249984741211,72.58000183105469,214.0
2026-04-07 02:45:00+00:00,72.58999633789062,72.76000213623047,72.57499694824219,72.70500183105469,109.0
2026-04-07 03:00:00+00:00,72.72000122070312,72.87000274658203,72.41000366210938,72.44999694824219,107.0
2026-04-07 03:15:00+00:00,72.51000213623047,72.6050033569336,72.24500274658203,72.31999969482422,82.0
2026-04-07 03:30:00+00:00,72.3550033569336,72.58999633789062,72.3550033569336,72.58999633789062,51.0
2026-04-07 03:45:00+00:00,72.6050033569336,72.8499984741211,72.56999969482422,72.80500030517578,90.0
2026-04-07 04:00:00+00:00,72.83499908447266,72.94000244140625,72.68000030517578,72.68000030517578,112.0
2026-04-07 04:15:00+00:00,72.74500274658203,72.875,72.69000244140625,72.81999969482422,41.0
2026-04-07 04:30:00+00:00,72.91500091552734,73.04000091552734,72.9000015258789,73.01000213623047,109.0
2026-04-07 04:45:00+00:00,73.05000305175781,73.61000061035156,73.05000305175781,73.23500061035156,510.0
2026-04-07 05:00:00+00:00,73.2699966430664,73.2699966430664,72.93499755859375,72.98500061035156,176.0
2026-04-07 05:15:00+00:00,72.99500274658203,73.0250015258789,72.0999984741211,72.19000244140625,433.0
2026-04-07 05:30:00+00:00,72.17500305175781,72.44999694824219,71.9000015258789,72.08999633789062,523.0
2026-04-07 05:45:00+00:00,72.05500030517578,72.55000305175781,72.04499816894531,72.33000183105469,162.0
2026-04-07 06:00:00+00:00,72.3949966430664,72.61000061035156,72.30500030517578,72.50499725341797,124.0
2026-04-07 06:15:00+00:00,72.53500366210938,72.57499694824219,72.30999755859375,72.45500183105469,74.0
2026-04-07 06:30:00+00:00,72.47000122070312,72.6050033569336,72.2750015258789,72.48999786376953,175.0
2026-04-07 06:45:00+00:00,72.4800033569336,72.54000091552734,72.3499984741211,72.43499755859375,70.0
2026-04-07 07:00:00+00:00,72.84700012207031,72.84700012207031,72.44999694824219,72.55999755859375,202.0
2026-04-07 07:15:00+00:00,72.5250015258789,72.52999877929688,72.12000274658203,72.1449966430664,183.0
2026-04-07 07:30:00+00:00,72.13500213623047,72.3550033569336,71.9800033569336,72.32499694824219,147.0
2026-04-07 07:45:00+00:00,72.36000061035156,72.41000366210938,72.21499633789062,72.38500213623047,171.0
2026-04-07 08:00:00+00:00,72.3550033569336,72.83499908447266,72.3550033569336,72.79499816894531,427.0
2026-04-07 08:15:00+00:00,72.76499938964844,73.1449966430664,72.71499633789062,72.8499984741211,478.0
2026-04-07 08:30:00+00:00,72.8550033569336,73.11499786376953,72.83499908447266,73.11499786376953,176.0
2026-04-07 08:45:00+00:00,73.11000061035156,73.13500213623047,72.93499755859375,73.0199966430664,120.0
2026-04-07 09:00:00+00:00,73.04000091552734,73.19999694824219,73.0199966430664,73.06999969482422,334.0
2026-04-07 09:15:00+00:00,72.98999786376953,73.31500244140625,72.98999786376953,73.20999908447266,245.0
2026-04-07 09:30:00+00:00,73.19000244140625,73.19000244140625,72.7249984741211,72.75,259.0
2026-04-07 09:45:00+00:00,72.74500274658203,72.94000244140625,72.55500030517578,72.91999816894531,228.0
2026-04-07 10:00:00+00:00,72.84500122070312,72.95999908447266,72.44000244140625,72.86499786376953,465.0
2026-04-07 10:15:00+00:00,72.93000030517578,72.9800033569336,72.33999633789062,72.54499816894531,321.0
2026-04-07 10:30:00+00:00,72.55000305175781,72.67500305175781,72.15499877929688,72.38500213623047,215.0
2026-04-07 10:45:00+00:00,72.31500244140625,72.33499908447266,72.05000305175781,72.2249984741211,635.0
2026-04-07 11:00:00+00:00,72.22000122070312,72.31500244140625,71.80000305175781,71.98999786376953,447.0
2026-04-07 11:15:00+00:00,71.94999694824219,72.30500030517578,71.92500305175781,72.1050033569336,200.0
2026-04-07 11:30:00+00:00,72.08499908447266,72.33499908447266,72.05000305175781,72.29000091552734,416.0
2026-04-07 11:45:00+00:00,72.30500030517578,72.30500030517578,72.16999816894531,72.24500274658203,267.0
2026-04-07 12:00:00+00:00,72.25499725341797,72.41500091552734,72.08000183105469,72.13500213623047,739.0
2026-04-07 12:15:00+00:00,72.11499786376953,72.54000091552734,72.05000305175781,72.49500274658203,624.0
2026-04-07 12:30:00+00:00,72.54000091552734,72.55000305175781,72.18000030517578,72.18000030517578,340.0
2026-04-07 12:45:00+00:00,72.20500183105469,72.25499725341797,71.55000305175781,71.98500061035156,870.0
2026-04-07 13:00:00+00:00,71.95500183105469,72.31500244140625,71.80999755859375,72.23999786376953,590.0
2026-04-07 13:15:00+00:00,72.24500274658203,72.4000015258789,72.04000091552734,72.19999694824219,304.0
2026-04-07 13:30:00+00:00,72.19499969482422,72.33999633789062,71.26000213623047,71.47000122070312,879.0
2026-04-07 13:45:00+00:00,71.43499755859375,71.69000244140625,71.30000305175781,71.31999969482422,881.0
2026-04-07 14:00:00+00:00,71.30500030517578,71.30500030517578,70.17500305175781,70.53500366210938,2248.0
2026-04-07 14:15:00+00:00,70.51000213623047,71.07499694824219,69.77999877929688,70.87999725341797,2268.0
2026-04-07 14:30:00+00:00,70.875,71.29499816894531,70.74500274658203,71.05500030517578,973.0
2026-04-07 14:45:00+00:00,71.08000183105469,71.34500122070312,70.54499816894531,70.625,798.0
2026-04-07 15:00:00+00:00,70.6449966430664,70.79499816894531,70.4000015258789,70.72000122070312,741.0
2026-04-07 15:15:00+00:00,70.7300033569336,71.38500213623047,70.68000030517578,71.27999877929688,1075.0
2026-04-07 15:30:00+00:00,71.30999755859375,71.375,71.03500366210938,71.125,850.0
2026-04-07 15:45:00+00:00,71.13500213623047,71.55500030517578,71.11499786376953,71.5199966430664,784.0
2026-04-07 16:00:00+00:00,71.54000091552734,71.87999725341797,71.46499633789062,71.48999786376953,874.0
2026-04-07 16:15:00+00:00,71.5,71.82499694824219,71.41000366210938,71.70999908447266,443.0
2026-04-07 16:30:00+00:00,71.69999694824219,71.8550033569336,71.61000061035156,71.81500244140625,475.0
2026-04-07 16:45:00+00:00,71.80999755859375,71.91999816894531,71.68499755859375,71.69999694824219,423.0
2026-04-07 17:00:00+00:00,71.66500091552734,72.12999725341797,71.6500015258789,71.95999908447266,903.0
2026-04-07 17:15:00+00:00,71.9749984741211,72.04499816894531,71.77999877929688,72.0,1410.0
2026-04-07 17:30:00+00:00,72.01000213623047,72.48500061035156,72.01000213623047,72.15499877929688,952.0
2026-04-07 17:45:00+00:00,72.20500183105469,72.34500122070312,72.16999816894531,72.20500183105469,126.0
2026-04-07 18:00:00+00:00,72.23500061035156,72.31500244140625,72.12000274658203,72.30500030517578,137.0
2026-04-07 18:15:00+00:00,72.29499816894531,72.33000183105469,72.08999633789062,72.16500091552734,195.0
2026-04-07 18:30:00+00:00,72.16999816894531,72.26000213623047,72.01499938964844,72.08499908447266,475.0
2026-04-07 18:45:00+00:00,72.0199966430664,72.03500366210938,71.43499755859375,71.48999786376953,672.0
2026-04-07 19:00:00+00:00,71.51499938964844,71.75,71.43499755859375,71.75,221.0
2026-04-07 19:15:00+00:00,71.75499725341797,72.72000122070312,71.69999694824219,72.29499816894531,1126.0
2026-04-07 19:30:00+00:00,72.26499938964844,72.66999816894531,72.25499725341797,72.5199966430664,449.0
2026-04-07 19:45:00+00:00,72.48999786376953,73.23500061035156,72.47000122070312,73.0,1069.0
2026-04-07 20:00:00+00:00,73.04499816894531,73.27999877929688,72.87999725341797,73.09500122070312,393.0
2026-04-07 20:15:00+00:00,73.11000061035156,73.23999786376953,72.98500061035156,73.13999938964844,210.0
2026-04-07 20:30:00+00:00,73.125,73.25499725341797,72.9000015258789,73.08999633789062,260.0
2026-04-07 20:45:00+00:00,73.08999633789062,73.2300033569336,73.08000183105469,73.11000061035156,208.0
2026-04-07 22:00:00+00:00,73.44999694824219,74.40499877929688,73.34500122070312,73.95999908447266,709.0
2026-04-07 22:15:00+00:00,73.9000015258789,74.07499694824219,73.79499816894531,74.07499694824219,138.0
2026-04-07 22:30:00+00:00,74.02999877929688,75.4000015258789,73.55500030517578,75.26499938964844,1645.0
2026-04-07 22:45:00+00:00,75.25499725341797,76.53500366210938,74.94999694824219,76.51000213623047,1067.0
2026-04-07 23:00:00+00:00,76.51499938964844,76.9749984741211,76.36000061035156,76.80500030517578,1107.0
2026-04-07 23:15:00+00:00,76.80500030517578,77.19000244140625,76.625,76.7750015258789,803.0
2026-04-07 23:30:00+00:00,76.7750015258789,76.87000274658203,76.22000122070312,76.3499984741211,773.0
2026-04-07 23:45:00+00:00,76.375,76.80000305175781,76.30000305175781,76.80000305175781,535.0
2026-04-08 00:00:00+00:00,76.77999877929688,77.44499969482422,76.70999908447266,76.76000213623047,1287.0
2026-04-08 00:15:00+00:00,76.66000366210938,76.91000366210938,76.33000183105469,76.47000122070312,424.0
2026-04-08 00:30:00+00:00,76.51000213623047,76.77999877929688,76.23999786376953,76.66999816894531,506.0
2026-04-08 00:45:00+00:00,76.68000030517578,77.08999633789062,76.53500366210938,76.86000061035156,478.0
2026-04-08 01:00:00+00:00,76.82499694824219,77.19999694824219,76.34500122070312,76.45500183105469,1051.0
2026-04-08 01:15:00+00:00,76.47000122070312,76.59500122070312,76.16500091552734,76.2249984741211,430.0
2026-04-08 01:30:00+00:00,76.2249984741211,76.50499725341797,76.15499877929688,76.38999938964844,258.0
2026-04-08 01:45:00+00:00,76.40499877929688,76.83499908447266,76.40499877929688,76.70500183105469,289.0
2026-04-08 02:00:00+00:00,76.7300033569336,76.88999938964844,76.68000030517578,76.68499755859375,300.0
2026-04-08 02:15:00+00:00,76.68000030517578,76.7249984741211,76.55000305175781,76.68000030517578,105.0
2026-04-08 02:30:00+00:00,76.69000244140625,76.80500030517578,76.50499725341797,76.55000305175781,243.0
2026-04-08 02:45:00+00:00,76.5199966430664,76.66999816894531,76.43000030517578,76.55000305175781,126.0
2026-04-08 03:00:00+00:00,76.54499816894531,76.58499908447266,76.41500091552734,76.41500091552734,97.0
2026-04-08 03:15:00+00:00,76.41000366210938,76.45999908447266,76.31500244140625,76.41999816894531,134.0
2026-04-08 03:30:00+00:00,76.4000015258789,76.50499725341797,76.24500274658203,76.46499633789062,80.0
2026-04-08 03:45:00+00:00,76.38500213623047,76.54499816894531,76.375,76.45500183105469,71.0
2026-04-08 04:00:00+00:00,76.51499938964844,76.61499786376953,76.51499938964844,76.61000061035156,73.0
2026-04-08 04:15:00+00:00,76.61000061035156,76.75,76.4749984741211,76.73500061035156,124.0
2026-04-08 04:30:00+00:00,76.72000122070312,76.83000183105469,76.69999694824219,76.75499725341797,109.0
2026-04-08 04:45:00+00:00,76.7750015258789,76.82499694824219,76.65499877929688,76.81999969482422,100.0
2026-04-08 05:00:00+00:00,76.78500366210938,76.88999938964844,76.71499633789062,76.8499984741211,166.0
2026-04-08 05:15:00+00:00,76.83999633789062,77.19999694824219,76.78500366210938,77.19499969482422,172.0
2026-04-08 05:30:00+00:00,77.18000030517578,77.23500061035156,76.93499755859375,77.1449966430664,533.0
2026-04-08 05:45:00+00:00,77.12999725341797,77.68000030517578,77.11000061035156,77.44999694824219,687.0
2026-04-08 06:00:00+00:00,77.4800033569336,77.69999694824219,77.42500305175781,77.51000213623047,481.0
2026-04-08 06:15:00+00:00,77.54000091552734,77.71499633789062,77.46499633789062,77.6500015258789,269.0
2026-04-08 06:30:00+00:00,77.62999725341797,77.68499755859375,77.43000030517578,77.63999938964844,355.0
2026-04-08 06:45:00+00:00,77.68499755859375,77.7699966430664,77.22000122070312,77.30999755859375,581.0
2026-04-08 07:00:00+00:00,77.30000305175781,77.31999969482422,77.06999969482422,77.0999984741211,532.0
2026-04-08 07:15:00+00:00,77.0999984741211,77.29499816894531,77.09500122070312,77.1449966430664,162.0
2026-04-08 07:30:00+00:00,77.12000274658203,77.18000030517578,77.05500030517578,77.1050033569336,210.0
2026-04-08 07:45:00+00:00,77.06999969482422,77.20999908447266,77.05999755859375,77.08499908447266,159.0
2026-04-08 08:00:00+00:00,77.06500244140625,77.12999725341797,76.82499694824219,77.0,500.0
2026-04-08 08:15:00+00:00,76.96499633789062,77.11499786376953,76.71499633789062,76.80999755859375,292.0
2026-04-08 08:30:00+00:00,76.87999725341797,77.03500366210938,76.63999938964844,76.71499633789062,244.0
2026-04-08 08:45:00+00:00,76.7300033569336,77.0250015258789,76.69999694824219,77.0250015258789,155.0
2026-04-08 09:00:00+00:00,77.0,77.26000213623047,77.0,77.21499633789062,318.0
2026-04-08 09:15:00+00:00,77.20999908447266,77.31500244140625,76.99500274658203,77.0250015258789,188.0
2026-04-08 09:30:00+00:00,77.04000091552734,77.11499786376953,76.75,76.79499816894531,230.0
2026-04-08 09:45:00+00:00,76.8499984741211,77.12000274658203,76.76000213623047,76.80000305175781,332.0
2026-04-08 10:00:00+00:00,76.80000305175781,77.1050033569336,76.7750015258789,76.91500091552734,191.0
2026-04-08 10:15:00+00:00,76.91500091552734,77.0250015258789,76.71499633789062,76.9800033569336,152.0
2026-04-08 10:30:00+00:00,77.01000213623047,77.09500122070312,76.92500305175781,77.05500030517578,143.0
2026-04-08 10:45:00+00:00,77.07499694824219,77.08499908447266,76.93499755859375,76.93499755859375,138.0
2026-04-08 11:00:00+00:00,76.8949966430664,77.13500213623047,76.82499694824219,77.05500030517578,373.0
2026-04-08 11:15:00+00:00,77.03500366210938,77.55000305175781,76.97000122070312,77.51499938964844,618.0
2026-04-08 11:30:00+00:00,77.5,77.53500366210938,77.12000274658203,77.33999633789062,476.0
2026-04-08 11:45:00+00:00,77.3499984741211,77.58499908447266,77.33000183105469,77.41999816894531,284.0
2026-04-08 12:00:00+00:00,77.44000244140625,77.63500213623047,77.38999938964844,77.53500366210938,455.0
2026-04-08 12:15:00+00:00,77.5,77.55000305175781,76.57499694824219,77.13500213623047,1596.0
2026-04-08 12:30:00+00:00,77.1050033569336,77.58999633789062,77.1050033569336,77.52999877929688,953.0
2026-04-08 12:45:00+00:00,77.54000091552734,77.6500015258789,77.4000015258789,77.63500213623047,662.0
2026-04-08 13:00:00+00:00,77.59500122070312,77.80000305175781,77.26499938964844,77.31500244140625,1064.0
2026-04-08 13:15:00+00:00,77.33999633789062,77.38500213623047,77.02999877929688,77.1500015258789,784.0
2026-04-08 13:30:00+00:00,77.1449966430664,77.36000061035156,76.4000015258789,76.4000015258789,1909.0
2026-04-08 13:45:00+00:00,76.43000030517578,76.8949966430664,76.4000015258789,76.61000061035156,1086.0
2026-04-08 14:00:00+00:00,76.5999984741211,76.80500030517578,76.37999725341797,76.5,896.0
2026-04-08 14:15:00+00:00,76.49500274658203,76.69999694824219,75.8550033569336,76.01000213623047,1614.0
2026-04-08 14:30:00+00:00,76.03500366210938,76.08999633789062,75.3949966430664,75.625,1833.0
2026-04-08 14:45:00+00:00,75.67500305175781,75.73999786376953,74.80500030517578,74.94999694824219,1891.0
2026-04-08 15:00:00+00:00,74.98500061035156,75.30000305175781,74.93000030517578,75.13999938964844,997.0
2026-04-08 15:15:00+00:00,75.15499877929688,75.54000091552734,75.08000183105469,75.36499786376953,666.0
2026-04-08 15:30:00+00:00,75.36000061035156,75.66500091552734,75.36000061035156,75.55000305175781,546.0
2026-04-08 15:45:00+00:00,75.55999755859375,75.7699966430664,75.54499816894531,75.6050033569336,453.0
2026-04-08 16:00:00+00:00,75.625,75.875,75.6050033569336,75.63999938964844,832.0
2026-04-08 16:15:00+00:00,75.62999725341797,75.62999725341797,75.26499938964844,75.4000015258789,682.0
2026-04-08 16:30:00+00:00,75.44000244140625,75.7750015258789,75.36000061035156,75.7249984741211,494.0
2026-04-08 16:45:00+00:00,75.69499969482422,75.80999755859375,75.61000061035156,75.63500213623047,435.0
2026-04-08 17:00:00+00:00,75.62000274658203,75.62999725341797,75.43499755859375,75.55000305175781,874.0
2026-04-08 17:15:00+00:00,75.56500244140625,75.62000274658203,75.30999755859375,75.57499694824219,3892.0
2026-04-08 17:30:00+00:00,75.5250015258789,75.66000366210938,75.2699966430664,75.4000015258789,1326.0
2026-04-08 17:45:00+00:00,75.36499786376953,75.47000122070312,75.22000122070312,75.26000213623047,452.0
2026-04-08 18:00:00+00:00,75.2750015258789,75.4800033569336,75.16999816894531,75.37000274658203,381.0
2026-04-08 18:15:00+00:00,75.375,75.37999725341797,74.33000183105469,74.53500366210938,1790.0
2026-04-08 18:30:00+00:00,74.6050033569336,74.69999694824219,73.82499694824219,73.87999725341797,914.0
2026-04-08 18:45:00+00:00,73.87999725341797,74.06500244140625,73.66500091552734,73.69999694824219,709.0
2026-04-08 19:00:00+00:00,73.6500015258789,74.30000305175781,73.56999969482422,74.29499816894531,482.0
2026-04-08 19:15:00+00:00,74.29499816894531,74.40499877929688,74.05999755859375,74.12999725341797,345.0
2026-04-08 19:30:00+00:00,74.09500122070312,74.53500366210938,74.09500122070312,74.47000122070312,309.0
2026-04-08 19:45:00+00:00,74.50499725341797,74.6449966430664,74.44499969482422,74.63500213623047,249.0
2026-04-08 20:00:00+00:00,74.62000274658203,74.7300033569336,74.44000244140625,74.4800033569336,200.0
2026-04-08 20:15:00+00:00,74.5250015258789,74.55000305175781,74.31999969482422,74.44000244140625,141.0
2026-04-08 20:30:00+00:00,74.3949966430664,74.3949966430664,74.25499725341797,74.32499694824219,71.0
2026-04-08 20:45:00+00:00,74.31500244140625,74.33499908447266,74.12999725341797,74.24500274658203,237.0
2026-04-08 22:00:00+00:00,74.30000305175781,74.38999938964844,73.8499984741211,73.95500183105469,101.0
2026-04-08 22:15:00+00:00,73.90499877929688,74.00499725341797,73.55500030517578,73.94999694824219,201.0
2026-04-08 22:30:00+00:00,73.94999694824219,74.08999633789062,73.77999877929688,73.8499984741211,83.0
2026-04-08 22:45:00+00:00,73.7699966430664,74.2249984741211,73.7699966430664,74.19499969482422,125.0
2026-04-08 23:00:00+00:00,74.19999694824219,74.20999908447266,73.66500091552734,73.71499633789062,278.0
2026-04-08 23:15:00+00:00,73.79000091552734,73.88999938964844,73.68000030517578,73.70999908447266,180.0
2026-04-08 23:30:00+00:00,73.69499969482422,73.83499908447266,73.54499816894531,73.79499816894531,109.0
2026-04-08 23:45:00+00:00,73.77999877929688,73.98999786376953,73.69499969482422,73.79000091552734,73.0
2026-04-09 00:00:00+00:00,73.78500366210938,73.79000091552734,73.42500305175781,73.6500015258789,309.0
2026-04-09 00:15:00+00:00,73.65499877929688,73.87999725341797,73.56500244140625,73.7699966430664,201.0
2026-04-09 00:30:00+00:00,73.78500366210938,74.05999755859375,73.73500061035156,74.05999755859375,97.0
2026-04-09 00:45:00+00:00,73.95999908447266,73.95999908447266,73.52999877929688,73.58999633789062,149.0
2026-04-09 01:00:00+00:00,73.55999755859375,73.93499755859375,73.25499725341797,73.59500122070312,839.0
2026-04-09 01:15:00+00:00,73.56500244140625,73.72000122070312,72.92500305175781,72.94999694824219,583.0
2026-04-09 01:30:00+00:00,72.94999694824219,73.55000305175781,72.94999694824219,73.40499877929688,303.0
2026-04-09 01:45:00+00:00,73.43000030517578,73.94000244140625,73.33499908447266,73.90499877929688,249.0
2026-04-09 02:00:00+00:00,73.93499755859375,74.0999984741211,73.77999877929688,74.01000213623047,274.0
2026-04-09 02:15:00+00:00,74.02999877929688,74.16000366210938,74.01499938964844,74.08000183105469,109.0
2026-04-09 02:30:00+00:00,74.06500244140625,74.51499938964844,74.05500030517578,74.33000183105469,348.0
2026-04-09 02:45:00+00:00,74.31999969482422,74.32499694824219,73.83000183105469,73.83999633789062,310.0
2026-04-09 03:00:00+00:00,73.80500030517578,73.99500274658203,73.7249984741211,73.73999786376953,85.0
2026-04-09 03:15:00+00:00,73.75,73.94000244140625,73.70999908447266,73.94000244140625,99.0
2026-04-09 03:30:00+00:00,73.91999816894531,74.01499938964844,73.88500213623047,74.01499938964844,58.0
2026-04-09 03:45:00+00:00,73.99500274658203,74.12000274658203,73.87000274658203,74.06999969482422,102.0
2026-04-09 04:00:00+00:00,74.05999755859375,74.29000091552734,74.0199966430664,74.26499938964844,157.0
2026-04-09 04:15:00+00:00,74.2699966430664,74.28500366210938,74.06500244140625,74.06500244140625,55.0
2026-04-09 04:30:00+00:00,74.01499938964844,74.2249984741211,73.99500274658203,74.16999816894531,79.0
2026-04-09 04:45:00+00:00,74.16000366210938,74.26499938964844,74.125,74.125,88.0
2026-04-09 05:00:00+00:00,74.11000061035156,74.2300033569336,73.93499755859375,73.93499755859375,75.0
2026-04-09 05:15:00+00:00,74.0,74.23500061035156,73.98999786376953,74.2249984741211,73.0
2026-04-09 05:30:00+00:00,74.2249984741211,74.2249984741211,73.81999969482422,74.16500091552734,184.0
2026-04-09 05:45:00+00:00,74.1449966430664,74.1449966430664,73.78500366210938,74.07499694824219,153.0
2026-04-09 06:00:00+00:00,74.0,74.19499969482422,73.98999786376953,74.05000305175781,169.0
2026-04-09 06:15:00+00:00,74.06500244140625,74.08000183105469,73.83999633789062,74.0,151.0
2026-04-09 06:30:00+00:00,73.94999694824219,74.1050033569336,73.8550033569336,73.9000015258789,100.0
2026-04-09 06:45:00+00:00,73.87999725341797,74.0250015258789,73.7699966430664,74.0250015258789,172.0
2026-04-09 07:00:00+00:00,74.02999877929688,74.34500122070312,73.99500274658203,74.19499969482422,329.0
2026-04-09 07:15:00+00:00,74.19499969482422,74.20500183105469,73.70999908447266,73.74500274658203,319.0
2026-04-09 07:30:00+00:00,73.74500274658203,74.19499969482422,73.6500015258789,73.92500305175781,390.0
2026-04-09 07:45:00+00:00,73.91500091552734,74.15499877929688,73.71499633789062,74.15499877929688,404.0
2026-04-09 08:00:00+00:00,74.19000244140625,74.24500274658203,73.98999786376953,74.04499816894531,190.0
2026-04-09 08:15:00+00:00,73.97000122070312,74.12999725341797,73.94499969482422,74.0199966430664,127.0
2026-04-09 08:30:00+00:00,74.02999877929688,74.23999786376953,74.0199966430664,74.19999694824219,203.0
2026-04-09 08:45:00+00:00,74.2249984741211,74.30999755859375,74.1500015258789,74.1500015258789,130.0
2026-04-09 09:00:00+00:00,74.125,74.22000122070312,73.88999938964844,74.1449966430664,344.0
2026-04-09 09:15:00+00:00,74.16500091552734,74.23500061035156,74.06999969482422,74.15499877929688,146.0
2026-04-09 09:30:00+00:00,74.1500015258789,74.17500305175781,74.04499816894531,74.08000183105469,113.0
2026-04-09 09:45:00+00:00,74.08000183105469,74.12000274658203,73.94999694824219,74.11499786376953,176.0
2026-04-09 10:00:00+00:00,74.1449966430664,74.19499969482422,74.00499725341797,74.04000091552734,71.0
2026-04-09 10:15:00+00:00,74.06500244140625,74.30000305175781,73.94000244140625,74.30000305175781,164.0
2026-04-09 10:30:00+00:00,74.30000305175781,74.31999969482422,74.11499786376953,74.16500091552734,57.0
2026-04-09 10:45:00+00:00,74.16500091552734,74.28500366210938,74.0999984741211,74.0999984741211,102.0
2026-04-09 11:00:00+00:00,74.08499908447266,74.23999786376953,74.08000183105469,74.15499877929688,201.0
2026-04-09 11:15:00+00:00,74.11499786376953,74.40499877929688,74.1050033569336,74.3499984741211,257.0
2026-04-09 11:30:00+00:00,74.37999725341797,74.44499969482422,74.30999755859375,74.41999816894531,296.0
2026-04-09 11:45:00+00:00,74.41999816894531,74.72000122070312,74.41000366210938,74.69499969482422,501.0
2026-04-09 12:00:00+00:00,74.68000030517578,74.8499984741211,74.51000213623047,74.5250015258789,399.0
2026-04-09 12:15:00+00:00,74.5199966430664,74.55000305175781,74.25499725341797,74.36000061035156,336.0
2026-04-09 12:30:00+00:00,74.375,74.48999786376953,74.23500061035156,74.36499786376953,605.0
2026-04-09 12:45:00+00:00,74.38999938964844,74.5199966430664,74.25499725341797,74.48999786376953,283.0
2026-04-09 13:00:00+00:00,74.48999786376953,74.7750015258789,74.27999877929688,74.54000091552734,750.0
2026-04-09 13:15:00+00:00,74.56500244140625,74.8949966430664,74.55000305175781,74.83000183105469,603.0
2026-04-09 13:30:00+00:00,74.8499984741211,75.45999908447266,74.75,75.4000015258789,1376.0
2026-04-09 13:45:00+00:00,75.38999938964844,75.4749984741211,75.00499725341797,75.125,1035.0
2026-04-09 14:00:00+00:00,75.1500015258789,75.44999694824219,75.02999877929688,75.19000244140625,824.0
2026-04-09 14:15:00+00:00,75.19499969482422,75.23999786376953,74.76499938964844,74.8550033569336,938.0
2026-04-09 14:30:00+00:00,74.87000274658203,74.91000366210938,74.3499984741211,74.55999755859375,1281.0
2026-04-09 14:45:00+00:00,74.52999877929688,74.9749984741211,74.51499938964844,74.9749984741211,757.0
2026-04-09 15:00:00+00:00,74.96499633789062,75.04000091552734,74.74500274658203,75.0,560.0
2026-04-09 15:15:00+00:00,75.0199966430664,75.73999786376953,75.0199966430664,75.45500183105469,2107.0
2026-04-09 15:30:00+00:00,75.43499755859375,76.02999877929688,75.42500305175781,75.81500244140625,1368.0
2026-04-09 15:45:00+00:00,75.80000305175781,76.13500213623047,75.72000122070312,75.96499633789062,1020.0
2026-04-09 16:00:00+00:00,75.94999694824219,76.37000274658203,75.94999694824219,76.1050033569336,1264.0
2026-04-09 16:15:00+00:00,76.1050033569336,76.41500091552734,76.07499694824219,76.29499816894531,924.0
2026-04-09 16:30:00+00:00,76.30000305175781,76.42500305175781,76.16000366210938,76.2249984741211,799.0
2026-04-09 16:45:00+00:00,76.2300033569336,76.2750015258789,76.03500366210938,76.125,496.0
2026-04-09 17:00:00+00:00,76.12000274658203,76.5,76.12000274658203,76.42500305175781,905.0
2026-04-09 17:15:00+00:00,76.44000244140625,76.59500122070312,76.37999725341797,76.51499938964844,3365.0
2026-04-09 17:30:00+00:00,76.54000091552734,76.76499938964844,76.38500213623047,76.61000061035156,1452.0
2026-04-09 17:45:00+00:00,76.61000061035156,76.83999633789062,76.61000061035156,76.69499969482422,491.0
2026-04-09 18:00:00+00:00,76.66000366210938,76.69499969482422,76.09500122070312,76.16000366210938,837.0
2026-04-09 18:15:00+00:00,76.16000366210938,76.36499786376953,76.05000305175781,76.27999877929688,529.0
2026-04-09 18:30:00+00:00,76.26000213623047,76.26000213623047,75.75499725341797,75.81999969482422,639.0
2026-04-09 18:45:00+00:00,75.84500122070312,76.00499725341797,75.80999755859375,75.91500091552734,368.0
2026-04-09 19:00:00+00:00,75.9000015258789,76.19999694824219,75.86000061035156,76.13999938964844,206.0
2026-04-09 19:15:00+00:00,76.1500015258789,76.15499877929688,75.88500213623047,75.91000366210938,272.0
2026-04-09 19:30:00+00:00,75.93000030517578,76.06500244140625,75.88500213623047,75.9800033569336,157.0
2026-04-09 19:45:00+00:00,75.94000244140625,75.98999786376953,75.6500015258789,75.72000122070312,238.0
2026-04-09 20:00:00+00:00,75.73500061035156,75.79000091552734,75.68000030517578,75.78500366210938,69.0
2026-04-09 20:15:00+00:00,75.80500030517578,75.87000274658203,75.69499969482422,75.81999969482422,98.0
2026-04-09 20:30:00+00:00,75.83000183105469,75.84500122070312,75.4800033569336,75.5999984741211,191.0
2026-04-09 20:45:00+00:00,75.56999969482422,75.6050033569336,75.3550033569336,75.4749984741211,44.0
2026-04-09 22:00:00+00:00,75.5,75.88999938964844,75.4749984741211,75.5250015258789,217.0
2026-04-09 22:15:00+00:00,75.52999877929688,75.52999877929688,75.41000366210938,75.43000030517578,77.0
2026-04-09 22:30:00+00:00,75.47000122070312,75.50499725341797,75.33000183105469,75.38500213623047,73.0
2026-04-09 22:45:00+00:00,75.34500122070312,75.50499725341797,75.31500244140625,75.50499725341797,84.0
2026-04-09 23:00:00+00:00,75.4749984741211,75.48999786376953,75.30999755859375,75.37000274658203,59.0
2026-04-09 23:15:00+00:00,75.37999725341797,75.43000030517578,75.3499984741211,75.4000015258789,47.0
2026-04-09 23:30:00+00:00,75.41500091552734,75.59500122070312,75.41500091552734,75.5,44.0
2026-04-09 23:45:00+00:00,75.47000122070312,75.61499786376953,75.46499633789062,75.52999877929688,71.0
2026-04-10 00:00:00+00:00,75.5,75.55999755859375,75.16500091552734,75.19999694824219,150.0
2026-04-10 00:15:00+00:00,75.19999694824219,75.3499984741211,75.07499694824219,75.16500091552734,97.0
2026-04-10 00:30:00+00:00,75.20999908447266,75.41500091552734,75.19499969482422,75.2750015258789,56.0
2026-04-10 00:45:00+00:00,75.2300033569336,75.61000061035156,75.18000030517578,75.58999633789062,94.0
2026-04-10 01:00:00+00:00,75.56500244140625,75.87999725341797,75.55999755859375,75.77999877929688,337.0
2026-04-10 01:15:00+00:00,75.75,76.12000274658203,75.61499786376953,75.69499969482422,448.0
2026-04-10 01:30:00+00:00,75.7249984741211,76.05000305175781,75.70500183105469,75.91000366210938,325.0
2026-04-10 01:45:00+00:00,75.91000366210938,76.01499938964844,75.56500244140625,75.62999725341797,273.0
2026-04-10 02:00:00+00:00,75.66999816894531,75.66999816894531,75.38500213623047,75.46499633789062,260.0
2026-04-10 02:15:00+00:00,75.46499633789062,75.49500274658203,75.20999908447266,75.29000091552734,126.0
2026-04-10 02:30:00+00:00,75.29000091552734,75.55500030517578,75.0,75.51499938964844,226.0
2026-04-10 02:45:00+00:00,75.54000091552734,75.74500274658203,75.45500183105469,75.69499969482422,174.0
2026-04-10 03:00:00+00:00,75.69999694824219,75.87000274658203,75.68499755859375,75.8550033569336,238.0
2026-04-10 03:15:00+00:00,75.83000183105469,75.9000015258789,75.75499725341797,75.80500030517578,101.0
2026-04-10 03:30:00+00:00,75.83499908447266,76.05500030517578,75.83499908447266,75.93000030517578,107.0
2026-04-10 03:45:00+00:00,75.93000030517578,76.0,75.8949966430664,75.94999694824219,54.0
2026-04-10 04:00:00+00:00,76.0,76.04499816894531,75.88999938964844,75.92500305175781,52.0
2026-04-10 04:15:00+00:00,75.9800033569336,76.05000305175781,75.95999908447266,76.0,21.0
2026-04-10 04:30:00+00:00,75.96499633789062,75.98500061035156,75.8499984741211,75.93499755859375,101.0
2026-04-10 04:45:00+00:00,75.93499755859375,76.0250015258789,75.84500122070312,75.88999938964844,57.0
2026-04-10 05:00:00+00:00,75.91000366210938,76.13999938964844,75.91000366210938,76.0199966430664,213.0
2026-04-10 05:15:00+00:00,76.0,76.17500305175781,75.96499633789062,76.05000305175781,74.0
2026-04-10 05:30:00+00:00,76.01499938964844,76.30500030517578,75.9800033569336,76.125,302.0
2026-04-10 05:45:00+00:00,76.12000274658203,76.19000244140625,76.05500030517578,76.0999984741211,63.0
2026-04-10 06:00:00+00:00,76.06500244140625,76.06500244140625,75.76000213623047,75.79499816894531,191.0
2026-04-10 06:15:00+00:00,75.79000091552734,75.81999969482422,75.56500244140625,75.58499908447266,161.0
2026-04-10 06:30:00+00:00,75.5999984741211,75.7750015258789,75.4800033569336,75.55000305175781,143.0
2026-04-10 06:45:00+00:00,75.58499908447266,75.66000366210938,75.43000030517578,75.44499969482422,130.0
2026-04-10 07:00:00+00:00,75.43000030517578,75.6449966430664,75.3550033569336,75.4749984741211,127.0
2026-04-10 07:15:00+00:00,75.48999786376953,75.7249984741211,75.47000122070312,75.69499969482422,69.0
2026-04-10 07:30:00+00:00,75.69499969482422,75.77999877929688,75.5250015258789,75.55999755859375,110.0
2026-04-10 07:45:00+00:00,75.51000213623047,75.59500122070312,75.38999938964844,75.41000366210938,123.0
2026-04-10 08:00:00+00:00,75.43499755859375,75.49500274658203,75.37999725341797,75.41999816894531,75.0
2026-04-10 08:15:00+00:00,75.44000244140625,75.44000244140625,75.25,75.41500091552734,145.0
2026-04-10 08:30:00+00:00,75.38999938964844,75.44999694824219,75.09500122070312,75.11499786376953,148.0
2026-04-10 08:45:00+00:00,75.0999984741211,75.16500091552734,74.87999725341797,74.98500061035156,361.0
2026-04-10 09:00:00+00:00,75.0199966430664,75.25,75.0199966430664,75.23500061035156,138.0
2026-04-10 09:15:00+00:00,75.23999786376953,75.625,75.2249984741211,75.37000274658203,374.0
2026-04-10 09:30:00+00:00,75.33000183105469,75.38500213623047,75.22000122070312,75.29000091552734,100.0
2026-04-10 09:45:00+00:00,75.29000091552734,75.5199966430664,75.25,75.5199966430664,56.0
2026-04-10 10:00:00+00:00,75.49500274658203,75.5250015258789,75.26000213623047,75.31500244140625,55.0
2026-04-10 10:15:00+00:00,75.31500244140625,75.66999816894531,75.31500244140625,75.62999725341797,145.0
2026-04-10 10:30:00+00:00,75.59500122070312,75.68499755859375,75.56999969482422,75.6500015258789,81.0
2026-04-10 10:45:00+00:00,75.61000061035156,75.74500274658203,75.58000183105469,75.68499755859375,198.0
2026-04-10 11:00:00+00:00,75.69499969482422,75.69499969482422,75.53500366210938,75.58499908447266,196.0
2026-04-10 11:15:00+00:00,75.58000183105469,75.69999694824219,75.55500030517578,75.69499969482422,115.0
2026-04-10 11:30:00+00:00,75.69000244140625,75.80500030517578,75.625,75.72000122070312,171.0
2026-04-10 11:45:00+00:00,75.75,75.82499694824219,75.72000122070312,75.79499816894531,315.0
2026-04-10 12:00:00+00:00,75.81999969482422,75.96499633789062,75.71499633789062,75.93499755859375,443.0
2026-04-10 12:15:00+00:00,75.91999816894531,76.08499908447266,75.87000274658203,76.06999969482422,362.0
2026-04-10 12:30:00+00:00,76.07499694824219,76.3499984741211,75.87000274658203,75.95500183105469,1225.0
2026-04-10 12:45:00+00:00,75.93000030517578,76.06999969482422,75.62999725341797,76.06999969482422,618.0
2026-04-10 13:00:00+00:00,76.04499816894531,76.41000366210938,75.95500183105469,76.24500274658203,1034.0
2026-04-10 13:15:00+00:00,76.23500061035156,76.63999938964844,76.18000030517578,76.5199966430664,1063.0
2026-04-10 13:30:00+00:00,76.5199966430664,76.58499908447266,76.16500091552734,76.22000122070312,921.0
2026-04-10 13:45:00+00:00,76.2699966430664,76.48500061035156,76.16000366210938,76.48500061035156,491.0
2026-04-10 14:00:00+00:00,76.48500061035156,76.66999816894531,76.16000366210938,76.54000091552734,984.0
2026-04-10 14:15:00+00:00,76.59500122070312,77.00499725341797,76.55999755859375,76.8949966430664,1270.0
2026-04-10 14:30:00+00:00,76.88999938964844,76.98500061035156,76.44000244140625,76.57499694824219,790.0
2026-04-10 14:45:00+00:00,76.57499694824219,76.6500015258789,76.38999938964844,76.45500183105469,491.0
2026-04-10 15:00:00+00:00,76.44999694824219,76.71499633789062,76.2750015258789,76.69999694824219,524.0
2026-04-10 15:15:00+00:00,76.70500183105469,76.8499984741211,76.58000183105469,76.58000183105469,530.0
2026-04-10 15:30:00+00:00,76.61000061035156,76.69000244140625,76.1050033569336,76.2699966430664,877.0
2026-04-10 15:45:00+00:00,76.29000091552734,76.36499786376953,75.9800033569336,76.0999984741211,1206.0
2026-04-10 16:00:00+00:00,76.1050033569336,76.29000091552734,75.8499984741211,76.25499725341797,638.0
2026-04-10 16:15:00+00:00,76.23999786376953,76.29000091552734,76.07499694824219,76.19000244140625,405.0
2026-04-10 16:30:00+00:00,76.16000366210938,76.33499908447266,76.0999984741211,76.13999938964844,337.0
2026-04-10 16:45:00+00:00,76.13999938964844,76.4000015258789,76.12000274658203,76.36000061035156,409.0
2026-04-10 17:00:00+00:00,76.37000274658203,76.43000030517578,76.20999908447266,76.36499786376953,1123.0
2026-04-10 17:15:00+00:00,76.38999938964844,76.55999755859375,76.3550033569336,76.4000015258789,3438.0
2026-04-10 17:30:00+00:00,76.37000274658203,76.5250015258789,76.32499694824219,76.40499877929688,543.0
2026-04-10 17:45:00+00:00,76.38999938964844,76.44999694824219,76.33999633789062,76.3550033569336,805.0
2026-04-10 18:00:00+00:00,76.36000061035156,76.40499877929688,76.125,76.38500213623047,676.0
2026-04-10 18:15:00+00:00,76.41500091552734,76.59500122070312,76.41500091552734,76.55500030517578,349.0
2026-04-10 18:30:00+00:00,76.54499816894531,76.66000366210938,76.5,76.5250015258789,281.0
2026-04-10 18:45:00+00:00,76.5250015258789,76.55500030517578,76.36499786376953,76.53500366210938,253.0
2026-04-10 19:00:00+00:00,76.54499816894531,76.58499908447266,76.4800033569336,76.51000213623047,168.0
2026-04-10 19:15:00+00:00,76.51499938964844,76.6449966430664,76.51000213623047,76.56999969482422,162.0
2026-04-10 19:30:00+00:00,76.55500030517578,76.62999725341797,76.48500061035156,76.55999755859375,166.0
2026-04-10 19:45:00+00:00,76.54000091552734,76.58000183105469,76.43000030517578,76.54499816894531,247.0
2026-04-10 20:00:00+00:00,76.5199966430664,76.54499816894531,76.4000015258789,76.51000213623047,137.0
2026-04-10 20:15:00+00:00,76.48999786376953,76.48999786376953,76.20500183105469,76.2699966430664,180.0
2026-04-10 20:30:00+00:00,76.26000213623047,76.41000366210938,76.25,76.4000015258789,116.0
2026-04-10 20:45:00+00:00,76.37999725341797,76.3949966430664,75.94999694824219,76.0250015258789,423.0
2026-04-12 22:00:00+00:00,73.7699966430664,73.7699966430664,73.22000122070312,73.36000061035156,538.0
2026-04-12 22:15:00+00:00,73.31999969482422,73.63999938964844,72.54499816894531,72.91999816894531,1378.0
2026-04-12 22:30:00+00:00,72.98999786376953,73.41999816894531,72.91000366210938,73.3949966430664,450.0
2026-04-12 22:45:00+00:00,73.375,73.57499694824219,73.37000274658203,73.54499816894531,227.0
2026-04-12 23:00:00+00:00,73.51000213623047,73.51000213623047,73.32499694824219,73.3499984741211,193.0
2026-04-12 23:15:00+00:00,73.37000274658203,73.38999938964844,72.8499984741211,73.32499694824219,524.0
2026-04-12 23:30:00+00:00,73.31999969482422,73.51000213623047,73.21499633789062,73.37000274658203,162.0
2026-04-12 23:45:00+00:00,73.3949966430664,73.95500183105469,73.36000061035156,73.81999969482422,352.0
2026-04-13 00:00:00+00:00,73.83999633789062,74.04499816894531,73.72000122070312,74.01499938964844,232.0
2026-04-13 00:15:00+00:00,74.03500366210938,74.07499694824219,73.7699966430664,73.86499786376953,172.0
2026-04-13 00:30:00+00:00,73.875,74.06999969482422,73.81999969482422,73.92500305175781,134.0
2026-04-13 00:45:00+00:00,73.98500061035156,74.5999984741211,73.98500061035156,74.5250015258789,493.0
2026-04-13 01:00:00+00:00,74.55000305175781,74.80000305175781,74.36499786376953,74.5999984741211,1034.0
2026-04-13 01:15:00+00:00,74.55999755859375,74.61499786376953,74.3949966430664,74.48500061035156,439.0
2026-04-13 01:30:00+00:00,74.44999694824219,74.6050033569336,74.33999633789062,74.43000030517578,279.0
2026-04-13 01:45:00+00:00,74.37999725341797,74.54000091552734,74.25,74.43000030517578,197.0
2026-04-13 02:00:00+00:00,74.41999816894531,74.56500244140625,74.33000183105469,74.40499877929688,101.0
2026-04-13 02:15:00+00:00,74.38500213623047,74.3949966430664,74.24500274658203,74.30500030517578,84.0
2026-04-13 02:30:00+00:00,74.30000305175781,74.57499694824219,74.30000305175781,74.36499786376953,201.0
2026-04-13 02:45:00+00:00,74.33000183105469,74.41999816894531,74.04499816894531,74.36499786376953,209.0
2026-04-13 03:00:00+00:00,74.41999816894531,74.46499633789062,74.13999938964844,74.13999938964844,220.0
2026-04-13 03:15:00+00:00,74.1500015258789,74.3949966430664,74.1500015258789,74.33999633789062,65.0
2026-04-13 03:30:00+00:00,74.31500244140625,74.58999633789062,74.31500244140625,74.55500030517578,76.0
2026-04-13 03:45:00+00:00,74.51499938964844,74.54000091552734,74.37999725341797,74.4749984741211,52.0
2026-04-13 04:00:00+00:00,74.51499938964844,74.51499938964844,74.2249984741211,74.375,78.0
2026-04-13 04:15:00+00:00,74.38999938964844,74.43499755859375,74.2750015258789,74.38500213623047,51.0
2026-04-13 04:30:00+00:00,74.36499786376953,74.49500274658203,74.2750015258789,74.49500274658203,69.0
2026-04-13 04:45:00+00:00,74.4800033569336,74.56999969482422,74.37999725341797,74.5199966430664,51.0
2026-04-13 05:00:00+00:00,74.58000183105469,74.58000183105469,74.41000366210938,74.43499755859375,50.0
2026-04-13 05:15:00+00:00,74.44999694824219,74.47000122070312,74.4000015258789,74.47000122070312,34.0
2026-04-13 05:30:00+00:00,74.45500183105469,74.6500015258789,74.28500366210938,74.51499938964844,147.0
2026-04-13 05:45:00+00:00,74.55000305175781,74.75499725341797,74.5250015258789,74.75499725341797,159.0
2026-04-13 06:00:00+00:00,74.79000091552734,74.81999969482422,74.45999908447266,74.49500274658203,393.0
2026-04-13 06:15:00+00:00,74.48500061035156,74.62999725341797,74.48500061035156,74.62999725341797,138.0
2026-04-13 06:30:00+00:00,74.6050033569336,74.66999816894531,74.44999694824219,74.56999969482422,152.0
2026-04-13 06:45:00+00:00,74.54000091552734,74.5999984741211,74.44999694824219,74.52999877929688,77.0
2026-04-13 07:00:00+00:00,74.54000091552734,74.875,74.43000030517578,74.5,386.0
2026-04-13 07:15:00+00:00,74.51499938964844,74.73500061035156,74.46499633789062,74.625,181.0
2026-04-13 07:30:00+00:00,74.6500015258789,74.75499725341797,74.59500122070312,74.74500274658203,96.0
2026-04-13 07:45:00+00:00,74.76000213623047,74.93000030517578,74.73999786376953,74.84500122070312,181.0
2026-04-13 08:00:00+00:00,74.86000061035156,75.0199966430664,74.77999877929688,74.79000091552734,167.0
2026-04-13 08:15:00+00:00,74.76000213623047,74.80000305175781,74.71499633789062,74.76000213623047,86.0
2026-04-13 08:30:00+00:00,74.74500274658203,74.8499984741211,74.48500061035156,74.48500061035156,106.0
2026-04-13 08:45:00+00:00,74.4749984741211,74.6500015258789,74.45999908447266,74.50499725341797,145.0
2026-04-13 09:00:00+00:00,74.51000213623047,74.6500015258789,74.37000274658203,74.38500213623047,169.0
2026-04-13 09:15:00+00:00,74.40499877929688,74.48999786376953,74.36499786376953,74.375,68.0
2026-04-13 09:30:00+00:00,74.3949966430664,74.48999786376953,74.32499694824219,74.41500091552734,157.0
2026-04-13 09:45:00+00:00,74.47000122070312,74.51499938964844,74.37000274658203,74.46499633789062,86.0
2026-04-13 10:00:00+00:00,74.46499633789062,74.5199966430664,74.38999938964844,74.48999786376953,68.0
2026-04-13 10:15:00+00:00,74.46499633789062,74.46499633789062,74.22000122070312,74.30999755859375,144.0
2026-04-13 10:30:00+00:00,74.3550033569336,74.47000122070312,74.30500030517578,74.45999908447266,123.0
2026-04-13 10:45:00+00:00,74.44499969482422,74.49500274658203,74.4000015258789,74.48999786376953,79.0
2026-04-13 11:00:00+00:00,74.5,74.62999725341797,74.25499725341797,74.33999633789062,341.0
2026-04-13 11:15:00+00:00,74.33000183105469,74.33999633789062,74.18499755859375,74.25,113.0
2026-04-13 11:30:00+00:00,74.26000213623047,74.3550033569336,74.0999984741211,74.19999694824219,295.0
2026-04-13 11:45:00+00:00,74.23999786376953,74.27999877929688,74.06999969482422,74.12999725341797,164.0
2026-04-13 12:00:00+00:00,74.125,74.37999725341797,74.07499694824219,74.34500122070312,226.0
2026-04-13 12:15:00+00:00,74.3550033569336,74.40499877929688,73.94000244140625,73.9749984741211,401.0
2026-04-13 12:30:00+00:00,73.99500274658203,74.04499816894531,73.7249984741211,73.80999755859375,660.0
2026-04-13 12:45:00+00:00,73.81500244140625,74.16000366210938,73.81500244140625,73.98500061035156,523.0
2026-04-13 13:00:00+00:00,73.9800033569336,74.2249984741211,73.86000061035156,74.11499786376953,705.0
2026-04-13 13:15:00+00:00,74.12000274658203,74.30000305175781,74.0199966430664,74.28500366210938,578.0
2026-04-13 13:30:00+00:00,74.30500030517578,74.37000274658203,73.9800033569336,74.08499908447266,963.0
2026-04-13 13:45:00+00:00,74.0999984741211,74.55999755859375,73.6500015258789,74.375,1645.0
2026-04-13 14:00:00+00:00,74.30999755859375,74.42500305175781,74.1500015258789,74.41999816894531,702.0
2026-04-13 14:15:00+00:00,74.41500091552734,74.41999816894531,73.94999694824219,74.11000061035156,880.0
2026-04-13 14:30:00+00:00,74.1050033569336,74.37999725341797,74.0,74.375,707.0
2026-04-13 14:45:00+00:00,74.36499786376953,74.38999938964844,73.86000061035156,74.16999816894531,781.0
2026-04-13 15:00:00+00:00,74.16999816894531,74.19000244140625,73.78500366210938,74.0,514.0
2026-04-13 15:15:00+00:00,74.01000213623047,74.12000274658203,73.93499755859375,73.95500183105469,554.0
2026-04-13 15:30:00+00:00,73.91999816894531,74.2750015258789,73.87999725341797,74.15499877929688,405.0
2026-04-13 15:45:00+00:00,74.15499877929688,74.25,74.11000061035156,74.16500091552734,213.0
2026-04-13 16:00:00+00:00,74.16999816894531,74.45999908447266,74.08999633789062,74.34500122070312,975.0
2026-04-13 16:15:00+00:00,74.36499786376953,75.27999877929688,74.3550033569336,75.18499755859375,1818.0
2026-04-13 16:30:00+00:00,75.19000244140625,76.0,75.1500015258789,75.79499816894531,2070.0
2026-04-13 16:45:00+00:00,75.7750015258789,75.79499816894531,75.33999633789062,75.47000122070312,871.0
2026-04-13 17:00:00+00:00,75.47000122070312,75.59500122070312,75.2750015258789,75.4749984741211,1060.0
2026-04-13 17:15:00+00:00,75.47000122070312,75.76000213623047,75.46499633789062,75.55500030517578,3075.0
2026-04-13 17:30:00+00:00,75.53500366210938,75.625,75.43499755859375,75.55500030517578,502.0
2026-04-13 17:45:00+00:00,75.5199966430664,75.59500122070312,75.31999969482422,75.33000183105469,368.0
2026-04-13 18:00:00+00:00,75.33499908447266,75.4800033569336,75.15499877929688,75.16999816894531,483.0
2026-04-13 18:15:00+00:00,75.17500305175781,75.25,75.04499816894531,75.19000244140625,510.0
2026-04-13 18:30:00+00:00,75.16999816894531,75.45500183105469,75.16999816894531,75.41000366210938,367.0
2026-04-13 18:45:00+00:00,75.41500091552734,75.73999786376953,75.41500091552734,75.6449966430664,353.0
2026-04-13 19:00:00+00:00,75.6449966430664,75.6500015258789,75.45500183105469,75.55500030517578,295.0
2026-04-13 19:15:00+00:00,75.55000305175781,75.7249984741211,75.54499816894531,75.66999816894531,131.0
2026-04-13 19:30:00+00:00,75.67500305175781,75.79499816894531,75.55999755859375,75.5999984741211,119.0
2026-04-13 19:45:00+00:00,75.58999633789062,75.74500274658203,75.5250015258789,75.61000061035156,370.0
2026-04-13 20:00:00+00:00,75.61000061035156,75.68499755859375,75.58000183105469,75.6449966430664,187.0
2026-04-13 20:15:00+00:00,75.65499877929688,75.69000244140625,75.59500122070312,75.61499786376953,113.0
2026-04-13 20:30:00+00:00,75.61000061035156,75.69999694824219,75.5999984741211,75.66500091552734,81.0
2026-04-13 20:45:00+00:00,75.68499755859375,75.78500366210938,75.66999816894531,75.73999786376953,138.0
2026-04-13 22:00:00+00:00,75.65499877929688,76.0,75.65499877929688,75.88500213623047,80.0
2026-04-13 22:15:00+00:00,75.91000366210938,75.98999786376953,75.82499694824219,75.86000061035156,95.0
2026-04-13 22:30:00+00:00,75.84500122070312,75.8949966430664,75.79499816894531,75.8949966430664,46.0
2026-04-13 22:45:00+00:00,75.9000015258789,76.04499816894531,75.83499908447266,76.0199966430664,144.0
2026-04-13 23:00:00+00:00,76.06999969482422,76.18499755859375,76.0,76.08999633789062,250.0
2026-04-13 23:15:00+00:00,76.08000183105469,76.11000061035156,75.93499755859375,75.94499969482422,85.0
2026-04-13 23:30:00+00:00,75.95500183105469,76.05500030517578,75.86499786376953,76.04000091552734,106.0
2026-04-13 23:45:00+00:00,76.04000091552734,76.04000091552734,75.91000366210938,75.93499755859375,37.0
2026-04-14 00:00:00+00:00,75.91500091552734,75.91500091552734,75.6050033569336,75.8499984741211,446.0
2026-04-14 00:15:00+00:00,75.8499984741211,76.22000122070312,75.8499984741211,76.0999984741211,270.0
2026-04-14 00:30:00+00:00,76.08499908447266,76.3550033569336,76.08499908447266,76.17500305175781,313.0
2026-04-14 00:45:00+00:00,76.16500091552734,76.20999908447266,76.08000183105469,76.16500091552734,105.0
2026-04-14 01:00:00+00:00,76.15499877929688,76.53500366210938,75.94499969482422,76.53500366210938,741.0
2026-04-14 01:15:00+00:00,76.51000213623047,76.5250015258789,76.16000366210938,76.23999786376953,303.0
2026-04-14 01:30:00+00:00,76.19000244140625,76.34500122070312,76.06999969482422,76.29000091552734,116.0
2026-04-14 01:45:00+00:00,76.26499938964844,76.27999877929688,75.9000015258789,75.9800033569336,201.0
2026-04-14 02:00:00+00:00,76.01000213623047,76.18499755859375,75.94999694824219,76.13500213623047,87.0
2026-04-14 02:15:00+00:00,76.18499755859375,76.37999725341797,76.18499755859375,76.375,115.0
2026-04-14 02:30:00+00:00,76.36000061035156,76.63500213623047,76.16500091552734,76.61000061035156,485.0
2026-04-14 02:45:00+00:00,76.62999725341797,76.88500213623047,76.59500122070312,76.81999969482422,491.0
2026-04-14 03:00:00+00:00,76.81500244140625,76.86499786376953,76.69000244140625,76.86000061035156,230.0
2026-04-14 03:15:00+00:00,76.86000061035156,76.88500213623047,76.74500274658203,76.78500366210938,169.0
2026-04-14 03:30:00+00:00,76.7699966430664,76.93000030517578,76.72000122070312,76.90499877929688,86.0
2026-04-14 03:45:00+00:00,76.87000274658203,77.16000366210938,76.87000274658203,77.06999969482422,249.0
2026-04-14 04:00:00+00:00,77.01000213623047,77.06999969482422,76.95999908447266,76.9749984741211,41.0
2026-04-14 04:15:00+00:00,76.98999786376953,77.16000366210938,76.98999786376953,77.0999984741211,88.0
2026-04-14 04:30:00+00:00,77.1050033569336,77.16999816894531,77.02999877929688,77.15499877929688,45.0
2026-04-14 04:45:00+00:00,77.15499877929688,77.2699966430664,77.12000274658203,77.23500061035156,110.0
2026-04-14 05:00:00+00:00,77.2300033569336,77.25,77.00499725341797,77.05000305175781,152.0
2026-04-14 05:15:00+00:00,77.08499908447266,77.27999877929688,77.0,77.04000091552734,208.0
2026-04-14 05:30:00+00:00,77.04499816894531,77.05000305175781,76.57499694824219,76.71499633789062,502.0
2026-04-14 05:45:00+00:00,76.70999908447266,76.84500122070312,76.67500305175781,76.75,133.0
2026-04-14 06:00:00+00:00,76.81999969482422,77.05000305175781,76.81999969482422,76.98999786376953,319.0
2026-04-14 06:15:00+00:00,76.96499633789062,77.06999969482422,76.93499755859375,76.99500274658203,293.0
2026-04-14 06:30:00+00:00,76.98500061035156,77.0,76.83000183105469,77.0,248.0
2026-04-14 06:45:00+00:00,77.00499725341797,77.68000030517578,77.00499725341797,77.66999816894531,741.0
2026-04-14 07:00:00+00:00,77.66999816894531,78.12000274658203,77.5999984741211,77.91000366210938,1104.0
2026-04-14 07:15:00+00:00,77.93000030517578,77.94499969482422,77.54499816894531,77.62999725341797,460.0
2026-04-14 07:30:00+00:00,77.63999938964844,77.81500244140625,77.57499694824219,77.75,300.0
2026-04-14 07:45:00+00:00,77.7699966430664,77.94499969482422,77.73999786376953,77.90499877929688,309.0
2026-04-14 08:00:00+00:00,77.86000061035156,77.87999725341797,77.72000122070312,77.83000183105469,280.0
2026-04-14 08:15:00+00:00,77.81500244140625,78.05000305175781,77.72000122070312,78.02999877929688,270.0
2026-04-14 08:30:00+00:00,78.0250015258789,78.19000244140625,77.94999694824219,78.01499938964844,470.0
2026-04-14 08:45:00+00:00,77.99500274658203,78.23999786376953,77.99500274658203,78.2300033569336,279.0
2026-04-14 09:00:00+00:00,78.24500274658203,78.28500366210938,78.0,78.05999755859375,144.0
2026-04-14 09:15:00+00:00,78.09500122070312,78.13999938964844,77.9000015258789,77.92500305175781,119.0
2026-04-14 09:30:00+00:00,77.90499877929688,77.99500274658203,77.76000213623047,77.94000244140625,226.0
2026-04-14 09:45:00+00:00,77.94499969482422,78.00499725341797,77.83999633789062,77.8949966430664,113.0
2026-04-14 10:00:00+00:00,77.88500213623047,77.95999908447266,77.81999969482422,77.90499877929688,171.0
2026-04-14 10:15:00+00:00,77.94000244140625,78.04000091552734,77.82499694824219,77.88999938964844,183.0
2026-04-14 10:30:00+00:00,77.81999969482422,77.88999938964844,77.44499969482422,77.65499877929688,569.0
2026-04-14 10:45:00+00:00,77.68499755859375,77.80000305175781,77.61499786376953,77.61499786376953,123.0
2026-04-14 11:00:00+00:00,77.62000274658203,77.65499877929688,77.41999816894531,77.57499694824219,584.0
2026-04-14 11:15:00+00:00,77.57499694824219,77.77999877929688,77.57499694824219,77.71499633789062,447.0
2026-04-14 11:30:00+00:00,77.67500305175781,77.73999786376953,77.51000213623047,77.6500015258789,196.0
2026-04-14 11:45:00+00:00,77.66999816894531,77.86000061035156,77.51499938964844,77.7249984741211,370.0
2026-04-14 12:00:00+00:00,77.7249984741211,77.94000244140625,77.5999984741211,77.62000274658203,466.0
2026-04-14 12:15:00+00:00,77.5999984741211,77.69999694824219,77.30999755859375,77.56999969482422,603.0
2026-04-14 12:30:00+00:00,77.56500244140625,77.8949966430664,77.56500244140625,77.68000030517578,807.0
2026-04-14 12:45:00+00:00,77.69499969482422,77.75,77.3949966430664,77.67500305175781,578.0
2026-04-14 13:00:00+00:00,77.66000366210938,78.01000213623047,77.62999725341797,77.99500274658203,765.0
2026-04-14 13:15:00+00:00,78.01499938964844,78.2699966430664,77.9000015258789,77.9000015258789,1184.0
2026-04-14 13:30:00+00:00,77.90499877929688,78.57499694824219,77.8499984741211,78.21499633789062,2075.0
2026-04-14 13:45:00+00:00,78.19499969482422,78.55000305175781,78.1449966430664,78.51499938964844,1122.0
2026-04-14 14:00:00+00:00,78.51499938964844,79.0999984741211,78.49500274658203,78.94499969482422,2101.0
2026-04-14 14:15:00+00:00,78.95500183105469,79.25499725341797,78.875,79.2300033569336,1397.0
2026-04-14 14:30:00+00:00,79.24500274658203,79.53500366210938,79.125,79.125,1979.0
2026-04-14 14:45:00+00:00,79.12999725341797,79.4000015258789,79.05000305175781,79.26000213623047,892.0
2026-04-14 15:00:00+00:00,79.25499725341797,79.25499725341797,78.73999786376953,78.81999969482422,1234.0
2026-04-14 15:15:00+00:00,78.81999969482422,79.19999694824219,78.80000305175781,79.11499786376953,957.0
2026-04-14 15:30:00+00:00,79.13500213623047,79.45500183105469,79.13500213623047,79.4000015258789,719.0
2026-04-14 15:45:00+00:00,79.44000244140625,79.49500274658203,79.27999877929688,79.29499816894531,683.0
2026-04-14 16:00:00+00:00,79.29000091552734,79.68000030517578,79.2300033569336,79.43000030517578,1291.0
2026-04-14 16:15:00+00:00,79.43499755859375,79.68000030517578,79.37999725341797,79.625,746.0
2026-04-14 16:30:00+00:00,79.63999938964844,79.70500183105469,79.44999694824219,79.57499694824219,680.0
2026-04-14 16:45:00+00:00,79.58000183105469,79.62000274658203,79.17500305175781,79.20999908447266,924.0
2026-04-14 17:00:00+00:00,79.20999908447266,79.50499725341797,79.16000366210938,79.33499908447266,1694.0
2026-04-14 17:15:00+00:00,79.32499694824219,79.6449966430664,79.26499938964844,79.51499938964844,4035.0
2026-04-14 17:30:00+00:00,79.52999877929688,79.80000305175781,79.52999877929688,79.67500305175781,1089.0
2026-04-14 17:45:00+00:00,79.67500305175781,79.70500183105469,79.44999694824219,79.49500274658203,451.0
2026-04-14 18:00:00+00:00,79.50499725341797,79.50499725341797,79.31999969482422,79.38500213623047,790.0
2026-04-14 18:15:00+00:00,79.37000274658203,79.38500213623047,79.1050033569336,79.32499694824219,622.0
2026-04-14 18:30:00+00:00,79.34500122070312,79.4749984741211,79.24500274658203,79.2699966430664,446.0
2026-04-14 18:45:00+00:00,79.2699966430664,79.43499755859375,79.2249984741211,79.40499877929688,230.0
2026-04-14 19:00:00+00:00,79.41500091552734,79.5999984741211,79.41000366210938,79.42500305175781,483.0
2026-04-14 19:15:00+00:00,79.43499755859375,79.54499816894531,79.34500122070312,79.48999786376953,469.0
2026-04-14 19:30:00+00:00,79.49500274658203,79.68499755859375,79.47000122070312,79.61000061035156,432.0
2026-04-14 19:45:00+00:00,79.61000061035156,79.70500183105469,79.52999877929688,79.66000366210938,349.0
2026-04-14 20:00:00+00:00,79.66000366210938,79.7699966430664,79.66000366210938,79.72000122070312,212.0
2026-04-14 20:15:00+00:00,79.7249984741211,79.7750015258789,79.66000366210938,79.66000366210938,191.0
2026-04-14 20:30:00+00:00,79.66500091552734,79.77999877929688,79.66500091552734,79.77999877929688,82.0
2026-04-14 20:45:00+00:00,79.77999877929688,79.79000091552734,79.625,79.625,116.0
2026-04-14 22:00:00+00:00,79.70500183105469,79.81500244140625,79.44499969482422,79.68000030517578,113.0
2026-04-14 22:15:00+00:00,79.70999908447266,79.71499633789062,79.5,79.52999877929688,81.0
2026-04-14 22:30:00+00:00,79.5250015258789,79.61000061035156,79.48500061035156,79.56999969482422,53.0
2026-04-14 22:45:00+00:00,79.56999969482422,79.56999969482422,79.3949966430664,79.44999694824219,177.0
2026-04-14 23:00:00+00:00,79.43499755859375,79.66999816894531,79.43000030517578,79.5250015258789,58.0
2026-04-14 23:15:00+00:00,79.5,79.62000274658203,79.45500183105469,79.57499694824219,211.0
2026-04-14 23:30:00+00:00,79.58000183105469,79.8499984741211,79.54000091552734,79.7750015258789,214.0
2026-04-14 23:45:00+00:00,79.81999969482422,79.8550033569336,79.5999984741211,79.63500213623047,194.0
2026-04-15 00:00:00+00:00,79.62999725341797,79.65499877929688,79.42500305175781,79.55999755859375,131.0
2026-04-15 00:15:00+00:00,79.55000305175781,79.69999694824219,79.5199966430664,79.69999694824219,106.0
2026-04-15 00:30:00+00:00,79.66000366210938,79.69999694824219,79.5199966430664,79.6050033569336,72.0
2026-04-15 00:45:00+00:00,79.6050033569336,79.83499908447266,79.58999633789062,79.80000305175781,140.0
2026-04-15 01:00:00+00:00,79.81500244140625,80.3499984741211,79.51000213623047,80.26499938964844,1040.0
2026-04-15 01:15:00+00:00,80.30500030517578,80.87999725341797,80.19000244140625,80.6500015258789,1309.0
2026-04-15 01:30:00+00:00,80.63500213623047,80.69999694824219,80.31500244140625,80.41999816894531,365.0
2026-04-15 01:45:00+00:00,80.45500183105469,80.69499969482422,80.37000274658203,80.6449966430664,269.0
2026-04-15 02:00:00+00:00,80.61000061035156,81.15499877929688,80.54499816894531,80.86499786376953,580.0
2026-04-15 02:15:00+00:00,80.83000183105469,80.8550033569336,80.41999816894531,80.47000122070312,310.0
2026-04-15 02:30:00+00:00,80.48999786376953,80.55999755859375,80.05500030517578,80.42500305175781,1170.0
2026-04-15 02:45:00+00:00,80.3949966430664,80.5,79.91000366210938,79.95500183105469,545.0
2026-04-15 03:00:00+00:00,79.98999786376953,80.25,79.80999755859375,80.13500213623047,236.0
2026-04-15 03:15:00+00:00,80.13999938964844,80.26000213623047,79.94000244140625,80.05500030517578,117.0
2026-04-15 03:30:00+00:00,80.07499694824219,80.26000213623047,80.06999969482422,80.18499755859375,118.0
2026-04-15 03:45:00+00:00,80.20999908447266,80.20999908447266,79.92500305175781,79.92500305175781,112.0
2026-04-15 04:00:00+00:00,79.93000030517578,80.05999755859375,79.8550033569336,80.05999755859375,133.0
2026-04-15 04:15:00+00:00,80.05500030517578,80.05500030517578,79.8499984741211,79.91999816894531,89.0
2026-04-15 04:30:00+00:00,79.93000030517578,79.95999908447266,79.78500366210938,79.81500244140625,85.0
2026-04-15 04:45:00+00:00,79.77999877929688,79.92500305175781,79.76000213623047,79.92500305175781,158.0
2026-04-15 05:00:00+00:00,79.8949966430664,80.04499816894531,79.7750015258789,79.94499969482422,202.0
2026-04-15 05:15:00+00:00,79.94999694824219,80.0199966430664,79.75499725341797,79.76499938964844,176.0
2026-04-15 05:30:00+00:00,79.77999877929688,79.79499816894531,79.0999984741211,79.2249984741211,842.0
2026-04-15 05:45:00+00:00,79.19999694824219,79.56500244140625,79.16000366210938,79.50499725341797,290.0
2026-04-15 06:00:00+00:00,79.52999877929688,79.69999694824219,79.5,79.61499786376953,278.0
2026-04-15 06:15:00+00:00,79.58999633789062,79.61499786376953,79.2750015258789,79.31500244140625,217.0
2026-04-15 06:30:00+00:00,79.32499694824219,79.48999786376953,79.25,79.48999786376953,301.0
2026-04-15 06:45:00+00:00,79.5,79.66500091552734,79.25,79.2750015258789,308.0
2026-04-15 07:00:00+00:00,79.30500030517578,79.44999694824219,79.15499877929688,79.40499877929688,288.0
2026-04-15 07:15:00+00:00,79.3949966430664,79.56500244140625,79.1500015258789,79.44999694824219,337.0
2026-04-15 07:30:00+00:00,79.4000015258789,79.57499694824219,79.2750015258789,79.40499877929688,214.0
2026-04-15 07:45:00+00:00,79.37000274658203,79.37000274658203,79.1500015258789,79.31500244140625,186.0
2026-04-15 08:00:00+00:00,79.31500244140625,79.37999725341797,79.1050033569336,79.2699966430664,210.0
2026-04-15 08:15:00+00:00,79.29000091552734,79.38500213623047,79.15499877929688,79.2750015258789,200.0
2026-04-15 08:30:00+00:00,79.29499816894531,79.33499908447266,79.19499969482422,79.26000213623047,130.0
2026-04-15 08:45:00+00:00,79.20999908447266,79.44499969482422,79.18000030517578,79.41500091552734,187.0
2026-04-15 09:00:00+00:00,79.41500091552734,79.45500183105469,78.67500305175781,78.96499633789062,934.0
2026-04-15 09:15:00+00:00,78.95999908447266,78.95999908447266,78.7249984741211,78.75,348.0
2026-04-15 09:30:00+00:00,78.76499938964844,78.81999969482422,78.67500305175781,78.69000244140625,311.0
2026-04-15 09:45:00+00:00,78.66999816894531,78.75499725341797,78.30500030517578,78.58499908447266,995.0
2026-04-15 10:00:00+00:00,78.58000183105469,78.93000030517578,78.44999694824219,78.90499877929688,286.0
2026-04-15 10:15:00+00:00,78.88500213623047,78.88999938964844,78.52999877929688,78.66500091552734,351.0
2026-04-15 10:30:00+00:00,78.74500274658203,78.74500274658203,78.54000091552734,78.72000122070312,156.0
2026-04-15 10:45:00+00:00,78.7249984741211,78.98500061035156,78.67500305175781,78.87999725341797,444.0
2026-04-15 11:00:00+00:00,78.875,78.96499633789062,78.62999725341797,78.94000244140625,602.0
2026-04-15 11:15:00+00:00,78.92500305175781,78.93000030517578,78.76499938964844,78.82499694824219,205.0
2026-04-15 11:30:00+00:00,78.86000061035156,78.92500305175781,78.76000213623047,78.83499908447266,162.0
2026-04-15 11:45:00+00:00,78.87999725341797,79.22000122070312,78.75,79.19000244140625,797.0
2026-04-15 12:00:00+00:00,79.15499877929688,79.2249984741211,78.86499786376953,78.96499633789062,438.0
2026-04-15 12:15:00+00:00,78.98999786376953,79.11499786376953,78.875,78.94499969482422,330.0
2026-04-15 12:30:00+00:00,78.91500091552734,78.99500274658203,78.66999816894531,78.73999786376953,503.0
2026-04-15 12:45:00+00:00,78.7750015258789,78.82499694824219,78.6500015258789,78.69999694824219,495.0
2026-04-15 13:00:00+00:00,78.72000122070312,79.48500061035156,78.70999908447266,79.43499755859375,1501.0
2026-04-15 13:15:00+00:00,79.43499755859375,79.63500213623047,79.28500366210938,79.58499908447266,693.0
2026-04-15 13:30:00+00:00,79.58999633789062,79.86499786376953,79.33999633789062,79.68000030517578,1228.0
2026-04-15 13:45:00+00:00,79.69999694824219,80.15499877929688,79.6500015258789,80.1500015258789,1139.0
2026-04-15 14:00:00+00:00,80.16000366210938,80.51000213623047,80.1050033569336,80.49500274658203,1583.0
2026-04-15 14:15:00+00:00,80.51499938964844,80.69000244140625,80.30000305175781,80.40499877929688,1207.0
2026-04-15 14:30:00+00:00,80.41000366210938,80.41000366210938,80.01000213623047,80.19499969482422,1099.0
2026-04-15 14:45:00+00:00,80.18499755859375,80.25,80.07499694824219,80.13999938964844,485.0
2026-04-15 15:00:00+00:00,80.1050033569336,80.125,79.57499694824219,79.96499633789062,1279.0
2026-04-15 15:15:00+00:00,79.93499755859375,79.93499755859375,79.19999694824219,79.19999694824219,670.0
2026-04-15 15:30:00+00:00,79.2699966430664,79.66000366210938,78.87999725341797,79.55500030517578,1877.0
2026-04-15 15:45:00+00:00,79.55500030517578,79.68000030517578,79.37000274658203,79.45999908447266,574.0
2026-04-15 16:00:00+00:00,79.44499969482422,79.82499694824219,79.43000030517578,79.75,555.0
2026-04-15 16:15:00+00:00,79.73999786376953,79.79499816894531,79.58999633789062,79.68000030517578,322.0
2026-04-15 16:30:00+00:00,79.68499755859375,79.7249984741211,79.33999633789062,79.38999938964844,587.0
2026-04-15 16:45:00+00:00,79.38999938964844,79.49500274658203,79.2699966430664,79.48500061035156,318.0
2026-04-15 17:00:00+00:00,79.45999908447266,79.45999908447266,79.19000244140625,79.23500061035156,670.0
2026-04-15 17:15:00+00:00,79.24500274658203,79.66500091552734,79.23500061035156,79.55000305175781,1843.0
2026-04-15 17:30:00+00:00,79.55000305175781,79.71499633789062,79.29000091552734,79.36499786376953,416.0
2026-04-15 17:45:00+00:00,79.4000015258789,79.47000122070312,79.22000122070312,79.2249984741211,239.0
2026-04-15 18:00:00+00:00,79.25499725341797,79.47000122070312,79.16000366210938,79.38999938964844,313.0
2026-04-15 18:15:00+00:00,79.42500305175781,79.4749984741211,79.31999969482422,79.36499786376953,117.0
2026-04-15 18:30:00+00:00,79.37999725341797,79.44999694824219,79.28500366210938,79.3499984741211,107.0
2026-04-15 18:45:00+00:00,79.33000183105469,79.55000305175781,79.33000183105469,79.48500061035156,201.0
2026-04-15 19:00:00+00:00,79.45999908447266,79.59500122070312,79.41999816894531,79.41999816894531,132.0
2026-04-15 19:15:00+00:00,79.41999816894531,79.63500213623047,79.38500213623047,79.62999725341797,93.0
2026-04-15 19:30:00+00:00,79.59500122070312,79.63999938964844,79.43000030517578,79.54000091552734,129.0
2026-04-15 19:45:00+00:00,79.52999877929688,79.67500305175781,79.4800033569336,79.52999877929688,145.0
2026-04-15 20:00:00+00:00,79.50499725341797,79.50499725341797,79.25,79.31500244140625,193.0
2026-04-15 20:15:00+00:00,79.31500244140625,79.3550033569336,79.2699966430664,79.30000305175781,150.0
2026-04-15 20:30:00+00:00,79.28500366210938,79.28500366210938,79.16999816894531,79.21499633789062,53.0
2026-04-15 20:45:00+00:00,79.21499633789062,79.26000213623047,79.0,79.11000061035156,241.0
2026-04-15 22:00:00+00:00,79.19499969482422,79.47000122070312,79.1050033569336,79.26000213623047,36.0
2026-04-15 22:15:00+00:00,79.27999877929688,79.41000366210938,79.27999877929688,79.41000366210938,39.0
2026-04-15 22:30:00+00:00,79.3949966430664,79.45500183105469,79.38500213623047,79.41500091552734,437.0
2026-04-15 22:45:00+00:00,79.40499877929688,79.54000091552734,79.40499877929688,79.50499725341797,99.0
2026-04-15 23:00:00+00:00,79.46499633789062,79.55500030517578,79.46499633789062,79.52999877929688,140.0
2026-04-15 23:15:00+00:00,79.55999755859375,79.58000183105469,79.52999877929688,79.56500244140625,53.0
2026-04-15 23:30:00+00:00,79.58000183105469,79.7249984741211,79.56500244140625,79.7249984741211,142.0
2026-04-15 23:45:00+00:00,79.69999694824219,79.75,79.62999725341797,79.6500015258789,51.0
2026-04-16 00:00:00+00:00,79.6500015258789,80.09500122070312,79.6500015258789,80.05500030517578,597.0
2026-04-16 00:15:00+00:00,80.05500030517578,80.16999816894531,79.92500305175781,79.9749984741211,249.0
2026-04-16 00:30:00+00:00,79.98500061035156,80.34500122070312,79.94999694824219,80.15499877929688,232.0
2026-04-16 00:45:00+00:00,80.12999725341797,80.4749984741211,80.12999725341797,80.30000305175781,315.0
2026-04-16 01:00:00+00:00,80.30000305175781,80.66999816894531,80.19999694824219,80.61000061035156,398.0
2026-04-16 01:15:00+00:00,80.55500030517578,80.69999694824219,80.41500091552734,80.51499938964844,249.0
2026-04-16 01:30:00+00:00,80.50499725341797,80.62000274658203,80.09500122070312,80.30000305175781,229.0
2026-04-16 01:45:00+00:00,80.2699966430664,80.47000122070312,80.2249984741211,80.23999786376953,172.0
2026-04-16 02:00:00+00:00,80.33499908447266,80.48500061035156,80.0999984741211,80.33499908447266,453.0
2026-04-16 02:15:00+00:00,80.31999969482422,80.42500305175781,80.26499938964844,80.33000183105469,106.0
2026-04-16 02:30:00+00:00,80.30000305175781,80.38500213623047,80.06500244140625,80.2699966430664,151.0
2026-04-16 02:45:00+00:00,80.31500244140625,80.55999755859375,80.22000122070312,80.4749984741211,291.0
2026-04-16 03:00:00+00:00,80.47000122070312,80.66500091552734,80.47000122070312,80.66500091552734,222.0
2026-04-16 03:15:00+00:00,80.68000030517578,80.7300033569336,80.54499816894531,80.58499908447266,166.0
2026-04-16 03:30:00+00:00,80.62000274658203,80.73500061035156,80.41500091552734,80.45999908447266,161.0
2026-04-16 03:45:00+00:00,80.45999908447266,80.625,80.43000030517578,80.61000061035156,55.0
2026-04-16 04:00:00+00:00,80.48999786376953,80.61000061035156,80.44000244140625,80.57499694824219,49.0
2026-04-16 04:15:00+00:00,80.625,80.70500183105469,80.56999969482422,80.58499908447266,86.0
2026-04-16 04:30:00+00:00,80.57499694824219,80.77999877929688,80.57499694824219,80.70999908447266,125.0
2026-04-16 04:45:00+00:00,80.71499633789062,80.82499694824219,80.67500305175781,80.82499694824219,129.0
2026-04-16 05:00:00+00:00,80.83999633789062,80.94000244140625,80.80500030517578,80.81500244140625,138.0
2026-04-16 05:15:00+00:00,80.83000183105469,80.92500305175781,80.80999755859375,80.90499877929688,92.0
2026-04-16 05:30:00+00:00,80.91999816894531,81.03500366210938,80.47000122070312,80.49500274658203,378.0
2026-04-16 05:45:00+00:00,80.51000213623047,80.68000030517578,80.48999786376953,80.55500030517578,147.0
2026-04-16 06:00:00+00:00,80.58999633789062,80.76499938964844,80.5250015258789,80.63500213623047,247.0
2026-04-16 06:15:00+00:00,80.6449966430664,80.6449966430664,80.41999816894531,80.48999786376953,164.0
2026-04-16 06:30:00+00:00,80.44000244140625,80.5199966430664,80.33499908447266,80.44999694824219,206.0
2026-04-16 06:45:00+00:00,80.44999694824219,80.63500213623047,80.41500091552734,80.4749984741211,164.0
2026-04-16 07:00:00+00:00,80.46499633789062,80.58999633789062,80.26499938964844,80.30000305175781,194.0
2026-04-16 07:15:00+00:00,80.28500366210938,80.44999694824219,80.16999816894531,80.42500305175781,170.0
2026-04-16 07:30:00+00:00,80.41999816894531,80.45999908447266,80.28500366210938,80.41999816894531,168.0
2026-04-16 07:45:00+00:00,80.37999725341797,80.3949966430664,80.13999938964844,80.23500061035156,178.0
2026-04-16 08:00:00+00:00,80.25499725341797,80.2699966430664,79.68499755859375,79.93499755859375,502.0
2026-04-16 08:15:00+00:00,80.0250015258789,80.02999877929688,79.7699966430664,79.86499786376953,259.0
2026-04-16 08:30:00+00:00,79.84500122070312,79.94000244140625,79.76000213623047,79.88500213623047,261.0
2026-04-16 08:45:00+00:00,79.88500213623047,79.94000244140625,79.76000213623047,79.87000274658203,191.0
2026-04-16 09:00:00+00:00,79.86499786376953,79.98999786376953,79.81999969482422,79.81999969482422,158.0
2026-04-16 09:15:00+00:00,79.83000183105469,79.8550033569336,79.6449966430664,79.7249984741211,231.0
2026-04-16 09:30:00+00:00,79.73999786376953,79.81500244140625,79.55500030517578,79.76499938964844,442.0
2026-04-16 09:45:00+00:00,79.7249984741211,79.76499938964844,79.63999938964844,79.68499755859375,103.0
2026-04-16 10:00:00+00:00,79.69999694824219,79.74500274658203,79.58999633789062,79.59500122070312,104.0
2026-04-16 10:15:00+00:00,79.57499694824219,79.74500274658203,79.51499938964844,79.6500015258789,142.0
2026-04-16 10:30:00+00:00,79.6500015258789,79.82499694824219,79.6449966430664,79.69999694824219,169.0
2026-04-16 10:45:00+00:00,79.69000244140625,79.98500061035156,79.56999969482422,79.94000244140625,249.0
2026-04-16 11:00:00+00:00,79.94499969482422,79.95999908447266,79.76499938964844,79.9000015258789,434.0
2026-04-16 11:15:00+00:00,79.88999938964844,79.94000244140625,79.68499755859375,79.7300033569336,194.0
2026-04-16 11:30:00+00:00,79.7249984741211,79.84500122070312,79.62000274658203,79.65499877929688,262.0
2026-04-16 11:45:00+00:00,79.66500091552734,79.86000061035156,79.58499908447266,79.83499908447266,218.0
2026-04-16 12:00:00+00:00,79.83999633789062,79.87999725341797,79.54499816894531,79.66999816894531,410.0
2026-04-16 12:15:00+00:00,79.67500305175781,79.68499755859375,79.29000091552734,79.33499908447266,503.0
2026-04-16 12:30:00+00:00,79.32499694824219,79.51000213623047,79.11000061035156,79.21499633789062,883.0
2026-04-16 12:45:00+00:00,79.20999908447266,79.44000244140625,79.16999816894531,79.37999725341797,710.0
2026-04-16 13:00:00+00:00,79.37999725341797,79.83999633789062,79.37999725341797,79.5,1173.0
2026-04-16 13:15:00+00:00,79.51499938964844,79.71499633789062,79.50499725341797,79.59500122070312,539.0
2026-04-16 13:30:00+00:00,79.58000183105469,79.91999816894531,79.5,79.62000274658203,1063.0
2026-04-16 13:45:00+00:00,79.62999725341797,79.73999786376953,78.3499984741211,78.7750015258789,2725.0
2026-04-16 14:00:00+00:00,78.76000213623047,79.04000091552734,78.16000366210938,78.94000244140625,2177.0
2026-04-16 14:15:00+00:00,78.94499969482422,79.0,78.51499938964844,78.83499908447266,971.0
2026-04-16 14:30:00+00:00,78.88500213623047,78.88999938964844,78.18000030517578,78.61499786376953,920.0
2026-04-16 14:45:00+00:00,78.5999984741211,78.76499938964844,78.5,78.63999938964844,509.0
2026-04-16 15:00:00+00:00,78.63999938964844,79.2750015258789,78.62000274658203,79.06999969482422,1121.0
2026-04-16 15:15:00+00:00,79.06999969482422,79.16000366210938,78.74500274658203,78.78500366210938,846.0
2026-04-16 15:30:00+00:00,78.76499938964844,79.01000213623047,78.6050033569336,78.83999633789062,700.0
2026-04-16 15:45:00+00:00,78.83999633789062,79.08499908447266,78.77999877929688,79.01499938964844,389.0
2026-04-16 16:00:00+00:00,79.00499725341797,79.12000274658203,78.94000244140625,78.9749984741211,293.0
2026-04-16 16:15:00+00:00,78.98999786376953,79.04499816894531,78.77999877929688,78.82499694824219,708.0
2026-04-16 16:30:00+00:00,78.81999969482422,78.86499786376953,78.40499877929688,78.65499877929688,727.0
2026-04-16 16:45:00+00:00,78.625,78.74500274658203,78.55000305175781,78.69499969482422,299.0
2026-04-16 17:00:00+00:00,78.69499969482422,78.82499694824219,78.5999984741211,78.62999725341797,530.0
2026-04-16 17:15:00+00:00,78.62999725341797,78.77999877929688,78.44999694824219,78.44999694824219,949.0
2026-04-16 17:30:00+00:00,78.45500183105469,78.5,78.2750015258789,78.43499755859375,453.0
2026-04-16 17:45:00+00:00,78.43499755859375,78.46499633789062,78.2699966430664,78.41000366210938,237.0
2026-04-16 18:00:00+00:00,78.40499877929688,78.625,78.36499786376953,78.51000213623047,306.0
2026-04-16 18:15:00+00:00,78.5,78.58999633789062,78.42500305175781,78.44999694824219,198.0
2026-04-16 18:30:00+00:00,78.47000122070312,78.6500015258789,78.47000122070312,78.625,231.0
2026-04-16 18:45:00+00:00,78.62000274658203,78.67500305175781,78.5199966430664,78.55999755859375,123.0
2026-04-16 19:00:00+00:00,78.58499908447266,78.79000091552734,78.58499908447266,78.67500305175781,220.0
2026-04-16 19:15:00+00:00,78.7249984741211,78.80000305175781,78.6500015258789,78.66000366210938,719.0
2026-04-16 19:30:00+00:00,78.66000366210938,78.83000183105469,78.66000366210938,78.80999755859375,155.0
2026-04-16 19:45:00+00:00,78.83000183105469,78.86000061035156,78.68499755859375,78.79000091552734,290.0
2026-04-16 20:00:00+00:00,78.7699966430664,78.7699966430664,78.58999633789062,78.59500122070312,105.0
2026-04-16 20:15:00+00:00,78.6050033569336,78.63500213623047,78.50499725341797,78.5250015258789,60.0
2026-04-16 20:30:00+00:00,78.51000213623047,78.57499694824219,78.47000122070312,78.53500366210938,55.0
2026-04-16 20:45:00+00:00,78.56999969482422,78.58499908447266,78.43499755859375,78.45999908447266,169.0
2026-04-16 22:00:00+00:00,78.66500091552734,78.91999816894531,78.4000015258789,78.86000061035156,108.0
2026-04-16 22:15:00+00:00,78.88999938964844,78.8949966430664,78.7750015258789,78.83999633789062,163.0
2026-04-16 22:30:00+00:00,78.81999969482422,78.9000015258789,78.75499725341797,78.8949966430664,102.0
2026-04-16 22:45:00+00:00,78.88500213623047,78.93000030517578,78.86000061035156,78.88500213623047,33.0
2026-04-16 23:00:00+00:00,78.8550033569336,78.88500213623047,78.80000305175781,78.80000305175781,46.0
2026-04-16 23:15:00+00:00,78.82499694824219,78.91999816894531,78.82499694824219,78.84500122070312,53.0
2026-04-16 23:30:00+00:00,78.83000183105469,78.91999816894531,78.7750015258789,78.8949966430664,38.0
2026-04-16 23:45:00+00:00,78.9000015258789,78.91999816894531,78.7699966430664,78.77999877929688,71.0
2026-04-17 00:00:00+00:00,78.75499725341797,78.77999877929688,78.52999877929688,78.66000366210938,99.0
2026-04-17 00:15:00+00:00,78.63999938964844,78.76499938964844,78.62000274658203,78.75499725341797,49.0
2026-04-17 00:30:00+00:00,78.75499725341797,78.9000015258789,78.75499725341797,78.875,119.0
2026-04-17 00:45:00+00:00,78.8949966430664,78.9749984741211,78.80000305175781,78.80999755859375,44.0
2026-04-17 01:00:00+00:00,78.80500030517578,78.86499786376953,77.7699966430664,78.20999908447266,784.0
2026-04-17 01:15:00+00:00,78.19499969482422,78.45500183105469,77.80000305175781,77.94499969482422,519.0
2026-04-17 01:30:00+00:00,77.96499633789062,78.29000091552734,77.88500213623047,78.29000091552734,317.0
2026-04-17 01:45:00+00:00,78.28500366210938,78.57499694824219,78.22000122070312,78.52999877929688,186.0
2026-04-17 02:00:00+00:00,78.5250015258789,78.63500213623047,78.38999938964844,78.48500061035156,115.0
2026-04-17 02:15:00+00:00,78.50499725341797,78.51000213623047,78.37000274658203,78.37000274658203,121.0
2026-04-17 02:30:00+00:00,78.38500213623047,78.69499969482422,78.375,78.5999984741211,170.0
2026-04-17 02:45:00+00:00,78.55999755859375,78.69999694824219,78.4000015258789,78.40499877929688,148.0
2026-04-17 03:00:00+00:00,78.44999694824219,79.1449966430664,78.44999694824219,79.06999969482422,561.0
2026-04-17 03:15:00+00:00,79.07499694824219,79.33499908447266,78.99500274658203,79.01000213623047,276.0
2026-04-17 03:30:00+00:00,79.0,79.02999877929688,78.78500366210938,78.92500305175781,143.0
2026-04-17 03:45:00+00:00,78.93499755859375,79.04499816894531,78.93499755859375,78.98999786376953,43.0
2026-04-17 04:00:00+00:00,78.91500091552734,79.06999969482422,78.9000015258789,79.06999969482422,83.0
2026-04-17 04:15:00+00:00,79.03500366210938,79.08000183105469,79.0,79.05500030517578,57.0
2026-04-17 04:30:00+00:00,79.05500030517578,79.29499816894531,79.04499816894531,79.27999877929688,151.0
2026-04-17 04:45:00+00:00,79.27999877929688,79.30000305175781,79.12000274658203,79.17500305175781,156.0
2026-04-17 05:00:00+00:00,79.15499877929688,79.19999694824219,79.0199966430664,79.16500091552734,96.0
2026-04-17 05:15:00+00:00,79.12999725341797,79.20500183105469,79.08000183105469,79.12000274658203,65.0
2026-04-17 05:30:00+00:00,79.11000061035156,79.20500183105469,78.91000366210938,79.06500244140625,176.0
2026-04-17 05:45:00+00:00,79.08999633789062,79.23999786376953,78.9749984741211,78.9749984741211,204.0
2026-04-17 06:00:00+00:00,78.9800033569336,79.07499694824219,78.7249984741211,78.76499938964844,265.0
2026-04-17 06:15:00+00:00,78.79499816894531,78.83999633789062,78.6500015258789,78.67500305175781,138.0
2026-04-17 06:30:00+00:00,78.65499877929688,78.75,78.55000305175781,78.72000122070312,150.0
2026-04-17 06:45:00+00:00,78.73500061035156,78.7750015258789,78.6500015258789,78.69499969482422,101.0
2026-04-17 07:00:00+00:00,78.71499633789062,78.86000061035156,78.70999908447266,78.78500366210938,110.0
2026-04-17 07:15:00+00:00,78.76499938964844,78.88999938964844,78.66999816894531,78.875,86.0
2026-04-17 07:30:00+00:00,78.87000274658203,78.9800033569336,78.75499725341797,78.96499633789062,171.0
2026-04-17 07:45:00+00:00,78.95500183105469,79.0,78.83499908447266,78.99500274658203,87.0
2026-04-17 08:00:00+00:00,78.9749984741211,79.1449966430664,78.96499633789062,79.07499694824219,142.0
2026-04-17 08:15:00+00:00,79.06500244140625,79.09500122070312,79.0,79.07499694824219,53.0
2026-04-17 08:30:00+00:00,79.06999969482422,79.5250015258789,79.06999969482422,79.48999786376953,429.0
2026-04-17 08:45:00+00:00,79.48500061035156,79.5999984741211,79.37000274658203,79.5999984741211,198.0
2026-04-17 09:00:00+00:00,79.5999984741211,79.86000061035156,79.58499908447266,79.66999816894531,430.0
2026-04-17 09:15:00+00:00,79.66500091552734,79.88999938964844,79.6500015258789,79.82499694824219,373.0
2026-04-17 09:30:00+00:00,79.80999755859375,79.90499877929688,79.74500274658203,79.79499816894531,215.0
2026-04-17 09:45:00+00:00,79.79000091552734,79.80999755859375,79.68499755859375,79.68499755859375,151.0
2026-04-17 10:00:00+00:00,79.68499755859375,79.71499633789062,79.55000305175781,79.68000030517578,151.0
2026-04-17 10:15:00+00:00,79.6500015258789,79.70999908447266,79.53500366210938,79.56500244140625,161.0
2026-04-17 10:30:00+00:00,79.54000091552734,79.54000091552734,79.33000183105469,79.36000061035156,262.0
2026-04-17 10:45:00+00:00,79.3550033569336,79.47000122070312,79.33000183105469,79.44999694824219,185.0
2026-04-17 11:00:00+00:00,79.44999694824219,79.5199966430664,79.2300033569336,79.2750015258789,477.0
2026-04-17 11:15:00+00:00,79.26000213623047,79.37000274658203,79.19999694824219,79.36499786376953,220.0
2026-04-17 11:30:00+00:00,79.38500213623047,79.55500030517578,79.38500213623047,79.55500030517578,484.0
2026-04-17 11:45:00+00:00,79.56999969482422,79.7750015258789,79.55500030517578,79.75,304.0
2026-04-17 12:00:00+00:00,79.75499725341797,79.98999786376953,79.7300033569336,79.8949966430664,717.0
2026-04-17 12:15:00+00:00,79.88500213623047,80.29000091552734,79.83999633789062,80.2699966430664,1241.0
2026-04-17 12:30:00+00:00,80.2750015258789,80.45500183105469,80.20500183105469,80.37000274658203,1192.0
2026-04-17 12:45:00+00:00,80.34500122070312,81.80000305175781,80.29499816894531,81.73500061035156,3369.0
2026-04-17 13:00:00+00:00,81.76000213623047,82.50499725341797,81.25499725341797,82.19000244140625,3145.0
2026-04-17 13:15:00+00:00,82.1500015258789,82.15499877929688,81.51499938964844,81.79000091552734,2389.0
2026-04-17 13:30:00+00:00,81.82499694824219,82.36000061035156,81.68000030517578,82.18000030517578,2036.0
2026-04-17 13:45:00+00:00,82.13500213623047,82.62000274658203,81.7249984741211,82.5250015258789,2071.0
2026-04-17 14:00:00+00:00,82.55000305175781,82.68499755859375,82.16999816894531,82.20999908447266,1416.0
2026-04-17 14:15:00+00:00,82.26499938964844,82.9000015258789,82.2300033569336,82.70500183105469,1152.0
2026-04-17 14:30:00+00:00,82.68499755859375,83.19499969482422,82.62000274658203,83.12000274658203,1515.0
2026-04-17 14:45:00+00:00,83.12000274658203,83.24500274658203,82.86499786376953,82.86499786376953,1041.0
2026-04-17 15:00:00+00:00,82.88500213623047,83.06500244140625,82.57499694824219,82.7699966430664,1423.0
2026-04-17 15:15:00+00:00,82.7750015258789,82.91500091552734,82.34500122070312,82.36000061035156,1457.0
2026-04-17 15:30:00+00:00,82.375,82.61499786376953,82.16999816894531,82.30000305175781,1006.0
2026-04-17 15:45:00+00:00,82.30500030517578,82.5999984741211,82.2300033569336,82.44000244140625,845.0
2026-04-17 16:00:00+00:00,82.43000030517578,82.75,82.30000305175781,82.5999984741211,730.0
2026-04-17 16:15:00+00:00,82.61000061035156,82.6449966430664,82.37000274658203,82.37000274658203,570.0
2026-04-17 16:30:00+00:00,82.40499877929688,82.62999725341797,82.3949966430664,82.48500061035156,532.0
2026-04-17 16:45:00+00:00,82.4749984741211,82.5250015258789,82.30999755859375,82.37999725341797,474.0
2026-04-17 17:00:00+00:00,82.38500213623047,82.50499725341797,82.0199966430664,82.1500015258789,1112.0
2026-04-17 17:15:00+00:00,82.1500015258789,82.20999908447266,81.5199966430664,81.66999816894531,2637.0
2026-04-17 17:30:00+00:00,81.6449966430664,81.83499908447266,81.53500366210938,81.56999969482422,508.0
2026-04-17 17:45:00+00:00,81.56999969482422,81.96499633789062,81.56999969482422,81.96499633789062,444.0
2026-04-17 18:00:00+00:00,81.97000122070312,82.07499694824219,81.80500030517578,81.83499908447266,321.0
2026-04-17 18:15:00+00:00,81.8499984741211,82.23500061035156,81.83499908447266,81.95500183105469,299.0
2026-04-17 18:30:00+00:00,81.97000122070312,82.06500244140625,81.83999633789062,81.90499877929688,270.0
2026-04-17 18:45:00+00:00,81.93000030517578,81.94499969482422,81.61000061035156,81.66000366210938,284.0
2026-04-17 19:00:00+00:00,81.68499755859375,81.68499755859375,81.42500305175781,81.58000183105469,432.0
2026-04-17 19:15:00+00:00,81.55999755859375,81.6500015258789,81.26499938964844,81.3949966430664,492.0
2026-04-17 19:30:00+00:00,81.3949966430664,81.65499877929688,81.37999725341797,81.57499694824219,270.0
2026-04-17 19:45:00+00:00,81.58999633789062,81.5999984741211,81.37000274658203,81.49500274658203,299.0
2026-04-17 20:00:00+00:00,81.48500061035156,81.5250015258789,81.22000122070312,81.30500030517578,217.0
2026-04-17 20:15:00+00:00,81.30999755859375,81.36499786376953,81.23500061035156,81.2699966430664,143.0
2026-04-17 20:30:00+00:00,81.26499938964844,81.31500244140625,81.125,81.15499877929688,212.0
2026-04-17 20:45:00+00:00,81.13999938964844,81.84200286865234,80.86000061035156,81.84200286865234,340.0
2026-04-19 22:00:00+00:00,79.76499938964844,79.87000274658203,79.51000213623047,79.67500305175781,88.0
2026-04-19 22:15:00+00:00,79.6449966430664,79.83499908447266,79.6449966430664,79.66000366210938,375.0
2026-04-19 22:30:00+00:00,79.70999908447266,79.8550033569336,79.63500213623047,79.68000030517578,223.0
2026-04-19 22:45:00+00:00,79.66500091552734,79.88500213623047,79.6449966430664,79.66999816894531,199.0
2026-04-19 23:00:00+00:00,79.62000274658203,79.74500274658203,79.45999908447266,79.49500274658203,279.0
2026-04-19 23:15:00+00:00,79.48999786376953,79.5250015258789,79.30000305175781,79.375,173.0
2026-04-19 23:30:00+00:00,79.34500122070312,79.4749984741211,78.71499633789062,78.93499755859375,505.0
2026-04-19 23:45:00+00:00,78.94000244140625,79.18000030517578,78.76000213623047,79.08000183105469,386.0
2026-04-20 00:00:00+00:00,79.07499694824219,79.34500122070312,78.7699966430664,79.30000305175781,383.0
2026-04-20 00:15:00+00:00,79.26000213623047,79.55500030517578,79.24500274658203,79.51000213623047,492.0
2026-04-20 00:30:00+00:00,79.51000213623047,79.69000244140625,79.43499755859375,79.54000091552734,205.0
2026-04-20 00:45:00+00:00,79.48500061035156,79.96499633789062,79.3550033569336,79.93499755859375,452.0
2026-04-20 01:00:00+00:00,79.91500091552734,80.31999969482422,79.82499694824219,80.05500030517578,1265.0
2026-04-20 01:15:00+00:00,80.08499908447266,80.21499633789062,79.83499908447266,80.21499633789062,606.0
2026-04-20 01:30:00+00:00,80.13999938964844,80.41500091552734,80.13999938964844,80.38999938964844,720.0
2026-04-20 01:45:00+00:00,80.38500213623047,80.75499725341797,80.33000183105469,80.61000061035156,633.0
2026-04-20 02:00:00+00:00,80.62000274658203,80.7249984741211,80.41000366210938,80.44999694824219,536.0
2026-04-20 02:15:00+00:00,80.44499969482422,80.6500015258789,80.43000030517578,80.53500366210938,474.0
2026-04-20 02:30:00+00:00,80.55000305175781,80.6500015258789,80.375,80.42500305175781,431.0
2026-04-20 02:45:00+00:00,80.4000015258789,80.44999694824219,80.30999755859375,80.30999755859375,53.0
2026-04-20 09:30:00+00:00,81.84200286865234,81.84200286865234,79.25,79.41999816894531,7248.0
2026-04-20 09:45:00+00:00,79.40499877929688,79.49500274658203,79.31500244140625,79.31999969482422,126.0
2026-04-20 10:00:00+00:00,79.31999969482422,79.76499938964844,79.31500244140625,79.61499786376953,378.0
2026-04-20 10:15:00+00:00,79.59500122070312,79.69000244140625,79.51000213623047,79.55000305175781,151.0
2026-04-20 10:30:00+00:00,79.55000305175781,79.58999633789062,79.37999725341797,79.38999938964844,106.0
2026-04-20 10:45:00+00:00,79.375,81.84200286865234,79.30999755859375,79.33999633789062,186.0
2026-04-20 11:00:00+00:00,79.33999633789062,79.41000366210938,79.1449966430664,79.26000213623047,565.0
2026-04-20 11:15:00+00:00,79.26499938964844,79.36499786376953,79.21499633789062,79.33999633789062,212.0
2026-04-20 11:30:00+00:00,79.3550033569336,79.4749984741211,79.27999877929688,79.43000030517578,99.0
2026-04-20 11:45:00+00:00,81.84200286865234,81.84200286865234,79.51499938964844,79.86000061035156,611.0
2026-04-20 12:00:00+00:00,79.87999725341797,79.91999816894531,79.69999694824219,79.84500122070312,494.0
2026-04-20 12:15:00+00:00,79.84500122070312,80.0250015258789,79.5250015258789,79.56500244140625,608.0
2026-04-20 12:30:00+00:00,79.56500244140625,79.70999908447266,79.4800033569336,79.61000061035156,606.0
2026-04-20 12:45:00+00:00,79.6050033569336,79.7300033569336,79.53500366210938,79.69499969482422,415.0
2026-04-20 13:00:00+00:00,79.69499969482422,80.31999969482422,79.6449966430664,80.11499786376953,2081.0
2026-04-20 13:15:00+00:00,80.13999938964844,80.41999816894531,80.05000305175781,80.3949966430664,950.0
2026-04-20 13:30:00+00:00,80.41999816894531,80.5250015258789,80.2249984741211,80.3949966430664,1220.0
2026-04-20 13:45:00+00:00,80.375,80.48500061035156,80.26499938964844,80.32499694824219,844.0
2026-04-20 14:00:00+00:00,80.3550033569336,80.36000061035156,79.8550033569336,80.13999938964844,1160.0
2026-04-20 14:15:00+00:00,80.125,80.44499969482422,79.94499969482422,80.33499908447266,995.0
2026-04-20 14:30:00+00:00,80.33000183105469,80.45500183105469,79.94499969482422,80.16000366210938,696.0
2026-04-20 14:45:00+00:00,80.12999725341797,80.16999816894531,79.45500183105469,79.7699966430664,1262.0
2026-04-20 15:00:00+00:00,79.84500122070312,79.91000366210938,79.53500366210938,79.66500091552734,712.0
2026-04-20 15:15:00+00:00,79.62999725341797,80.0250015258789,79.50499725341797,79.97000122070312,943.0
2026-04-20 15:30:00+00:00,79.97000122070312,80.0,79.75,79.80999755859375,409.0
2026-04-20 15:45:00+00:00,79.76000213623047,79.95999908447266,79.7249984741211,79.91999816894531,309.0
2026-04-20 16:00:00+00:00,79.90499877929688,79.94499969482422,79.73500061035156,79.93499755859375,340.0
2026-04-20 16:15:00+00:00,79.92500305175781,80.03500366210938,79.81500244140625,79.98999786376953,361.0
2026-04-20 16:30:00+00:00,80.01000213623047,80.0250015258789,79.80000305175781,79.91999816894531,468.0
2026-04-20 16:45:00+00:00,79.90499877929688,80.04499816894531,79.8949966430664,79.9749984741211,381.0
2026-04-20 17:00:00+00:00,79.9749984741211,80.12000274658203,79.94000244140625,80.06999969482422,480.0
2026-04-20 17:15:00+00:00,80.07499694824219,80.19000244140625,79.81999969482422,79.86499786376953,1502.0
2026-04-20 17:30:00+00:00,79.84500122070312,79.94999694824219,79.71499633789062,79.83999633789062,892.0
2026-04-20 17:45:00+00:00,79.83999633789062,79.86499786376953,79.66500091552734,79.7300033569336,408.0
2026-04-20 18:00:00+00:00,79.75499725341797,79.96499633789062,79.75499725341797,79.96499633789062,361.0
2026-04-20 18:15:00+00:00,79.97000122070312,80.04000091552734,79.875,79.93499755859375,216.0
2026-04-20 18:30:00+00:00,79.92500305175781,80.05000305175781,79.87000274658203,80.0199966430664,217.0
2026-04-20 18:45:00+00:00,80.0199966430664,80.0999984741211,79.94999694824219,79.96499633789062,144.0
2026-04-20 19:00:00+00:00,80.01000213623047,80.18499755859375,79.9749984741211,80.16500091552734,202.0
2026-04-20 19:15:00+00:00,80.13500213623047,80.13500213623047,79.96499633789062,79.96499633789062,128.0
2026-04-20 19:30:00+00:00,79.95500183105469,79.97000122070312,79.73500061035156,79.81999969482422,276.0
2026-04-20 19:45:00+00:00,79.80500030517578,79.94999694824219,79.80500030517578,79.87999725341797,278.0
2026-04-20 20:00:00+00:00,79.875,79.88999938964844,79.75,79.79499816894531,100.0
2026-04-20 20:15:00+00:00,79.79499816894531,79.8949966430664,79.77999877929688,79.86000061035156,107.0
2026-04-20 20:30:00+00:00,79.8499984741211,79.87000274658203,79.76499938964844,79.8550033569336,152.0
2026-04-20 20:45:00+00:00,79.83999633789062,79.93499755859375,79.80999755859375,79.87000274658203,165.0
2026-04-20 22:00:00+00:00,79.84500122070312,80.19999694824219,79.77999877929688,80.16999816894531,133.0
2026-04-20 22:15:00+00:00,80.1500015258789,80.37999725341797,80.1500015258789,80.18000030517578,315.0
2026-04-20 22:30:00+00:00,80.16500091552734,80.22000122070312,80.07499694824219,80.22000122070312,94.0
2026-04-20 22:45:00+00:00,80.23999786376953,80.24500274658203,80.15499877929688,80.21499633789062,38.0
2026-04-20 23:00:00+00:00,80.19999694824219,80.26499938964844,79.98500061035156,80.08000183105469,136.0
2026-04-20 23:15:00+00:00,80.04000091552734,80.1500015258789,80.01000213623047,80.1500015258789,53.0
2026-04-20 23:30:00+00:00,80.11000061035156,80.11000061035156,80.05000305175781,80.05000305175781,8.0
2026-04-20 23:45:00+00:00,80.01000213623047,80.05000305175781,79.94499969482422,80.0199966430664,68.0
2026-04-21 00:00:00+00:00,79.99500274658203,80.1500015258789,79.95500183105469,80.0199966430664,131.0
2026-04-21 00:15:00+00:00,80.0,80.08499908447266,79.69499969482422,79.70500183105469,183.0
2026-04-21 00:30:00+00:00,79.7249984741211,79.88999938964844,79.57499694824219,79.88999938964844,158.0
2026-04-21 00:45:00+00:00,79.8949966430664,80.0250015258789,79.82499694824219,80.0,157.0
2026-04-21 01:00:00+00:00,80.0,80.06999969482422,79.46499633789062,79.5250015258789,488.0
2026-04-21 01:15:00+00:00,79.50499725341797,79.76499938964844,79.4800033569336,79.76499938964844,233.0
2026-04-21 01:30:00+00:00,79.74500274658203,79.82499694824219,79.25499725341797,79.5,395.0
2026-04-21 01:45:00+00:00,79.4800033569336,79.48999786376953,79.16500091552734,79.48999786376953,245.0
2026-04-21 02:00:00+00:00,79.47000122070312,79.54000091552734,79.4000015258789,79.42500305175781,153.0
2026-04-21 02:15:00+00:00,79.44000244140625,79.5199966430664,79.33999633789062,79.49500274658203,105.0
2026-04-21 02:30:00+00:00,79.48500061035156,79.5199966430664,79.22000122070312,79.41000366210938,219.0
2026-04-21 02:45:00+00:00,79.38500213623047,79.38500213623047,79.07499694824219,79.30999755859375,227.0
2026-04-21 03:00:00+00:00,79.31999969482422,79.32499694824219,78.90499877929688,78.98500061035156,278.0
2026-04-21 03:15:00+00:00,78.9800033569336,79.0199966430664,78.58999633789062,78.93499755859375,680.0
2026-04-21 03:30:00+00:00,78.95999908447266,79.05500030517578,78.83999633789062,78.97000122070312,174.0
2026-04-21 03:45:00+00:00,78.9800033569336,79.04499816894531,78.91999816894531,78.95500183105469,66.0
2026-04-21 04:00:00+00:00,78.9800033569336,79.05500030517578,78.95500183105469,78.98999786376953,76.0
2026-04-21 04:15:00+00:00,78.95500183105469,79.0199966430664,78.91000366210938,78.95999908447266,96.0
2026-04-21 04:30:00+00:00,78.92500305175781,79.00499725341797,78.8550033569336,78.96499633789062,94.0
2026-04-21 04:45:00+00:00,78.97000122070312,78.9800033569336,78.86499786376953,78.94999694824219,81.0
2026-04-21 05:00:00+00:00,78.91999816894531,79.16000366210938,78.88500213623047,79.09500122070312,186.0
2026-04-21 05:15:00+00:00,79.12000274658203,79.16999816894531,79.05500030517578,79.08999633789062,101.0
2026-04-21 05:30:00+00:00,79.08000183105469,79.36499786376953,79.06500244140625,79.34500122070312,175.0
2026-04-21 05:45:00+00:00,79.31500244140625,79.33999633789062,78.9000015258789,78.93000030517578,316.0
2026-04-21 06:00:00+00:00,78.9000015258789,79.04000091552734,78.7300033569336,78.91999816894531,286.0
2026-04-21 06:15:00+00:00,78.88999938964844,78.8949966430664,78.70999908447266,78.7750015258789,159.0
2026-04-21 06:30:00+00:00,80.03800201416016,80.03800201416016,78.875,79.0250015258789,201.0
2026-04-21 06:45:00+00:00,79.0,79.125,78.92500305175781,78.94499969482422,171.0
2026-04-21 07:00:00+00:00,78.92500305175781,79.0199966430664,78.6500015258789,78.94499969482422,297.0
2026-04-21 07:15:00+00:00,78.98999786376953,79.06999969482422,78.95999908447266,79.00499725341797,211.0
2026-04-21 07:30:00+00:00,79.01000213623047,79.20500183105469,78.9749984741211,79.17500305175781,212.0
2026-04-21 07:45:00+00:00,79.1500015258789,79.3949966430664,79.06999969482422,79.08000183105469,264.0
2026-04-21 08:00:00+00:00,79.06999969482422,79.13500213623047,78.56500244140625,78.66000366210938,406.0
2026-04-21 08:15:00+00:00,78.69000244140625,79.07499694824219,78.66500091552734,79.04499816894531,149.0
2026-04-21 08:30:00+00:00,79.04499816894531,79.17500305175781,78.94999694824219,79.15499877929688,107.0
2026-04-21 08:45:00+00:00,79.1500015258789,79.1500015258789,78.91999816894531,78.91999816894531,586.0
2026-04-21 09:00:00+00:00,78.91000366210938,78.94000244140625,78.69999694824219,78.83000183105469,540.0
2026-04-21 09:15:00+00:00,78.80999755859375,78.99500274658203,78.80500030517578,78.88999938964844,100.0
2026-04-21 09:30:00+00:00,78.88999938964844,78.97000122070312,78.88999938964844,78.94999694824219,113.0
2026-04-21 09:45:00+00:00,78.96499633789062,79.06500244140625,78.9000015258789,79.00499725341797,135.0
2026-04-21 10:00:00+00:00,78.98500061035156,79.0999984741211,78.98500061035156,79.01000213623047,79.0
2026-04-21 10:15:00+00:00,79.0250015258789,79.05999755859375,78.93000030517578,78.95500183105469,89.0
2026-04-21 10:30:00+00:00,78.97000122070312,79.0999984741211,78.97000122070312,79.04499816894531,93.0
2026-04-21 10:45:00+00:00,79.04000091552734,79.1449966430664,79.0199966430664,79.08000183105469,54.0
2026-04-21 11:00:00+00:00,79.09500122070312,79.09500122070312,78.625,78.73500061035156,583.0
2026-04-21 11:15:00+00:00,78.7750015258789,78.87000274658203,78.73500061035156,78.8550033569336,109.0
2026-04-21 11:30:00+00:00,78.86499786376953,79.23999786376953,78.86499786376953,79.17500305175781,272.0
2026-04-21 11:45:00+00:00,79.17500305175781,79.36499786376953,79.125,79.26000213623047,351.0
2026-04-21 12:00:00+00:00,79.2699966430664,79.31500244140625,79.1500015258789,79.16000366210938,426.0
2026-04-21 12:15:00+00:00,79.16500091552734,79.16999816894531,78.73999786376953,78.83999633789062,554.0
2026-04-21 12:30:00+00:00,78.84500122070312,79.0250015258789,78.4000015258789,78.61000061035156,1419.0
2026-04-21 12:45:00+00:00,78.63500213623047,78.99500274658203,78.58499908447266,78.83000183105469,1094.0
2026-04-21 13:00:00+00:00,78.83999633789062,78.94000244140625,78.16999816894531,78.22000122070312,1855.0
2026-04-21 13:15:00+00:00,78.2699966430664,78.5199966430664,78.18000030517578,78.50499725341797,1207.0
2026-04-21 13:30:00+00:00,78.4749984741211,79.11000061035156,78.45999908447266,78.91500091552734,1684.0
2026-04-21 13:45:00+00:00,78.9000015258789,79.06999969482422,78.7750015258789,78.80500030517578,748.0
2026-04-21 14:00:00+00:00,78.80500030517578,78.94499969482422,78.68000030517578,78.78500366210938,858.0
2026-04-21 14:15:00+00:00,78.79499816894531,78.80000305175781,78.40499877929688,78.53500366210938,1018.0
2026-04-21 14:30:00+00:00,78.52999877929688,78.57499694824219,77.55000305175781,77.67500305175781,2533.0
2026-04-21 14:45:00+00:00,77.69499969482422,77.75499725341797,76.76499938964844,76.88500213623047,4350.0
2026-04-21 15:00:00+00:00,76.94999694824219,77.2750015258789,76.69999694824219,77.20999908447266,2409.0
2026-04-21 15:15:00+00:00,77.18499755859375,77.45500183105469,76.9800033569336,77.0199966430664,1149.0
2026-04-21 15:30:00+00:00,77.04000091552734,77.08499908447266,76.78500366210938,77.04000091552734,787.0
2026-04-21 15:45:00+00:00,77.03500366210938,77.1500015258789,76.91000366210938,77.00499725341797,731.0
2026-04-21 16:00:00+00:00,77.08000183105469,77.30500030517578,76.7249984741211,76.83499908447266,1068.0
2026-04-21 16:15:00+00:00,76.8499984741211,76.96499633789062,76.37999725341797,76.5,1275.0
2026-04-21 16:30:00+00:00,76.51000213623047,76.83999633789062,76.51000213623047,76.68000030517578,1036.0
2026-04-21 16:45:00+00:00,76.69499969482422,76.79000091552734,76.08499908447266,76.36000061035156,1212.0
2026-04-21 17:00:00+00:00,76.3550033569336,76.56999969482422,76.19499969482422,76.31500244140625,1521.0
2026-04-21 17:15:00+00:00,76.33000183105469,76.61499786376953,76.23500061035156,76.38500213623047,2143.0
2026-04-21 17:30:00+00:00,76.38500213623047,76.98500061035156,76.375,76.90499877929688,1004.0
2026-04-21 17:45:00+00:00,76.88500213623047,76.9000015258789,76.62999725341797,76.78500366210938,307.0
2026-04-21 18:00:00+00:00,76.79000091552734,76.86000061035156,76.56999969482422,76.6500015258789,486.0
2026-04-21 18:15:00+00:00,76.68499755859375,76.68499755859375,76.41000366210938,76.54000091552734,442.0
2026-04-21 18:30:00+00:00,76.54000091552734,76.6500015258789,76.53500366210938,76.58499908447266,308.0
2026-04-21 18:45:00+00:00,76.58000183105469,76.91000366210938,76.44000244140625,76.81999969482422,547.0
2026-04-21 19:00:00+00:00,76.82499694824219,76.95999908447266,76.68499755859375,76.7750015258789,365.0
2026-04-21 19:15:00+00:00,76.79499816894531,77.07499694824219,76.71499633789062,77.07499694824219,747.0
2026-04-21 19:30:00+00:00,77.08000183105469,77.12000274658203,75.53500366210938,75.625,1997.0
2026-04-21 19:45:00+00:00,75.6500015258789,76.0,75.55000305175781,75.74500274658203,1135.0
2026-04-21 20:00:00+00:00,75.73500061035156,76.5199966430664,75.37999725341797,76.23500061035156,1277.0
2026-04-21 20:15:00+00:00,76.32499694824219,76.62999725341797,76.19000244140625,76.5250015258789,582.0
2026-04-21 20:30:00+00:00,76.55500030517578,76.69999694824219,76.55000305175781,76.58000183105469,123.0
2026-04-21 20:45:00+00:00,76.61000061035156,76.83499908447266,76.5250015258789,76.66500091552734,242.0
2026-04-21 22:00:00+00:00,76.83999633789062,77.06999969482422,76.61499786376953,76.88999938964844,114.0
2026-04-21 22:15:00+00:00,76.8949966430664,76.94499969482422,76.82499694824219,76.9000015258789,96.0
2026-04-21 22:30:00+00:00,76.92500305175781,76.94499969482422,76.69499969482422,76.76000213623047,71.0
2026-04-21 22:45:00+00:00,76.76000213623047,76.83999633789062,76.71499633789062,76.76499938964844,74.0
2026-04-21 23:00:00+00:00,76.76000213623047,77.11499786376953,76.76000213623047,77.03500366210938,118.0
2026-04-21 23:15:00+00:00,77.0250015258789,77.32499694824219,77.01499938964844,77.19999694824219,448.0
2026-04-21 23:30:00+00:00,77.19499969482422,77.2249984741211,77.11000061035156,77.18499755859375,66.0
2026-04-21 23:45:00+00:00,77.22000122070312,77.38999938964844,77.22000122070312,77.31500244140625,181.0
2026-04-22 00:00:00+00:00,77.34500122070312,77.52999877929688,77.33000183105469,77.44000244140625,457.0
2026-04-22 00:15:00+00:00,77.4000015258789,77.55500030517578,77.3499984741211,77.55000305175781,288.0
2026-04-22 00:30:00+00:00,77.53500366210938,77.69499969482422,77.44499969482422,77.45999908447266,146.0
2026-04-22 00:45:00+00:00,77.47000122070312,77.51000213623047,77.33999633789062,77.43000030517578,193.0
2026-04-22 01:00:00+00:00,77.43000030517578,77.66999816894531,77.33999633789062,77.44499969482422,345.0
2026-04-22 01:15:00+00:00,77.41000366210938,77.82499694824219,77.41000366210938,77.6449966430664,262.0
2026-04-22 01:30:00+00:00,77.66500091552734,77.8949966430664,77.66500091552734,77.69000244140625,241.0
2026-04-22 01:45:00+00:00,77.65499877929688,77.7249984741211,77.55000305175781,77.56500244140625,475.0
2026-04-22 02:00:00+00:00,77.59500122070312,77.93000030517578,77.52999877929688,77.83999633789062,533.0
2026-04-22 02:15:00+00:00,77.8550033569336,77.92500305175781,77.76499938964844,77.79000091552734,67.0
2026-04-22 02:30:00+00:00,77.83999633789062,77.88500213623047,77.63500213623047,77.68499755859375,217.0
2026-04-22 02:45:00+00:00,77.68499755859375,77.86499786376953,77.68499755859375,77.84500122070312,97.0
2026-04-22 03:00:00+00:00,77.7699966430664,78.1050033569336,77.76000213623047,78.0999984741211,411.0
2026-04-22 03:15:00+00:00,78.06500244140625,78.18499755859375,78.0199966430664,78.16999816894531,328.0
2026-04-22 03:30:00+00:00,78.16500091552734,78.23999786376953,78.00499725341797,78.06999969482422,166.0
2026-04-22 03:45:00+00:00,78.09500122070312,78.12000274658203,77.99500274658203,78.08499908447266,46.0
2026-04-22 04:00:00+00:00,78.0199966430664,78.08499908447266,77.93499755859375,78.0,134.0
2026-04-22 04:15:00+00:00,77.94499969482422,77.9800033569336,77.9000015258789,77.93000030517578,96.0
2026-04-22 04:30:00+00:00,77.93000030517578,77.94999694824219,77.83999633789062,77.86499786376953,122.0
2026-04-22 04:45:00+00:00,77.8499984741211,77.99500274658203,77.80500030517578,77.97000122070312,173.0
2026-04-22 05:00:00+00:00,77.95500183105469,78.12000274658203,77.91999816894531,78.08499908447266,138.0
2026-04-22 05:15:00+00:00,78.08000183105469,78.6050033569336,78.08000183105469,78.37999725341797,650.0
2026-04-22 05:30:00+00:00,78.37999725341797,78.62999725341797,78.2750015258789,78.54499816894531,364.0
2026-04-22 05:45:00+00:00,78.5199966430664,78.59500122070312,78.43499755859375,78.47000122070312,151.0
2026-04-22 06:00:00+00:00,78.44999694824219,78.45500183105469,78.2249984741211,78.3550033569336,245.0
2026-04-22 06:15:00+00:00,78.37000274658203,78.55500030517578,78.28500366210938,78.55000305175781,187.0
2026-04-22 06:30:00+00:00,78.54499816894531,78.55999755859375,78.41999816894531,78.45999908447266,133.0
2026-04-22 06:45:00+00:00,78.44499969482422,78.55500030517578,78.44499969482422,78.54499816894531,148.0
2026-04-22 07:00:00+00:00,78.52999877929688,78.59500122070312,78.45500183105469,78.4800033569336,117.0
2026-04-22 07:15:00+00:00,78.46499633789062,78.53500366210938,78.33000183105469,78.51000213623047,681.0
2026-04-22 07:30:00+00:00,78.47000122070312,78.4749984741211,78.33999633789062,78.41999816894531,137.0
2026-04-22 07:45:00+00:00,78.44000244140625,78.44499969482422,78.29000091552734,78.30000305175781,217.0
2026-04-22 08:00:00+00:00,78.30500030517578,78.33000183105469,78.1500015258789,78.20999908447266,286.0
2026-04-22 08:15:00+00:00,78.19999694824219,78.23500061035156,78.01499938964844,78.04000091552734,353.0
2026-04-22 08:30:00+00:00,78.04000091552734,78.17500305175781,77.9749984741211,78.07499694824219,495.0
2026-04-22 08:45:00+00:00,78.08999633789062,78.16000366210938,77.9800033569336,78.15499877929688,153.0
2026-04-22 09:00:00+00:00,78.13500213623047,78.30000305175781,78.11000061035156,78.20999908447266,304.0
2026-04-22 09:15:00+00:00,78.23500061035156,78.26499938964844,78.125,78.125,204.0
2026-04-22 09:30:00+00:00,78.0999984741211,78.19999694824219,78.01000213623047,78.11000061035156,180.0
2026-04-22 09:45:00+00:00,78.12000274658203,78.12000274658203,77.87999725341797,77.94000244140625,244.0
2026-04-22 10:00:00+00:00,77.9800033569336,78.0250015258789,77.69499969482422,77.79000091552734,358.0
2026-04-22 10:15:00+00:00,77.77999877929688,77.95500183105469,77.7699966430664,77.94499969482422,355.0
2026-04-22 10:30:00+00:00,77.97000122070312,78.13500213623047,77.94499969482422,77.9800033569336,227.0
2026-04-22 10:45:00+00:00,77.98500061035156,78.08000183105469,77.94999694824219,78.08000183105469,157.0
2026-04-22 11:00:00+00:00,78.08499908447266,78.1449966430664,78.0,78.04000091552734,200.0
2026-04-22 11:15:00+00:00,78.08499908447266,78.20999908447266,78.04499816894531,78.1449966430664,176.0
2026-04-22 11:30:00+00:00,78.19000244140625,78.24500274658203,77.97000122070312,77.9749984741211,191.0
2026-04-22 11:45:00+00:00,78.0,78.18499755859375,78.0,78.06500244140625,228.0
2026-04-22 12:00:00+00:00,78.08499908447266,78.31999969482422,78.08499908447266,78.16999816894531,593.0
2026-04-22 12:15:00+00:00,78.13500213623047,78.22000122070312,77.95500183105469,77.99500274658203,469.0
2026-04-22 12:30:00+00:00,77.98999786376953,78.0250015258789,77.70500183105469,77.73500061035156,614.0
2026-04-22 12:45:00+00:00,77.7300033569336,77.79000091552734,77.59500122070312,77.72000122070312,590.0
2026-04-22 13:00:00+00:00,77.70999908447266,77.94499969482422,77.56500244140625,77.73999786376953,1078.0
2026-04-22 13:15:00+00:00,77.75,78.02999877929688,77.41999816894531,78.0199966430664,1307.0
2026-04-22 13:30:00+00:00,78.02999877929688,78.125,77.7699966430664,78.125,845.0
2026-04-22 13:45:00+00:00,78.0999984741211,78.33999633789062,78.08499908447266,78.21499633789062,1136.0
2026-04-22 14:00:00+00:00,78.19999694824219,78.38999938964844,78.07499694824219,78.26499938964844,702.0
2026-04-22 14:15:00+00:00,78.26499938964844,78.47000122070312,78.13500213623047,78.13500213623047,811.0
2026-04-22 14:30:00+00:00,78.16000366210938,78.16500091552734,77.74500274658203,77.79000091552734,1004.0
2026-04-22 14:45:00+00:00,77.78500366210938,77.99500274658203,77.74500274658203,77.83000183105469,662.0
2026-04-22 15:00:00+00:00,77.8550033569336,78.18499755859375,77.81999969482422,78.12000274658203,640.0
2026-04-22 15:15:00+00:00,78.1050033569336,78.1050033569336,77.88500213623047,78.0250015258789,504.0
2026-04-22 15:30:00+00:00,78.00499725341797,78.06999969482422,77.70999908447266,77.73999786376953,696.0
2026-04-22 15:45:00+00:00,77.74500274658203,77.94000244140625,77.73999786376953,77.8499984741211,516.0
2026-04-22 16:00:00+00:00,77.86000061035156,78.00499725341797,77.80999755859375,77.96499633789062,355.0
2026-04-22 16:15:00+00:00,77.94499969482422,77.94499969482422,77.78500366210938,77.80999755859375,278.0
2026-04-22 16:30:00+00:00,77.79000091552734,77.875,77.6449966430664,77.76000213623047,507.0
2026-04-22 16:45:00+00:00,77.74500274658203,77.7750015258789,77.58499908447266,77.69499969482422,524.0
2026-04-22 17:00:00+00:00,77.69000244140625,78.08999633789062,77.69000244140625,77.9800033569336,1033.0
2026-04-22 17:15:00+00:00,77.9749984741211,78.06999969482422,77.80999755859375,77.86499786376953,1696.0
2026-04-22 17:30:00+00:00,77.86499786376953,77.9000015258789,77.77999877929688,77.8550033569336,332.0
2026-04-22 17:45:00+00:00,77.87000274658203,77.95999908447266,77.80000305175781,77.91999816894531,159.0
2026-04-22 18:00:00+00:00,77.88500213623047,77.96499633789062,77.8550033569336,77.91000366210938,111.0
2026-04-22 18:15:00+00:00,77.8949966430664,77.9000015258789,77.7249984741211,77.75499725341797,151.0
2026-04-22 18:30:00+00:00,77.75,77.9000015258789,77.72000122070312,77.87999725341797,135.0
2026-04-22 18:45:00+00:00,77.87999725341797,78.03500366210938,77.86000061035156,77.90499877929688,274.0
2026-04-22 19:00:00+00:00,77.83999633789062,77.83999633789062,77.70500183105469,77.70999908447266,121.0
2026-04-22 19:15:00+00:00,77.7300033569336,77.80999755859375,77.66999816894531,77.77999877929688,146.0
2026-04-22 19:30:00+00:00,77.75,77.80500030517578,77.66000366210938,77.7249984741211,103.0
2026-04-22 19:45:00+00:00,77.73500061035156,77.83000183105469,77.66000366210938,77.77999877929688,198.0
2026-04-22 20:00:00+00:00,77.76499938964844,77.80999755859375,77.6500015258789,77.66999816894531,84.0
2026-04-22 20:15:00+00:00,77.6500015258789,77.69999694824219,77.57499694824219,77.6449966430664,98.0
2026-04-22 20:30:00+00:00,77.66500091552734,77.73500061035156,77.625,77.69000244140625,83.0
2026-04-22 20:45:00+00:00,77.69499969482422,77.7699966430664,77.68499755859375,77.68499755859375,89.0
2026-04-22 22:00:00+00:00,77.83999633789062,77.8949966430664,77.55999755859375,77.58000183105469,51.0
2026-04-22 22:15:00+00:00,77.6050033569336,77.69499969482422,77.58499908447266,77.58499908447266,150.0
2026-04-22 22:30:00+00:00,77.58499908447266,77.63999938964844,77.51499938964844,77.55000305175781,26.0
2026-04-22 22:45:00+00:00,77.54499816894531,77.61000061035156,77.41500091552734,77.4800033569336,79.0
2026-04-22 23:00:00+00:00,77.48999786376953,77.58000183105469,77.44999694824219,77.50499725341797,99.0
2026-04-22 23:15:00+00:00,77.51499938964844,77.59500122070312,77.44999694824219,77.48999786376953,81.0
2026-04-22 23:30:00+00:00,77.4749984741211,77.4749984741211,77.38999938964844,77.44999694824219,43.0
2026-04-22 23:45:00+00:00,77.44999694824219,77.55000305175781,77.44499969482422,77.5250015258789,52.0
2026-04-23 00:00:00+00:00,77.53500366210938,77.55500030517578,76.58000183105469,76.58000183105469,751.0
2026-04-23 00:15:00+00:00,76.6050033569336,77.80999755859375,76.375,77.80999755859375,1457.0
2026-04-23 00:30:00+00:00,77.79000091552734,78.33000183105469,77.79000091552734,78.09500122070312,931.0
2026-04-23 00:45:00+00:00,78.06500244140625,78.40499877929688,78.05999755859375,78.20999908447266,269.0
2026-04-23 01:00:00+00:00,78.20500183105469,78.3499984741211,77.93499755859375,77.98500061035156,451.0
2026-04-23 01:15:00+00:00,77.95999908447266,78.0,77.49500274658203,77.5,563.0
2026-04-23 01:30:00+00:00,77.48500061035156,77.73500061035156,77.41500091552734,77.66999816894531,287.0
2026-04-23 01:45:00+00:00,77.69499969482422,77.7699966430664,77.0,77.04000091552734,539.0
2026-04-23 02:00:00+00:00,77.02999877929688,77.03500366210938,76.625,76.74500274658203,597.0
2026-04-23 02:15:00+00:00,76.69999694824219,77.04499816894531,76.6500015258789,76.86499786376953,215.0
2026-04-23 02:30:00+00:00,76.8550033569336,76.92500305175781,76.06500244140625,76.16500091552734,1137.0
2026-04-23 02:45:00+00:00,76.17500305175781,76.29499816894531,75.75,75.7699966430664,919.0
2026-04-23 03:00:00+00:00,75.7699966430664,76.12000274658203,75.65499877929688,75.81999969482422,508.0
2026-04-23 03:15:00+00:00,75.81500244140625,75.95500183105469,75.5999984741211,75.70999908447266,466.0
2026-04-23 03:30:00+00:00,75.75,76.30000305175781,75.74500274658203,76.1449966430664,642.0
2026-04-23 03:45:00+00:00,76.11000061035156,76.18499755859375,75.97000122070312,76.06999969482422,171.0
2026-04-23 04:00:00+00:00,76.06999969482422,76.25,76.01000213623047,76.20500183105469,186.0
2026-04-23 04:15:00+00:00,76.21499633789062,76.22000122070312,76.03500366210938,76.1050033569336,192.0
2026-04-23 04:30:00+00:00,76.08000183105469,76.16000366210938,76.01000213623047,76.01000213623047,111.0
2026-04-23 04:45:00+00:00,75.99500274658203,76.16999816894531,75.92500305175781,76.16000366210938,174.0
2026-04-23 05:00:00+00:00,76.16000366210938,76.30000305175781,76.125,76.20500183105469,260.0
2026-04-23 05:15:00+00:00,76.20999908447266,76.20999908447266,76.00499725341797,76.03500366210938,133.0
2026-04-23 05:30:00+00:00,76.03500366210938,76.08000183105469,75.54000091552734,75.875,671.0
2026-04-23 05:45:00+00:00,75.88999938964844,76.26000213623047,75.87999725341797,76.19999694824219,331.0
2026-04-23 06:00:00+00:00,76.2249984741211,76.26499938964844,75.90499877929688,75.9749984741211,512.0
2026-04-23 06:15:00+00:00,75.9749984741211,76.06500244140625,75.75499725341797,76.01000213623047,856.0
2026-04-23 06:30:00+00:00,76.01499938964844,76.0999984741211,75.90499877929688,76.05999755859375,318.0
2026-04-23 06:45:00+00:00,76.01499938964844,76.2300033569336,76.01499938964844,76.08499908447266,236.0
2026-04-23 07:00:00+00:00,76.08499908447266,76.1050033569336,75.90499877929688,75.96499633789062,411.0
2026-04-23 07:15:00+00:00,75.95500183105469,76.05999755859375,75.7699966430664,75.80000305175781,212.0
2026-04-23 07:30:00+00:00,75.77999877929688,76.05000305175781,75.70999908447266,76.03500366210938,552.0
2026-04-23 07:45:00+00:00,76.08999633789062,76.33499908447266,76.06999969482422,76.16999816894531,409.0
2026-04-23 08:00:00+00:00,76.21499633789062,76.2699966430664,76.05000305175781,76.11499786376953,354.0
2026-04-23 08:15:00+00:00,76.11499786376953,76.16999816894531,75.95999908447266,75.9749984741211,191.0
2026-04-23 08:30:00+00:00,76.0,76.0,75.58499908447266,75.58499908447266,389.0
2026-04-23 08:45:00+00:00,75.59500122070312,75.71499633789062,75.44000244140625,75.61499786376953,542.0
2026-04-23 09:00:00+00:00,75.58499908447266,75.6050033569336,75.07499694824219,75.17500305175781,1054.0
2026-04-23 09:15:00+00:00,75.16500091552734,75.54499816894531,75.1050033569336,75.5,565.0
2026-04-23 09:30:00+00:00,75.49500274658203,75.5999984741211,75.44999694824219,75.51499938964844,285.0
2026-04-23 09:45:00+00:00,75.55500030517578,75.55500030517578,75.30999755859375,75.40499877929688,385.0
2026-04-23 10:00:00+00:00,75.40499877929688,75.4749984741211,74.87000274658203,74.94499969482422,485.0
2026-04-23 10:15:00+00:00,74.95999908447266,75.05000305175781,74.29000091552734,74.29000091552734,1674.0
2026-04-23 10:30:00+00:00,74.30000305175781,74.52999877929688,74.2300033569336,74.47000122070312,1299.0
2026-04-23 10:45:00+00:00,74.46499633789062,74.5999984741211,74.30500030517578,74.58499908447266,598.0
2026-04-23 11:00:00+00:00,74.5999984741211,74.72000122070312,74.48999786376953,74.55000305175781,638.0
2026-04-23 11:15:00+00:00,74.54000091552734,74.79499816894531,74.5250015258789,74.6500015258789,688.0
2026-04-23 11:30:00+00:00,74.67500305175781,75.08000183105469,74.58999633789062,75.07499694824219,746.0
2026-04-23 11:45:00+00:00,75.04000091552734,75.65499877929688,75.04000091552734,75.53500366210938,780.0
2026-04-23 12:00:00+00:00,75.50499725341797,76.375,75.49500274658203,76.26000213623047,1582.0
2026-04-23 12:15:00+00:00,76.25,76.79499816894531,76.21499633789062,76.79499816894531,2001.0
2026-04-23 12:30:00+00:00,76.79499816894531,77.07499694824219,76.76000213623047,76.91500091552734,1704.0
2026-04-23 12:45:00+00:00,76.91000366210938,77.02999877929688,76.66000366210938,76.88999938964844,2117.0
2026-04-23 13:00:00+00:00,76.91000366210938,77.00499725341797,76.30500030517578,76.36499786376953,1995.0
2026-04-23 13:15:00+00:00,76.43000030517578,76.47000122070312,76.00499725341797,76.0250015258789,1451.0
2026-04-23 13:30:00+00:00,76.0250015258789,76.49500274658203,75.77999877929688,76.37000274658203,1827.0
2026-04-23 13:45:00+00:00,76.33499908447266,76.48500061035156,75.94000244140625,75.94000244140625,1098.0
2026-04-23 14:00:00+00:00,75.94999694824219,75.95999908447266,75.5250015258789,75.87000274658203,1377.0
2026-04-23 14:15:00+00:00,75.87999725341797,76.31500244140625,75.87999725341797,76.24500274658203,1100.0
2026-04-23 14:30:00+00:00,76.2300033569336,76.4000015258789,76.0999984741211,76.26499938964844,843.0
2026-04-23 14:45:00+00:00,76.28500366210938,76.37000274658203,76.125,76.21499633789062,494.0
2026-04-23 15:00:00+00:00,76.27999877929688,76.27999877929688,75.99500274658203,76.12999725341797,548.0
2026-04-23 15:15:00+00:00,76.15499877929688,76.51499938964844,76.11000061035156,76.25,836.0
2026-04-23 15:30:00+00:00,76.23500061035156,76.31999969482422,76.04499816894531,76.04499816894531,484.0
2026-04-23 15:45:00+00:00,76.04000091552734,76.11000061035156,75.79000091552734,76.05999755859375,794.0
2026-04-23 16:00:00+00:00,76.04499816894531,76.20500183105469,75.93000030517578,76.11499786376953,475.0
2026-04-23 16:15:00+00:00,76.12999725341797,76.25,76.12999725341797,76.19499969482422,519.0
2026-04-23 16:30:00+00:00,76.17500305175781,76.43000030517578,76.15499877929688,76.40499877929688,614.0
2026-04-23 16:45:00+00:00,76.42500305175781,76.5199966430664,76.31999969482422,76.37000274658203,527.0
2026-04-23 17:00:00+00:00,76.36499786376953,76.41500091552734,75.55999755859375,75.78500366210938,1778.0
2026-04-23 17:15:00+00:00,75.77999877929688,75.83000183105469,75.3499984741211,75.4749984741211,3503.0
2026-04-23 17:30:00+00:00,75.48500061035156,75.70999908447266,74.79000091552734,74.91500091552734,1889.0
2026-04-23 17:45:00+00:00,74.86000061035156,75.69499969482422,74.58499908447266,75.66000366210938,2404.0
2026-04-23 18:00:00+00:00,75.68000030517578,76.08499908447266,75.62000274658203,75.91000366210938,1215.0
2026-04-23 18:15:00+00:00,75.91500091552734,76.08000183105469,75.82499694824219,76.05500030517578,356.0
2026-04-23 18:30:00+00:00,76.06500244140625,76.1500015258789,75.7750015258789,75.8949966430664,312.0
2026-04-23 18:45:00+00:00,75.9000015258789,75.9000015258789,75.51000213623047,75.56500244140625,504.0
2026-04-23 19:00:00+00:00,75.56999969482422,75.7249984741211,75.43000030517578,75.65499877929688,323.0
2026-04-23 19:15:00+00:00,75.66500091552734,75.81500244140625,75.65499877929688,75.7750015258789,302.0
2026-04-23 19:30:00+00:00,75.75499725341797,75.82499694824219,75.41500091552734,75.4749984741211,266.0
2026-04-23 19:45:00+00:00,75.46499633789062,75.68000030517578,75.38999938964844,75.55500030517578,277.0
2026-04-23 20:00:00+00:00,75.54499816894531,75.59500122070312,75.3499984741211,75.3499984741211,120.0
2026-04-23 20:15:00+00:00,75.34500122070312,75.41000366210938,75.23500061035156,75.3949966430664,60.0
2026-04-23 20:30:00+00:00,75.3949966430664,75.45500183105469,75.37000274658203,75.44999694824219,95.0
2026-04-23 20:45:00+00:00,75.44000244140625,75.4749984741211,75.3499984741211,75.45999908447266,127.0
2026-04-23 22:00:00+00:00,75.55500030517578,75.80000305175781,75.4800033569336,75.67500305175781,56.0
2026-04-23 22:15:00+00:00,75.61499786376953,75.6449966430664,75.3550033569336,75.43499755859375,161.0
2026-04-23 22:30:00+00:00,75.45500183105469,75.6500015258789,75.44000244140625,75.45500183105469,92.0
2026-04-23 22:45:00+00:00,75.49500274658203,75.49500274658203,75.31500244140625,75.41500091552734,63.0
2026-04-23 23:00:00+00:00,75.42500305175781,75.48999786376953,75.2750015258789,75.33000183105469,26.0
2026-04-23 23:15:00+00:00,75.31500244140625,75.47000122070312,75.23999786376953,75.47000122070312,54.0
2026-04-23 23:30:00+00:00,75.51000213623047,75.68499755859375,75.48999786376953,75.58999633789062,60.0
2026-04-23 23:45:00+00:00,75.63999938964844,75.69499969482422,75.45500183105469,75.45500183105469,61.0
2026-04-24 00:00:00+00:00,75.58000183105469,75.7249984741211,75.41999816894531,75.53500366210938,91.0
2026-04-24 00:15:00+00:00,75.65499877929688,75.8949966430664,75.54000091552734,75.86499786376953,126.0
2026-04-24 00:30:00+00:00,75.87000274658203,75.94000244140625,75.62000274658203,75.62000274658203,57.0
2026-04-24 00:45:00+00:00,75.6500015258789,75.81500244140625,75.47000122070312,75.7750015258789,157.0
2026-04-24 01:00:00+00:00,75.7750015258789,75.88999938964844,75.30500030517578,75.75,311.0
2026-04-24 01:15:00+00:00,75.75,75.84500122070312,75.36499786376953,75.36499786376953,205.0
2026-04-24 01:30:00+00:00,75.375,75.48999786376953,75.05000305175781,75.11000061035156,411.0
2026-04-24 01:45:00+00:00,75.125,75.62999725341797,75.125,75.59500122070312,199.0
2026-04-24 02:00:00+00:00,75.5999984741211,75.5999984741211,75.23999786376953,75.36499786376953,155.0
2026-04-24 02:15:00+00:00,75.38500213623047,75.42500305175781,75.05000305175781,75.11499786376953,159.0
2026-04-24 02:30:00+00:00,75.12000274658203,75.41000366210938,75.03500366210938,75.2249984741211,206.0
2026-04-24 02:45:00+00:00,75.22000122070312,75.27999877929688,74.8499984741211,74.98999786376953,188.0
2026-04-24 03:00:00+00:00,74.98999786376953,75.11499786376953,74.66500091552734,74.67500305175781,255.0
2026-04-24 03:15:00+00:00,74.72000122070312,74.95500183105469,74.71499633789062,74.86499786376953,81.0
2026-04-24 03:30:00+00:00,74.88999938964844,75.05000305175781,74.7699966430664,74.9000015258789,115.0
2026-04-24 03:45:00+00:00,74.93499755859375,74.97000122070312,74.80500030517578,74.80999755859375,61.0
2026-04-24 04:00:00+00:00,74.7699966430664,74.94499969482422,74.66999816894531,74.86000061035156,92.0
2026-04-24 04:15:00+00:00,74.87000274658203,74.87000274658203,74.6449966430664,74.69499969482422,94.0
2026-04-24 04:30:00+00:00,74.70500183105469,74.83000183105469,74.68499755859375,74.83000183105469,207.0
2026-04-24 04:45:00+00:00,74.8499984741211,75.02999877929688,74.8499984741211,75.02999877929688,54.0
2026-04-24 05:00:00+00:00,75.0199966430664,75.07499694824219,74.80000305175781,74.9000015258789,177.0
2026-04-24 05:15:00+00:00,74.91999816894531,74.98999786376953,74.8499984741211,74.94499969482422,66.0
2026-04-24 05:30:00+00:00,74.94000244140625,75.19000244140625,74.88999938964844,74.91999816894531,211.0
2026-04-24 05:45:00+00:00,74.94000244140625,75.08999633789062,74.86000061035156,75.07499694824219,217.0
2026-04-24 06:00:00+00:00,75.08000183105469,75.0999984741211,74.86499786376953,74.94000244140625,268.0
2026-04-24 06:15:00+00:00,74.9000015258789,74.94000244140625,74.3499984741211,74.43000030517578,760.0
2026-04-24 06:30:00+00:00,74.45500183105469,74.55999755859375,74.23999786376953,74.28500366210938,516.0
2026-04-24 06:45:00+00:00,74.30000305175781,74.34500122070312,73.84500122070312,74.24500274658203,1798.0
2026-04-24 07:00:00+00:00,74.23500061035156,74.65499877929688,74.19000244140625,74.62000274658203,922.0
2026-04-24 07:15:00+00:00,74.625,74.69499969482422,74.52999877929688,74.6050033569336,264.0
2026-04-24 07:30:00+00:00,74.58999633789062,74.65499877929688,74.51000213623047,74.58999633789062,378.0
2026-04-24 07:45:00+00:00,74.58000183105469,74.88500213623047,74.55500030517578,74.87000274658203,426.0
2026-04-24 08:00:00+00:00,74.83999633789062,74.87999725341797,74.51000213623047,74.58499908447266,533.0
2026-04-24 08:15:00+00:00,74.58000183105469,74.94499969482422,74.58000183105469,74.65499877929688,774.0
2026-04-24 08:30:00+00:00,74.62999725341797,74.7249984741211,74.58000183105469,74.68499755859375,310.0
2026-04-24 08:45:00+00:00,74.70999908447266,74.86000061035156,74.70999908447266,74.80000305175781,426.0
2026-04-24 09:00:00+00:00,74.80500030517578,74.93000030517578,74.7750015258789,74.88500213623047,627.0
2026-04-24 09:15:00+00:00,74.87999725341797,74.91999816894531,74.63999938964844,74.77999877929688,411.0
2026-04-24 09:30:00+00:00,74.80000305175781,74.8949966430664,74.69999694824219,74.81999969482422,402.0
2026-04-24 09:45:00+00:00,74.81999969482422,74.83000183105469,74.53500366210938,74.63999938964844,180.0
2026-04-24 10:00:00+00:00,74.62999725341797,74.72000122070312,74.62999725341797,74.66000366210938,137.0
2026-04-24 10:15:00+00:00,74.69999694824219,74.86499786376953,74.66500091552734,74.81999969482422,181.0
2026-04-24 10:30:00+00:00,74.80000305175781,74.875,74.67500305175781,74.83999633789062,178.0
2026-04-24 10:45:00+00:00,74.83499908447266,74.86000061035156,74.75,74.78500366210938,181.0
2026-04-24 11:00:00+00:00,74.79000091552734,75.7249984741211,74.7750015258789,75.55000305175781,1407.0
2026-04-24 11:15:00+00:00,75.56500244140625,76.19499969482422,75.49500274658203,76.18000030517578,1550.0
2026-04-24 11:30:00+00:00,76.17500305175781,76.2300033569336,75.83499908447266,75.8499984741211,690.0
2026-04-24 11:45:00+00:00,75.83000183105469,75.95999908447266,75.76000213623047,75.94000244140625,282.0
2026-04-24 12:00:00+00:00,75.94999694824219,76.125,75.90499877929688,76.06500244140625,763.0
2026-04-24 12:15:00+00:00,76.06999969482422,76.19999694824219,75.94000244140625,76.06500244140625,868.0
2026-04-24 12:30:00+00:00,76.06500244140625,76.08499908447266,75.58499908447266,75.59500122070312,667.0
2026-04-24 12:45:00+00:00,75.57499694824219,75.70999908447266,75.43499755859375,75.55500030517578,955.0
2026-04-24 13:00:00+00:00,75.56999969482422,75.73999786376953,75.19000244140625,75.58499908447266,1549.0
2026-04-24 13:15:00+00:00,75.58999633789062,75.69499969482422,75.2750015258789,75.41500091552734,872.0
2026-04-24 13:30:00+00:00,75.42500305175781,75.6500015258789,75.17500305175781,75.56999969482422,871.0
2026-04-24 13:45:00+00:00,75.58499908447266,76.06500244140625,75.51000213623047,75.74500274658203,1029.0
2026-04-24 14:00:00+00:00,75.7249984741211,76.22000122070312,75.5999984741211,76.01499938964844,1584.0
2026-04-24 14:15:00+00:00,76.0,76.13500213623047,75.78500366210938,75.90499877929688,891.0
2026-04-24 14:30:00+00:00,75.91500091552734,76.13500213623047,75.82499694824219,76.04000091552734,768.0
2026-04-24 14:45:00+00:00,76.04000091552734,76.08000183105469,75.79499816894531,75.86499786376953,646.0
2026-04-24 15:00:00+00:00,75.87000274658203,75.91500091552734,75.6500015258789,75.70999908447266,600.0
2026-04-24 15:15:00+00:00,75.7300033569336,75.87999725341797,75.59500122070312,75.68499755859375,926.0
2026-04-24 15:30:00+00:00,75.67500305175781,76.13500213623047,75.62999725341797,76.07499694824219,943.0
2026-04-24 15:45:00+00:00,76.11499786376953,76.56500244140625,76.08999633789062,76.34500122070312,2090.0
2026-04-24 16:00:00+00:00,76.33499908447266,76.40499877929688,76.06999969482422,76.11499786376953,618.0
2026-04-24 16:15:00+00:00,76.06999969482422,76.2249984741211,76.06500244140625,76.16500091552734,382.0
2026-04-24 16:30:00+00:00,76.19499969482422,76.3499984741211,76.08999633789062,76.19499969482422,494.0
2026-04-24 16:45:00+00:00,76.22000122070312,76.3949966430664,76.13999938964844,76.375,595.0
2026-04-24 17:00:00+00:00,76.36499786376953,76.53500366210938,76.36499786376953,76.4800033569336,702.0
2026-04-24 17:15:00+00:00,76.4749984741211,76.61499786376953,76.24500274658203,76.43499755859375,2592.0
2026-04-24 17:30:00+00:00,76.45999908447266,76.56999969482422,76.33499908447266,76.45999908447266,352.0
2026-04-24 17:45:00+00:00,76.5,76.66500091552734,76.41500091552734,76.48999786376953,393.0
2026-04-24 18:00:00+00:00,76.49500274658203,76.52999877929688,76.36499786376953,76.48999786376953,170.0
2026-04-24 18:15:00+00:00,76.48999786376953,76.49500274658203,76.33000183105469,76.33000183105469,116.0
2026-04-24 18:30:00+00:00,76.32499694824219,76.41500091552734,76.31999969482422,76.36000061035156,93.0
2026-04-24 18:45:00+00:00,76.3550033569336,76.44000244140625,76.29000091552734,76.44000244140625,186.0
2026-04-24 19:00:00+00:00,76.44999694824219,76.52999877929688,76.38500213623047,76.40499877929688,216.0
2026-04-24 19:15:00+00:00,76.41500091552734,76.42500305175781,76.16000366210938,76.17500305175781,586.0
2026-04-24 19:30:00+00:00,76.18499755859375,76.23999786376953,76.01000213623047,76.01499938964844,516.0
2026-04-24 19:45:00+00:00,76.01000213623047,76.05500030517578,75.95500183105469,75.97000122070312,334.0
2026-04-24 20:00:00+00:00,75.94999694824219,75.96499633789062,75.78500366210938,75.81999969482422,221.0
2026-04-24 20:15:00+00:00,75.81999969482422,75.87999725341797,75.78500366210938,75.84500122070312,65.0
2026-04-24 20:30:00+00:00,75.875,75.875,75.75,75.77999877929688,49.0
2026-04-24 20:45:00+00:00,75.75499725341797,76.41400146484375,75.625,76.41400146484375,213.0
2026-04-26 22:00:00+00:00,75.19999694824219,75.2699966430664,74.94999694824219,75.2699966430664,216.0
2026-04-26 22:15:00+00:00,75.2699966430664,75.2699966430664,75.0,75.17500305175781,251.0
2026-04-26 22:30:00+00:00,75.1500015258789,75.18499755859375,74.91000366210938,75.08499908447266,170.0
2026-04-26 22:45:00+00:00,75.08499908447266,75.12999725341797,75.04000091552734,75.125,107.0
2026-04-26 23:00:00+00:00,75.04499816894531,75.08000183105469,74.91500091552734,75.02999877929688,79.0
2026-04-26 23:15:00+00:00,75.01499938964844,75.09500122070312,74.82499694824219,74.82499694824219,78.0
2026-04-26 23:30:00+00:00,74.84500122070312,74.9000015258789,74.69000244140625,74.75499725341797,188.0
2026-04-26 23:45:00+00:00,74.7699966430664,74.8949966430664,74.75499725341797,74.87000274658203,61.0
2026-04-27 00:00:00+00:00,74.88500213623047,75.0250015258789,74.80000305175781,75.0,278.0
2026-04-27 00:15:00+00:00,75.0199966430664,75.12999725341797,74.93499755859375,75.1050033569336,172.0
2026-04-27 00:30:00+00:00,75.125,75.125,74.94000244140625,75.06500244140625,78.0
2026-04-27 00:45:00+00:00,75.08999633789062,75.67500305175781,75.05999755859375,75.63999938964844,380.0
2026-04-27 01:00:00+00:00,75.6449966430664,76.0,75.37999725341797,75.3949966430664,957.0
2026-04-27 01:15:00+00:00,75.42500305175781,75.5999984741211,75.2699966430664,75.47000122070312,390.0
2026-04-27 01:30:00+00:00,75.4800033569336,75.56999969482422,75.28500366210938,75.30000305175781,641.0
2026-04-27 01:45:00+00:00,75.32499694824219,75.6500015258789,75.28500366210938,75.37999725341797,319.0
2026-04-27 02:00:00+00:00,75.41500091552734,75.44999694824219,75.01000213623047,75.125,330.0
2026-04-27 02:15:00+00:00,75.1449966430664,75.40499877929688,75.1449966430664,75.29499816894531,158.0
2026-04-27 02:30:00+00:00,75.29000091552734,75.5999984741211,75.25499725341797,75.53500366210938,157.0
2026-04-27 02:45:00+00:00,75.53500366210938,76.16999816894531,75.51499938964844,75.99500274658203,681.0
2026-04-27 03:00:00+00:00,76.0199966430664,76.12000274658203,75.93000030517578,75.9749984741211,218.0
2026-04-27 03:15:00+00:00,76.00499725341797,76.0250015258789,75.90499877929688,76.0,144.0
2026-04-27 03:30:00+00:00,75.99500274658203,76.55500030517578,75.9800033569336,76.49500274658203,256.0
2026-04-27 03:45:00+00:00,76.51000213623047,76.55500030517578,76.3550033569336,76.36000061035156,156.0
2026-04-27 04:00:00+00:00,76.36499786376953,76.47000122070312,76.36499786376953,76.42500305175781,78.0
2026-04-27 04:15:00+00:00,76.4000015258789,76.44499969482422,76.34500122070312,76.44499969482422,50.0
2026-04-27 04:30:00+00:00,76.4749984741211,76.53500366210938,76.36499786376953,76.45500183105469,150.0
2026-04-27 04:45:00+00:00,76.41500091552734,76.43499755859375,76.32499694824219,76.43499755859375,134.0
2026-04-27 05:00:00+00:00,76.43499755859375,76.43499755859375,76.19499969482422,76.2300033569336,161.0
2026-04-27 05:15:00+00:00,76.19999694824219,76.19999694824219,75.98500061035156,76.08999633789062,237.0
2026-04-27 05:30:00+00:00,76.04499816894531,76.05000305175781,75.625,75.69999694824219,412.0
2026-04-27 05:45:00+00:00,75.69000244140625,75.79499816894531,75.57499694824219,75.6050033569336,685.0
2026-04-27 06:00:00+00:00,75.65499877929688,75.875,75.61000061035156,75.875,283.0
2026-04-27 06:15:00+00:00,75.8550033569336,76.00499725341797,75.75,75.9000015258789,321.0
2026-04-27 06:30:00+00:00,75.90499877929688,75.90499877929688,75.76499938964844,75.83000183105469,85.0
2026-04-27 06:45:00+00:00,75.80999755859375,75.98500061035156,75.78500366210938,75.81999969482422,235.0
2026-04-27 07:00:00+00:00,75.81999969482422,75.97000122070312,75.71499633789062,75.8949966430664,251.0
2026-04-27 07:15:00+00:00,75.87000274658203,75.91999816894531,75.69499969482422,75.83999633789062,279.0
2026-04-27 07:30:00+00:00,75.79000091552734,75.875,75.7300033569336,75.78500366210938,251.0
2026-04-27 07:45:00+00:00,75.80000305175781,75.8949966430664,75.69499969482422,75.69999694824219,867.0
2026-04-27 08:00:00+00:00,75.68499755859375,75.76499938964844,75.5,75.55999755859375,463.0
2026-04-27 08:15:00+00:00,75.56999969482422,75.67500305175781,75.5,75.5199966430664,324.0
2026-04-27 08:30:00+00:00,75.52999877929688,75.6449966430664,75.45999908447266,75.6449966430664,334.0
2026-04-27 08:45:00+00:00,75.6500015258789,75.72000122070312,75.53500366210938,75.55000305175781,515.0
2026-04-27 09:00:00+00:00,75.58000183105469,75.61000061035156,75.41000366210938,75.5,471.0
2026-04-27 09:15:00+00:00,75.49500274658203,75.6500015258789,75.42500305175781,75.625,313.0
2026-04-27 09:30:00+00:00,75.61000061035156,75.69999694824219,75.53500366210938,75.6500015258789,283.0
2026-04-27 09:45:00+00:00,75.63999938964844,75.65499877929688,75.55000305175781,75.63999938964844,95.0
2026-04-27 10:00:00+00:00,75.65499877929688,75.74500274658203,75.58999633789062,75.58999633789062,151.0
2026-04-27 10:15:00+00:00,75.58499908447266,75.73500061035156,75.58000183105469,75.71499633789062,125.0
2026-04-27 10:30:00+00:00,75.70999908447266,75.91000366210938,75.70500183105469,75.83999633789062,316.0
2026-04-27 10:45:00+00:00,75.8499984741211,75.91500091552734,75.83499908447266,75.88500213623047,142.0
2026-04-27 11:00:00+00:00,75.87999725341797,75.8949966430664,75.66000366210938,75.66000366210938,289.0
2026-04-27 11:15:00+00:00,75.66000366210938,75.76499938964844,75.58499908447266,75.75499725341797,234.0
2026-04-27 11:30:00+00:00,75.74500274658203,75.79499816894531,75.4800033569336,75.54499816894531,380.0
2026-04-27 11:45:00+00:00,75.55999755859375,75.6500015258789,75.55999755859375,75.6449966430664,356.0
2026-04-27 12:00:00+00:00,75.66000366210938,75.86000061035156,75.55500030517578,75.8499984741211,474.0
2026-04-27 12:15:00+00:00,75.84500122070312,75.93000030517578,75.57499694824219,75.66000366210938,278.0
2026-04-27 12:30:00+00:00,75.68000030517578,75.69999694824219,75.18499755859375,75.25,821.0
2026-04-27 12:45:00+00:00,75.2249984741211,75.5999984741211,75.19999694824219,75.48999786376953,847.0
2026-04-27 13:00:00+00:00,75.48999786376953,75.56999969482422,75.02999877929688,75.1449966430664,1528.0
2026-04-27 13:15:00+00:00,75.19000244140625,75.50499725341797,75.19000244140625,75.48500061035156,941.0
2026-04-27 13:30:00+00:00,75.46499633789062,75.55500030517578,75.22000122070312,75.27999877929688,993.0
2026-04-27 13:45:00+00:00,75.2750015258789,75.53500366210938,74.95500183105469,75.50499725341797,1134.0
2026-04-27 14:00:00+00:00,75.48500061035156,75.56999969482422,75.20999908447266,75.29000091552734,548.0
2026-04-27 14:15:00+00:00,75.30000305175781,75.36000061035156,75.08999633789062,75.1500015258789,539.0
2026-04-27 14:30:00+00:00,75.11499786376953,75.52999877929688,74.97000122070312,75.25499725341797,829.0
2026-04-27 14:45:00+00:00,75.26499938964844,75.28500366210938,74.81999969482422,74.94000244140625,915.0
2026-04-27 15:00:00+00:00,74.97000122070312,75.04499816894531,74.58999633789062,74.96499633789062,1815.0
2026-04-27 15:15:00+00:00,74.95999908447266,75.19000244140625,74.91000366210938,75.19000244140625,740.0
2026-04-27 15:30:00+00:00,75.18000030517578,75.2750015258789,75.12999725341797,75.18499755859375,498.0
2026-04-27 15:45:00+00:00,75.16999816894531,75.16999816894531,74.87999725341797,74.92500305175781,489.0
2026-04-27 16:00:00+00:00,74.92500305175781,75.01000213623047,74.7750015258789,74.94499969482422,579.0
2026-04-27 16:15:00+00:00,74.95999908447266,75.0999984741211,74.95999908447266,75.06999969482422,233.0
2026-04-27 16:30:00+00:00,75.0999984741211,75.26000213623047,75.06999969482422,75.11000061035156,570.0
2026-04-27 16:45:00+00:00,75.1050033569336,75.19499969482422,75.09500122070312,75.13500213623047,499.0
2026-04-27 17:00:00+00:00,75.1500015258789,75.2300033569336,75.05000305175781,75.12000274658203,546.0
2026-04-27 17:15:00+00:00,75.12999725341797,75.18000030517578,74.9000015258789,74.98500061035156,1720.0
2026-04-27 17:30:00+00:00,74.98500061035156,75.18000030517578,74.93499755859375,75.15499877929688,584.0
2026-04-27 17:45:00+00:00,75.16500091552734,75.31999969482422,75.16000366210938,75.30500030517578,409.0
2026-04-27 18:00:00+00:00,75.2699966430664,75.47000122070312,75.16000366210938,75.41500091552734,465.0
2026-04-27 18:15:00+00:00,75.41500091552734,75.53500366210938,75.3949966430664,75.47000122070312,487.0
2026-04-27 18:30:00+00:00,75.47000122070312,75.67500305175781,75.47000122070312,75.5999984741211,182.0
2026-04-27 18:45:00+00:00,75.54000091552734,75.70500183105469,75.54000091552734,75.62999725341797,159.0
2026-04-27 19:00:00+00:00,75.5999984741211,75.5999984741211,75.41500091552734,75.4800033569336,202.0
2026-04-27 19:15:00+00:00,75.4800033569336,75.56500244140625,75.45999908447266,75.47000122070312,171.0
2026-04-27 19:30:00+00:00,75.45500183105469,75.46499633789062,75.36499786376953,75.44999694824219,254.0
2026-04-27 19:45:00+00:00,75.44000244140625,75.5199966430664,75.3949966430664,75.46499633789062,249.0
2026-04-27 20:00:00+00:00,75.46499633789062,75.5199966430664,75.36499786376953,75.45999908447266,203.0
2026-04-27 20:15:00+00:00,75.4800033569336,75.5,75.3949966430664,75.4000015258789,72.0
2026-04-27 20:30:00+00:00,75.41000366210938,75.43499755859375,75.30500030517578,75.40499877929688,121.0
2026-04-27 20:45:00+00:00,75.41999816894531,75.48999786376953,75.36499786376953,75.45999908447266,308.0
